solid OpenSCAD_Model
  facet normal 0 0 -1
    outer loop
      vertex -20.851558583130146 -6.809654104932039 0
      vertex -21.071653589957993 -6.68865585100403 0
      vertex -21.27484797949738 -6.541026485551579 0
    endloop
  endfacet
  facet normal 0 0 -1
    outer loop
      vertex -20.851558583130146 -6.809654104932039 0
      vertex -21.27484797949738 -6.541026485551579 0
      vertex -21.45793725484282 -6.369094211857377 0
    endloop
  endfacet
  facet normal 0 0 -1
    outer loop
      vertex -20.851558583130146 -6.809654104932039 0
      vertex -21.45793725484282 -6.369094211857377 0
      vertex -20.125581039058627 -6.996053456856544 0
    endloop
  endfacet
  facet normal 0 0 -1
    outer loop
      vertex -21.45793725484282 -6.369094211857377 0
      vertex -21.618033988749893 -6.175570504584947 0
      vertex -21.75261336008773 -5.96350734820343 0
    endloop
  endfacet
  facet normal 0 0 -1
    outer loop
      vertex -21.45793725484282 -6.369094211857377 0
      vertex -21.984229402628955 -5.2506664671286085 0
      vertex -20.125581039058627 -6.996053456856544 0
    endloop
  endfacet
  facet normal 0 0 -1
    outer loop
      vertex -20.851558583130146 -6.809654104932039 0
      vertex -20.125581039058627 -6.996053456856544 0
      vertex -20.618033988749893 -6.902113032590307 0
    endloop
  endfacet
  facet normal 0 0 -1
    outer loop
      vertex -20.618033988749893 -6.902113032590307 0
      vertex -20.125581039058627 -6.996053456856544 0
      vertex -20.37476262917145 -6.964574501457378 0
    endloop
  endfacet
  facet normal 0 0 -1
    outer loop
      vertex -21.45793725484282 -6.369094211857377 0
      vertex -21.75261336008773 -5.96350734820343 0
      vertex -21.859552971776502 -5.736249105369356 0
    endloop
  endfacet
  facet normal 0 0 -1
    outer loop
      vertex -21.45793725484282 -6.369094211857377 0
      vertex -21.859552971776502 -5.736249105369356 0
      vertex -21.984229402628955 -5.2506664671286085 0
    endloop
  endfacet
  facet normal 0 0 -1
    outer loop
      vertex -21.859552971776502 -5.736249105369356 0
      vertex -21.937166322257262 -5.49737977432971 0
      vertex -21.984229402628955 -5.2506664671286085 0
    endloop
  endfacet
  facet normal 0 0 -1
    outer loop
      vertex -20.125581039058627 -6.996053456856544 0
      vertex -16.00430523171858 -3.090933677959249 0
      vertex -15.608989272403605 -3.192433564868238 0
    endloop
  endfacet
  facet normal 0 0 -1
    outer loop
      vertex -20.125581039058627 -6.996053456856544 0
      vertex -15.608989272403605 -3.192433564868238 0
      vertex -15.20406918847027 -3.2435868673918824 0
    endloop
  endfacet
  facet normal 0 0 -1
    outer loop
      vertex -20.125581039058627 -6.996053456856544 0
      vertex -15.20406918847027 -3.2435868673918824 0
      vertex -14.79593081152973 -3.2435868673918824 0
    endloop
  endfacet
  facet normal 0 0 -1
    outer loop
      vertex -20.125581039058627 -6.996053456856544 0
      vertex -17.07162796668324 -2.5041680390213155 0
      vertex -16.74143708368174 -2.7440657578815486 0
    endloop
  endfacet
  facet normal 0 0 -1
    outer loop
      vertex -20.125581039058627 -6.996053456856544 0
      vertex -17.369148039119587 -2.224778094268238 0
      vertex -17.07162796668324 -2.5041680390213155 0
    endloop
  endfacet
  facet normal 0 0 -1
    outer loop
      vertex -20.125581039058627 -6.996053456856544 0
      vertex -17.62930523171858 -1.9103020699505378 0
      vertex -17.369148039119587 -2.224778094268238 0
    endloop
  endfacet
  facet normal 0 0 -1
    outer loop
      vertex -20.125581039058627 -6.996053456856544 0
      vertex -16.74143708368174 -2.7440657578815486 0
      vertex -16.383782697586486 -2.9406879205145637 0
    endloop
  endfacet
  facet normal 0 0 -1
    outer loop
      vertex -20.125581039058627 -6.996053456856544 0
      vertex -16.383782697586486 -2.9406879205145637 0
      vertex -16.00430523171858 -3.090933677959249 0
    endloop
  endfacet
  facet normal 0 0 -1
    outer loop
      vertex -20.125581039058627 -6.996053456856544 0
      vertex -14.79593081152973 -3.2435868673918824 0
      vertex -14.391010727596395 -3.192433564868238 0
    endloop
  endfacet
  facet normal 0 0 -1
    outer loop
      vertex -20.125581039058627 -6.996053456856544 0
      vertex -14.391010727596395 -3.192433564868238 0
      vertex -13.995694768281421 -3.090933677959249 0
    endloop
  endfacet
  facet normal 0 0 -1
    outer loop
      vertex -20.125581039058627 -6.996053456856544 0
      vertex -13.995694768281421 -3.090933677959249 0
      vertex -13.616217302413514 -2.9406879205145637 0
    endloop
  endfacet
  facet normal 0 0 -1
    outer loop
      vertex -20.125581039058627 -6.996053456856544 0
      vertex -13.616217302413514 -2.9406879205145637 0
      vertex -7.613022935152765 -1.7964481111708888 0
    endloop
  endfacet
  facet normal 0 0 -1
    outer loop
      vertex -20.125581039058627 -6.996053456856544 0
      vertex -7.613022935152765 -1.7964481111708888 0
      vertex -7.386977064847235 -1.7964481111708888 0
    endloop
  endfacet
  facet normal 0 0 -1
    outer loop
      vertex -20.125581039058627 -6.996053456856544 0
      vertex -7.386977064847235 -1.7964481111708888 0
      vertex -7.162713633745695 -1.7681170513116395 0
    endloop
  endfacet
  facet normal -0.3681245526846751 -0.9297764858882525 0
    outer loop
      vertex -20.851558583130146 -6.809654104932039 0
      vertex -20.618033988749893 -6.902113032590307 0
      vertex -20.618033988749893 -6.902113032590307 14
    endloop
  endfacet
  facet normal -0.481753674101718 -0.8763066800438621 0
    outer loop
      vertex -20.851558583130146 -6.809654104932039 0
      vertex -21.071653589957993 -6.68865585100403 14
      vertex -21.071653589957993 -6.68865585100403 0
    endloop
  endfacet
  facet normal -0.5877852522924687 -0.8090169943749508 0
    outer loop
      vertex -21.071653589957993 -6.68865585100403 0
      vertex -21.071653589957993 -6.68865585100403 14
      vertex -21.27484797949738 -6.541026485551579 0
    endloop
  endfacet
  facet normal -0.6845471059286958 -0.7289686274214049 0
    outer loop
      vertex -21.45793725484282 -6.369094211857377 0
      vertex -21.27484797949738 -6.541026485551579 0
      vertex -21.27484797949738 -6.541026485551579 14
    endloop
  endfacet
  facet normal -0.7705132427757881 -0.6374239897486912 0
    outer loop
      vertex -21.45793725484282 -6.369094211857377 0
      vertex -21.618033988749893 -6.175570504584947 14
      vertex -21.618033988749893 -6.175570504584947 0
    endloop
  endfacet
  facet normal -0.2486898871648574 -0.9685831611286304 0
    outer loop
      vertex -20.618033988749893 -6.902113032590307 0
      vertex -20.37476262917145 -6.964574501457378 0
      vertex -20.37476262917145 -6.964574501457378 14
    endloop
  endfacet
  facet normal -0.12533323356430467 -0.9921147013144778 0
    outer loop
      vertex -20.37476262917145 -6.964574501457378 0
      vertex -20.125581039058627 -6.996053456856544 0
      vertex -20.37476262917145 -6.964574501457378 14
    endloop
  endfacet
  facet normal -0.8443279255020099 -0.5358267949790049 0
    outer loop
      vertex -21.618033988749893 -6.175570504584947 0
      vertex -21.75261336008773 -5.96350734820343 14
      vertex -21.75261336008773 -5.96350734820343 0
    endloop
  endfacet
  facet normal -0.9048270524660235 -0.42577929156506444 0
    outer loop
      vertex -21.75261336008773 -5.96350734820343 0
      vertex -21.75261336008773 -5.96350734820343 14
      vertex -21.859552971776502 -5.736249105369356 0
    endloop
  endfacet
  facet normal -0.9510565162951523 -0.3090169943749515 0
    outer loop
      vertex -21.859552971776502 -5.736249105369356 0
      vertex -21.937166322257262 -5.49737977432971 14
      vertex -21.937166322257262 -5.49737977432971 0
    endloop
  endfacet
  facet normal -0.982287250728689 -0.18738131458572235 0
    outer loop
      vertex -21.937166322257262 -5.49737977432971 0
      vertex -21.937166322257262 -5.49737977432971 14
      vertex -21.984229402628955 -5.2506664671286085 0
    endloop
  endfacet
  facet normal -0.9980267284282714 -0.06279051952931565 0
    outer loop
      vertex -21.984229402628955 -5.2506664671286085 0
      vertex -22 -5 14
      vertex -22 -5 0
    endloop
  endfacet
  facet normal 0 0 -1
    outer loop
      vertex -20.125581039058627 -6.996053456856544 0
      vertex -21.984229402628955 -5.2506664671286085 0
      vertex -22 5 0
    endloop
  endfacet
  facet normal 0 0 -1
    outer loop
      vertex -21.984229402628955 -5.2506664671286085 0
      vertex -22 -5 0
      vertex -22 5 0
    endloop
  endfacet
  facet normal 0 0 -1
    outer loop
      vertex -20.125581039058627 -6.996053456856544 0
      vertex -18.021773579136816 -1.1964047962252031 0
      vertex -17.847996710142557 -1.5656994408305749 0
    endloop
  endfacet
  facet normal 0 0 -1
    outer loop
      vertex -20.125581039058627 -6.996053456856544 0
      vertex -17.847996710142557 -1.5656994408305749 0
      vertex -17.62930523171858 -1.9103020699505378 0
    endloop
  endfacet
  facet normal 0 0 -1
    outer loop
      vertex -20.125581039058627 -6.996053456856544 0
      vertex -18.147895273668052 -0.8082421332857783 0
      vertex -18.021773579136816 -1.1964047962252031 0
    endloop
  endfacet
  facet normal 0 0 -1
    outer loop
      vertex -20.125581039058627 -6.996053456856544 0
      vertex -18.224372779272052 -0.40733300908398823 0
      vertex -18.147895273668052 -0.8082421332857783 0
    endloop
  endfacet
  facet normal 0 0 -1
    outer loop
      vertex -20.125581039058627 -6.996053456856544 0
      vertex -18.25 0 0
      vertex -18.224372779272052 -0.40733300908398823 0
    endloop
  endfacet
  facet normal 0 0 -1
    outer loop
      vertex -20.125581039058627 -6.996053456856544 0
      vertex -22 5 0
      vertex -18.25 0 0
    endloop
  endfacet
  facet normal 0 0 -1
    outer loop
      vertex -13.616217302413514 -2.9406879205145637 0
      vertex -13.258562916318262 -2.7440657578815495 0
      vertex -7.613022935152765 -1.7964481111708888 0
    endloop
  endfacet
  facet normal 0 0 -1
    outer loop
      vertex -13.258562916318262 -2.7440657578815495 0
      vertex -12.928372033316759 -2.504168039021314 0
      vertex -7.837286366254305 -1.7681170513116395 0
    endloop
  endfacet
  facet normal 0 0 -1
    outer loop
      vertex -12.928372033316759 -2.504168039021314 0
      vertex -12.630851960880412 -2.224778094268238 0
      vertex -8.26640272481713 -1.6286886944388352 0
    endloop
  endfacet
  facet normal 0 0 -1
    outer loop
      vertex -12.630851960880412 -2.224778094268238 0
      vertex -12.370694768281421 -1.9103020699505378 0
      vertex -8.464488230962194 -1.5197902659036269 0
    endloop
  endfacet
  facet normal 0 0 -1
    outer loop
      vertex -12.152003289857443 -1.5656994408305749 0
      vertex -8.812143529358542 -1.2321847906716394 0
      vertex -12.370694768281421 -1.9103020699505378 0
    endloop
  endfacet
  facet normal 0 0 -1
    outer loop
      vertex -11.978226420863184 -1.1964047962252047 0
      vertex -8.956230589874906 -1.0580134541264516 0
      vertex -12.152003289857443 -1.5656994408305749 0
    endloop
  endfacet
  facet normal -1 0 0
    outer loop
      vertex -22 -5 0
      vertex -22 -5 14
      vertex -22 5 0
    endloop
  endfacet
  facet normal 0 -1 0
    outer loop
      vertex -20.125581039058627 -6.996053456856544 0
      vertex -2.369148039119588 -6.996053456856544 4.775221905731762
      vertex -2.629305231718579 -6.996053456856544 5.0896979300494625
    endloop
  endfacet
  facet normal 0 -1 0
    outer loop
      vertex -20.125581039058627 -6.996053456856544 0
      vertex -0.6089892724036057 -6.996053456856544 3.807566435131762
      vertex -1.004305231718579 -6.996053456856544 3.909066322040751
    endloop
  endfacet
  facet normal 0 -1 0
    outer loop
      vertex -20.125581039058627 -6.996053456856544 0
      vertex -1.3837826975864855 -6.996053456856544 4.059312079485436
      vertex -1.7414370836817394 -6.996053456856544 4.255934242118451
    endloop
  endfacet
  facet normal 0 -1 0
    outer loop
      vertex -20.125581039058627 -6.996053456856544 0
      vertex -1.7414370836817394 -6.996053456856544 4.255934242118451
      vertex -2.0716279666832413 -6.996053456856544 4.495831960978684
    endloop
  endfacet
  facet normal 0 -1 0
    outer loop
      vertex -20.125581039058627 -6.996053456856544 0
      vertex -1.004305231718579 -6.996053456856544 3.909066322040751
      vertex -1.3837826975864855 -6.996053456856544 4.059312079485436
    endloop
  endfacet
  facet normal 0 -1 0
    outer loop
      vertex -20.125581039058627 -6.996053456856544 0
      vertex -2.0716279666832413 -6.996053456856544 4.495831960978684
      vertex -2.369148039119588 -6.996053456856544 4.775221905731762
    endloop
  endfacet
  facet normal 0 -1 0
    outer loop
      vertex -20.125581039058627 -6.996053456856544 0
      vertex 20.125581039058627 -6.996053456856544 0
      vertex -0.6089892724036057 -6.996053456856544 3.807566435131762
    endloop
  endfacet
  facet normal 0 -1 0
    outer loop
      vertex -20.125581039058627 -6.996053456856544 0
      vertex -2.629305231718579 -6.996053456856544 5.0896979300494625
      vertex -2.8479967101425565 -6.996053456856544 5.434300559169425
    endloop
  endfacet
  facet normal 0 -1 0
    outer loop
      vertex -20.125581039058627 -6.996053456856544 0
      vertex -2.8479967101425565 -6.996053456856544 5.434300559169425
      vertex -3.021773579136817 -6.996053456856544 5.803595203774797
    endloop
  endfacet
  facet normal 0 -1 0
    outer loop
      vertex -20.125581039058627 -6.996053456856544 0
      vertex -3.021773579136817 -6.996053456856544 5.803595203774797
      vertex -3.147895273668051 -6.996053456856544 6.191757866714221
    endloop
  endfacet
  facet normal 0 -1 0
    outer loop
      vertex -20.125581039058627 -6.996053456856544 0
      vertex -3.147895273668051 -6.996053456856544 6.191757866714221
      vertex -3.224372779272053 -6.996053456856544 6.592666990916012
    endloop
  endfacet
  facet normal 0 -1 0
    outer loop
      vertex -20.125581039058627 -6.996053456856544 0
      vertex -3.224372779272053 -6.996053456856544 6.592666990916012
      vertex -3.25 -6.996053456856544 7
    endloop
  endfacet
  facet normal 0 -1 0
    outer loop
      vertex -20.125581039058627 -6.996053456856544 0
      vertex -3.25 -6.996053456856544 7
      vertex -3.224372779272053 -6.996053456856544 7.407333009083988
    endloop
  endfacet
  facet normal 0 -1 0
    outer loop
      vertex -20.125581039058627 -6.996053456856544 0
      vertex -3.224372779272053 -6.996053456856544 7.407333009083988
      vertex -3.147895273668051 -6.996053456856544 7.808242133285779
    endloop
  endfacet
  facet normal 0 0 -1
    outer loop
      vertex -12.928372033316759 -2.504168039021314 0
      vertex -8.26640272481713 -1.6286886944388352 0
      vertex -8.056230589874906 -1.7119017293312764 0
    endloop
  endfacet
  facet normal 0 0 -1
    outer loop
      vertex -12.630851960880412 -2.224778094268238 0
      vertex -8.464488230962194 -1.5197902659036269 0
      vertex -8.26640272481713 -1.6286886944388352 0
    endloop
  endfacet
  facet normal 0 0 -1
    outer loop
      vertex -7.837286366254305 -1.7681170513116395 0
      vertex -7.613022935152765 -1.7964481111708888 0
      vertex -13.258562916318262 -2.7440657578815495 0
    endloop
  endfacet
  facet normal 0 0 -1
    outer loop
      vertex -8.056230589874906 -1.7119017293312764 0
      vertex -7.837286366254305 -1.7681170513116395 0
      vertex -12.928372033316759 -2.504168039021314 0
    endloop
  endfacet
  facet normal 0 0 -1
    outer loop
      vertex -8.647363181547641 -1.386923836996421 0
      vertex -8.464488230962194 -1.5197902659036269 0
      vertex -12.370694768281421 -1.9103020699505378 0
    endloop
  endfacet
  facet normal 0 0 -1
    outer loop
      vertex -12.370694768281421 -1.9103020699505378 0
      vertex -8.812143529358542 -1.2321847906716394 0
      vertex -8.647363181547641 -1.386923836996421 0
    endloop
  endfacet
  facet normal 0 0 -1
    outer loop
      vertex -11.852104726331948 -0.8082421332857769 0
      vertex -9.077352024078955 -0.8671566133830877 0
      vertex -11.978226420863184 -1.1964047962252047 0
    endloop
  endfacet
  facet normal 0 0 -1
    outer loop
      vertex -8.812143529358542 -1.2321847906716394 0
      vertex -12.152003289857443 -1.5656994408305749 0
      vertex -8.956230589874906 -1.0580134541264516 0
    endloop
  endfacet
  facet normal 0 0 -1
    outer loop
      vertex -8.956230589874906 -1.0580134541264516 0
      vertex -11.978226420863184 -1.1964047962252047 0
      vertex -9.077352024078955 -0.8671566133830877 0
    endloop
  endfacet
  facet normal 0 0 -1
    outer loop
      vertex -11.775627220727948 -0.40733300908398823 0
      vertex -9.243449690031536 -0.4476417968967387 0
      vertex -11.852104726331948 -0.8082421332857769 0
    endloop
  endfacet
  facet normal 0 0 -1
    outer loop
      vertex -11.852104726331948 -0.8082421332857769 0
      vertex -9.173597674598852 -0.6626241948324202 0
      vertex -9.077352024078955 -0.8671566133830877 0
    endloop
  endfacet
  facet normal 0 0 -1
    outer loop
      vertex -9.173597674598852 -0.6626241948324202 0
      vertex -11.852104726331948 -0.8082421332857769 0
      vertex -9.243449690031536 -0.4476417968967387 0
    endloop
  endfacet
  facet normal 0 0 -1
    outer loop
      vertex -9.285806462366061 -0.22559982041574733 0
      vertex -11.775627220727948 -0.40733300908398823 0
      vertex -11.75 0 0
    endloop
  endfacet
  facet normal 0 0 -1
    outer loop
      vertex -9.243449690031536 -0.4476417968967387 0
      vertex -11.775627220727948 -0.40733300908398823 0
      vertex -9.285806462366061 -0.22559982041574733 0
    endloop
  endfacet
  facet normal 0 0 -1
    outer loop
      vertex -9.285806462366061 -0.22559982041574733 0
      vertex -11.75 0 0
      vertex -9.3 0 0
    endloop
  endfacet
  facet normal 0 0 -1
    outer loop
      vertex -20.125581039058627 -6.996053456856544 0
      vertex -7.162713633745695 -1.7681170513116395 0
      vertex 13.616217302413514 2.9406879205145633 0
    endloop
  endfacet
  facet normal 0 0 -1
    outer loop
      vertex -7.162713633745695 -1.7681170513116395 0
      vertex -6.943769410125094 -1.7119017293312764 0
      vertex 13.616217302413514 2.9406879205145633 0
    endloop
  endfacet
  facet normal 0 0 -1
    outer loop
      vertex -6.943769410125094 -1.7119017293312764 0
      vertex -6.73359727518287 -1.6286886944388352 0
      vertex 13.616217302413514 2.9406879205145633 0
    endloop
  endfacet
  facet normal -0.3681245526846751 -0.9297764858882525 0
    outer loop
      vertex -20.851558583130146 -6.809654104932039 0
      vertex -20.618033988749893 -6.902113032590307 14
      vertex -20.851558583130146 -6.809654104932039 14
    endloop
  endfacet
  facet normal -0.5877852522924687 -0.8090169943749508 0
    outer loop
      vertex -21.27484797949738 -6.541026485551579 0
      vertex -21.071653589957993 -6.68865585100403 14
      vertex -21.27484797949738 -6.541026485551579 14
    endloop
  endfacet
  facet normal -0.481753674101718 -0.8763066800438621 0
    outer loop
      vertex -20.851558583130146 -6.809654104932039 0
      vertex -20.851558583130146 -6.809654104932039 14
      vertex -21.071653589957993 -6.68865585100403 14
    endloop
  endfacet
  facet normal -0.6845471059286958 -0.7289686274214049 0
    outer loop
      vertex -21.45793725484282 -6.369094211857377 0
      vertex -21.27484797949738 -6.541026485551579 14
      vertex -21.45793725484282 -6.369094211857377 14
    endloop
  endfacet
  facet normal -0.7705132427757881 -0.6374239897486912 0
    outer loop
      vertex -21.45793725484282 -6.369094211857377 0
      vertex -21.45793725484282 -6.369094211857377 14
      vertex -21.618033988749893 -6.175570504584947 14
    endloop
  endfacet
  facet normal -0.2486898871648574 -0.9685831611286304 0
    outer loop
      vertex -20.618033988749893 -6.902113032590307 0
      vertex -20.37476262917145 -6.964574501457378 14
      vertex -20.618033988749893 -6.902113032590307 14
    endloop
  endfacet
  facet normal -0.12533323356430467 -0.9921147013144778 0
    outer loop
      vertex -20.125581039058627 -6.996053456856544 0
      vertex -20.125581039058627 -6.996053456856544 14
      vertex -20.37476262917145 -6.964574501457378 14
    endloop
  endfacet
  facet normal 0 -1 0
    outer loop
      vertex -20.125581039058627 -6.996053456856544 0
      vertex -19.874418960941373 -6.996053456856544 14
      vertex -20.125581039058627 -6.996053456856544 14
    endloop
  endfacet
  facet normal -0.8443279255020099 -0.5358267949790049 0
    outer loop
      vertex -21.618033988749893 -6.175570504584947 0
      vertex -21.618033988749893 -6.175570504584947 14
      vertex -21.75261336008773 -5.96350734820343 14
    endloop
  endfacet
  facet normal -0.9048270524660235 -0.42577929156506444 0
    outer loop
      vertex -21.859552971776502 -5.736249105369356 0
      vertex -21.75261336008773 -5.96350734820343 14
      vertex -21.859552971776502 -5.736249105369356 14
    endloop
  endfacet
  facet normal -0.9510565162951523 -0.3090169943749515 0
    outer loop
      vertex -21.859552971776502 -5.736249105369356 0
      vertex -21.859552971776502 -5.736249105369356 14
      vertex -21.937166322257262 -5.49737977432971 14
    endloop
  endfacet
  facet normal -0.982287250728689 -0.18738131458572235 0
    outer loop
      vertex -21.984229402628955 -5.2506664671286085 0
      vertex -21.937166322257262 -5.49737977432971 14
      vertex -21.984229402628955 -5.2506664671286085 14
    endloop
  endfacet
  facet normal -0.9980267284282714 -0.06279051952931565 0
    outer loop
      vertex -21.984229402628955 -5.2506664671286085 0
      vertex -21.984229402628955 -5.2506664671286085 14
      vertex -22 -5 14
    endloop
  endfacet
  facet normal 0 -1 0
    outer loop
      vertex -20.125581039058627 -6.996053456856544 0
      vertex -3.147895273668051 -6.996053456856544 7.808242133285779
      vertex -19.874418960941373 -6.996053456856544 14
    endloop
  endfacet
  facet normal 0 0 1
    outer loop
      vertex -20.851558583130146 -6.809654104932039 14
      vertex -21.27484797949738 -6.541026485551579 14
      vertex -21.071653589957993 -6.68865585100403 14
    endloop
  endfacet
  facet normal 0 0 1
    outer loop
      vertex -20.851558583130146 -6.809654104932039 14
      vertex -20.618033988749893 -6.902113032590307 14
      vertex -21.27484797949738 -6.541026485551579 14
    endloop
  endfacet
  facet normal 0 0 1
    outer loop
      vertex -21.45793725484282 -6.369094211857377 14
      vertex -21.27484797949738 -6.541026485551579 14
      vertex -21.75261336008773 -5.96350734820343 14
    endloop
  endfacet
  facet normal 0 0 1
    outer loop
      vertex -21.45793725484282 -6.369094211857377 14
      vertex -21.75261336008773 -5.96350734820343 14
      vertex -21.618033988749893 -6.175570504584947 14
    endloop
  endfacet
  facet normal 0 0 1
    outer loop
      vertex -21.27484797949738 -6.541026485551579 14
      vertex -19.874418960941373 -6.996053456856544 14
      vertex -21.984229402628955 -5.2506664671286085 14
    endloop
  endfacet
  facet normal 0 0 1
    outer loop
      vertex -20.618033988749893 -6.902113032590307 14
      vertex -20.37476262917145 -6.964574501457378 14
      vertex -19.874418960941373 -6.996053456856544 14
    endloop
  endfacet
  facet normal 0 0 1
    outer loop
      vertex -21.27484797949738 -6.541026485551579 14
      vertex -20.618033988749893 -6.902113032590307 14
      vertex -19.874418960941373 -6.996053456856544 14
    endloop
  endfacet
  facet normal 0 0 1
    outer loop
      vertex -20.37476262917145 -6.964574501457378 14
      vertex -20.125581039058627 -6.996053456856544 14
      vertex -19.874418960941373 -6.996053456856544 14
    endloop
  endfacet
  facet normal 0 0 1
    outer loop
      vertex -21.27484797949738 -6.541026485551579 14
      vertex -21.984229402628955 -5.2506664671286085 14
      vertex -21.75261336008773 -5.96350734820343 14
    endloop
  endfacet
  facet normal 0 0 1
    outer loop
      vertex -21.75261336008773 -5.96350734820343 14
      vertex -21.937166322257262 -5.49737977432971 14
      vertex -21.859552971776502 -5.736249105369356 14
    endloop
  endfacet
  facet normal 0 0 1
    outer loop
      vertex -21.75261336008773 -5.96350734820343 14
      vertex -21.984229402628955 -5.2506664671286085 14
      vertex -21.937166322257262 -5.49737977432971 14
    endloop
  endfacet
  facet normal 0 0 1
    outer loop
      vertex -19.874418960941373 -6.996053456856544 14
      vertex -15.608989272403605 -3.192433564868238 14
      vertex -16.00430523171858 -3.090933677959249 14
    endloop
  endfacet
  facet normal 0 0 1
    outer loop
      vertex -19.874418960941373 -6.996053456856544 14
      vertex -15.20406918847027 -3.2435868673918824 14
      vertex -15.608989272403605 -3.192433564868238 14
    endloop
  endfacet
  facet normal 0 0 1
    outer loop
      vertex -19.874418960941373 -6.996053456856544 14
      vertex -14.79593081152973 -3.2435868673918824 14
      vertex -15.20406918847027 -3.2435868673918824 14
    endloop
  endfacet
  facet normal 0 0 1
    outer loop
      vertex -19.874418960941373 -6.996053456856544 14
      vertex -16.74143708368174 -2.7440657578815486 14
      vertex -17.07162796668324 -2.5041680390213155 14
    endloop
  endfacet
  facet normal 0 0 1
    outer loop
      vertex -19.874418960941373 -6.996053456856544 14
      vertex -17.07162796668324 -2.5041680390213155 14
      vertex -17.369148039119587 -2.224778094268238 14
    endloop
  endfacet
  facet normal 0 0 1
    outer loop
      vertex -19.874418960941373 -6.996053456856544 14
      vertex -17.369148039119587 -2.224778094268238 14
      vertex -17.62930523171858 -1.9103020699505378 14
    endloop
  endfacet
  facet normal 0 0 1
    outer loop
      vertex -19.874418960941373 -6.996053456856544 14
      vertex -16.383782697586486 -2.9406879205145637 14
      vertex -16.74143708368174 -2.7440657578815486 14
    endloop
  endfacet
  facet normal 0 0 1
    outer loop
      vertex -19.874418960941373 -6.996053456856544 14
      vertex -16.00430523171858 -3.090933677959249 14
      vertex -16.383782697586486 -2.9406879205145637 14
    endloop
  endfacet
  facet normal 0 0 1
    outer loop
      vertex -19.874418960941373 -6.996053456856544 14
      vertex -14.391010727596395 -3.192433564868238 14
      vertex -14.79593081152973 -3.2435868673918824 14
    endloop
  endfacet
  facet normal 0 0 1
    outer loop
      vertex -19.874418960941373 -6.996053456856544 14
      vertex -13.995694768281421 -3.090933677959249 14
      vertex -14.391010727596395 -3.192433564868238 14
    endloop
  endfacet
  facet normal 0 0 1
    outer loop
      vertex -19.874418960941373 -6.996053456856544 14
      vertex -7.162713633745695 -1.7681170513116395 14
      vertex -13.995694768281421 -3.090933677959249 14
    endloop
  endfacet
  facet normal 0 0 1
    outer loop
      vertex -19.874418960941373 -6.996053456856544 14
      vertex -22 5 14
      vertex -21.984229402628955 -5.2506664671286085 14
    endloop
  endfacet
  facet normal 0 0 1
    outer loop
      vertex -21.984229402628955 -5.2506664671286085 14
      vertex -22 5 14
      vertex -22 -5 14
    endloop
  endfacet
  facet normal 0 0 1
    outer loop
      vertex -19.874418960941373 -6.996053456856544 14
      vertex -17.847996710142557 -1.5656994408305749 14
      vertex -18.021773579136816 -1.1964047962252031 14
    endloop
  endfacet
  facet normal 0 0 1
    outer loop
      vertex -19.874418960941373 -6.996053456856544 14
      vertex -17.62930523171858 -1.9103020699505378 14
      vertex -17.847996710142557 -1.5656994408305749 14
    endloop
  endfacet
  facet normal 0 0 1
    outer loop
      vertex -19.874418960941373 -6.996053456856544 14
      vertex -18.021773579136816 -1.1964047962252031 14
      vertex -18.147895273668052 -0.8082421332857783 14
    endloop
  endfacet
  facet normal 0 0 1
    outer loop
      vertex -19.874418960941373 -6.996053456856544 14
      vertex -18.147895273668052 -0.8082421332857783 14
      vertex -18.224372779272052 -0.40733300908398823 14
    endloop
  endfacet
  facet normal 0 0 1
    outer loop
      vertex -19.874418960941373 -6.996053456856544 14
      vertex -18.224372779272052 -0.40733300908398823 14
      vertex -18.25 0 14
    endloop
  endfacet
  facet normal 0 0 1
    outer loop
      vertex -19.874418960941373 -6.996053456856544 14
      vertex -18.25 0 14
      vertex -18.224372779272052 0.40733300908398823 14
    endloop
  endfacet
  facet normal 0 0 1
    outer loop
      vertex -19.874418960941373 -6.996053456856544 14
      vertex -18.224372779272052 0.40733300908398823 14
      vertex -18.147895273668052 0.8082421332857783 14
    endloop
  endfacet
  facet normal 0 0 1
    outer loop
      vertex -19.874418960941373 -6.996053456856544 14
      vertex -6.943769410125094 -1.7119017293312764 14
      vertex -7.162713633745695 -1.7681170513116395 14
    endloop
  endfacet
  facet normal 0 0 1
    outer loop
      vertex -19.874418960941373 -6.996053456856544 14
      vertex -6.73359727518287 -1.6286886944388352 14
      vertex -6.943769410125094 -1.7119017293312764 14
    endloop
  endfacet
  facet normal 0 0 1
    outer loop
      vertex -13.616217302413514 -2.9406879205145637 14
      vertex -13.995694768281421 -3.090933677959249 14
      vertex -7.613022935152765 -1.7964481111708888 14
    endloop
  endfacet
  facet normal 0 0 1
    outer loop
      vertex -13.258562916318262 -2.7440657578815495 14
      vertex -13.616217302413514 -2.9406879205145637 14
      vertex -7.837286366254305 -1.7681170513116395 14
    endloop
  endfacet
  facet normal 0 0 1
    outer loop
      vertex -12.928372033316759 -2.504168039021314 14
      vertex -13.258562916318262 -2.7440657578815495 14
      vertex -8.056230589874906 -1.7119017293312764 14
    endloop
  endfacet
  facet normal 0 0 1
    outer loop
      vertex -12.630851960880412 -2.224778094268238 14
      vertex -12.928372033316759 -2.504168039021314 14
      vertex -8.26640272481713 -1.6286886944388352 14
    endloop
  endfacet
  facet normal 0 0 1
    outer loop
      vertex -12.630851960880412 -2.224778094268238 14
      vertex -8.647363181547641 -1.386923836996421 14
      vertex -12.370694768281421 -1.9103020699505378 14
    endloop
  endfacet
  facet normal 0 0 1
    outer loop
      vertex -12.370694768281421 -1.9103020699505378 14
      vertex -8.812143529358542 -1.2321847906716394 14
      vertex -12.152003289857443 -1.5656994408305749 14
    endloop
  endfacet
  facet normal 0 0 1
    outer loop
      vertex -12.152003289857443 -1.5656994408305749 14
      vertex -8.956230589874906 -1.0580134541264516 14
      vertex -11.978226420863184 -1.1964047962252047 14
    endloop
  endfacet
  facet normal 0 0 1
    outer loop
      vertex -11.978226420863184 -1.1964047962252047 14
      vertex -9.173597674598852 -0.6626241948324202 14
      vertex -11.852104726331948 -0.8082421332857769 14
    endloop
  endfacet
  facet normal 0 -1 0
    outer loop
      vertex -19.874418960941373 -6.996053456856544 14
      vertex -3.147895273668051 -6.996053456856544 7.808242133285779
      vertex -3.021773579136817 -6.996053456856544 8.196404796225202
    endloop
  endfacet
  facet normal 0 -1 0
    outer loop
      vertex -19.874418960941373 -6.996053456856544 14
      vertex -3.021773579136817 -6.996053456856544 8.196404796225202
      vertex -2.8479967101425565 -6.996053456856544 8.565699440830574
    endloop
  endfacet
  facet normal 0 -1 0
    outer loop
      vertex -19.874418960941373 -6.996053456856544 14
      vertex -2.8479967101425565 -6.996053456856544 8.565699440830574
      vertex -2.629305231718579 -6.996053456856544 8.910302069950538
    endloop
  endfacet
  facet normal 0 -1 0
    outer loop
      vertex -19.874418960941373 -6.996053456856544 14
      vertex -2.629305231718579 -6.996053456856544 8.910302069950538
      vertex -2.369148039119588 -6.996053456856544 9.224778094268238
    endloop
  endfacet
  facet normal 0 -1 0
    outer loop
      vertex -19.874418960941373 -6.996053456856544 14
      vertex -2.369148039119588 -6.996053456856544 9.224778094268238
      vertex -2.0716279666832413 -6.996053456856544 9.504168039021316
    endloop
  endfacet
  facet normal 0 -1 0
    outer loop
      vertex -19.874418960941373 -6.996053456856544 14
      vertex -2.0716279666832413 -6.996053456856544 9.504168039021316
      vertex -1.7414370836817394 -6.996053456856544 9.744065757881549
    endloop
  endfacet
  facet normal 0 -1 0
    outer loop
      vertex -19.874418960941373 -6.996053456856544 14
      vertex -1.7414370836817394 -6.996053456856544 9.744065757881549
      vertex -1.3837826975864864 -6.996053456856544 9.940687920514563
    endloop
  endfacet
  facet normal 0 -1 0
    outer loop
      vertex -19.874418960941373 -6.996053456856544 14
      vertex -1.3837826975864864 -6.996053456856544 9.940687920514563
      vertex -1.004305231718579 -6.996053456856544 10.09093367795925
    endloop
  endfacet
  facet normal 0 -1 0
    outer loop
      vertex -19.874418960941373 -6.996053456856544 14
      vertex -1.004305231718579 -6.996053456856544 10.09093367795925
      vertex -0.6089892724036049 -6.996053456856544 10.192433564868239
    endloop
  endfacet
  facet normal 0 -1 0
    outer loop
      vertex -19.874418960941373 -6.996053456856544 14
      vertex -0.6089892724036049 -6.996053456856544 10.192433564868239
      vertex 20.125581039058627 -6.996053456856544 14
    endloop
  endfacet
  facet normal 0 0 1
    outer loop
      vertex -7.386977064847235 -1.7964481111708888 14
      vertex -7.613022935152765 -1.7964481111708888 14
      vertex -13.995694768281421 -3.090933677959249 14
    endloop
  endfacet
  facet normal 0 0 1
    outer loop
      vertex -13.616217302413514 -2.9406879205145637 14
      vertex -7.613022935152765 -1.7964481111708888 14
      vertex -7.837286366254305 -1.7681170513116395 14
    endloop
  endfacet
  facet normal 0 0 1
    outer loop
      vertex -13.258562916318262 -2.7440657578815495 14
      vertex -7.837286366254305 -1.7681170513116395 14
      vertex -8.056230589874906 -1.7119017293312764 14
    endloop
  endfacet
  facet normal 0 0 1
    outer loop
      vertex -12.928372033316759 -2.504168039021314 14
      vertex -8.056230589874906 -1.7119017293312764 14
      vertex -8.26640272481713 -1.6286886944388352 14
    endloop
  endfacet
  facet normal 0 0 1
    outer loop
      vertex -12.630851960880412 -2.224778094268238 14
      vertex -8.26640272481713 -1.6286886944388352 14
      vertex -8.464488230962194 -1.5197902659036269 14
    endloop
  endfacet
  facet normal 0 0 1
    outer loop
      vertex -13.995694768281421 -3.090933677959249 14
      vertex -7.162713633745695 -1.7681170513116395 14
      vertex -7.386977064847235 -1.7964481111708888 14
    endloop
  endfacet
  facet normal 0 0 1
    outer loop
      vertex -12.630851960880412 -2.224778094268238 14
      vertex -8.464488230962194 -1.5197902659036269 14
      vertex -8.647363181547641 -1.386923836996421 14
    endloop
  endfacet
  facet normal 0 0 1
    outer loop
      vertex -12.370694768281421 -1.9103020699505378 14
      vertex -8.647363181547641 -1.386923836996421 14
      vertex -8.812143529358542 -1.2321847906716394 14
    endloop
  endfacet
  facet normal 0 0 1
    outer loop
      vertex -12.152003289857443 -1.5656994408305749 14
      vertex -8.812143529358542 -1.2321847906716394 14
      vertex -8.956230589874906 -1.0580134541264516 14
    endloop
  endfacet
  facet normal 0 0 1
    outer loop
      vertex -9.077352024078955 -0.8671566133830877 14
      vertex -11.978226420863184 -1.1964047962252047 14
      vertex -8.956230589874906 -1.0580134541264516 14
    endloop
  endfacet
  facet normal 0 0 1
    outer loop
      vertex -11.978226420863184 -1.1964047962252047 14
      vertex -9.077352024078955 -0.8671566133830877 14
      vertex -9.173597674598852 -0.6626241948324202 14
    endloop
  endfacet
  facet normal 0 0 1
    outer loop
      vertex -11.852104726331948 -0.8082421332857769 14
      vertex -9.243449690031536 -0.4476417968967387 14
      vertex -11.775627220727948 -0.40733300908398823 14
    endloop
  endfacet
  facet normal 0 0 1
    outer loop
      vertex -11.852104726331948 -0.8082421332857769 14
      vertex -9.173597674598852 -0.6626241948324202 14
      vertex -9.243449690031536 -0.4476417968967387 14
    endloop
  endfacet
  facet normal 0 0 1
    outer loop
      vertex -11.775627220727948 -0.40733300908398823 14
      vertex -9.3 0 14
      vertex -11.75 0 14
    endloop
  endfacet
  facet normal 0 0 1
    outer loop
      vertex -9.285806462366061 -0.22559982041574733 14
      vertex -11.775627220727948 -0.40733300908398823 14
      vertex -9.243449690031536 -0.4476417968967387 14
    endloop
  endfacet
  facet normal 0 0 1
    outer loop
      vertex -9.3 0 14
      vertex -11.775627220727948 -0.40733300908398823 14
      vertex -9.285806462366061 -0.22559982041574733 14
    endloop
  endfacet
  facet normal 0 0 1
    outer loop
      vertex -19.874418960941373 -6.996053456856544 14
      vertex 12.928372033316759 2.5041680390213155 14
      vertex -6.73359727518287 -1.6286886944388352 14
    endloop
  endfacet
  facet normal 0 0 1
    outer loop
      vertex 12.928372033316759 2.5041680390213155 14
      vertex -6.535511769037807 -1.5197902659036275 14
      vertex -6.73359727518287 -1.6286886944388352 14
    endloop
  endfacet
  facet normal 0 0 -1
    outer loop
      vertex -22 5 0
      vertex -18.224372779272052 0.40733300908398823 0
      vertex -18.25 0 0
    endloop
  endfacet
  facet normal 0 0 -1
    outer loop
      vertex -22 5 0
      vertex -18.147895273668052 0.8082421332857783 0
      vertex -18.224372779272052 0.40733300908398823 0
    endloop
  endfacet
  facet normal 0 0 -1
    outer loop
      vertex -22 5 0
      vertex -18.021773579136816 1.1964047962252031 0
      vertex -18.147895273668052 0.8082421332857783 0
    endloop
  endfacet
  facet normal 0 0 -1
    outer loop
      vertex -22 5 0
      vertex -17.847996710142557 1.5656994408305749 0
      vertex -18.021773579136816 1.1964047962252031 0
    endloop
  endfacet
  facet normal 0 0 -1
    outer loop
      vertex -22 5 0
      vertex -17.62930523171858 1.9103020699505378 0
      vertex -17.847996710142557 1.5656994408305749 0
    endloop
  endfacet
  facet normal 0 0 -1
    outer loop
      vertex -22 5 0
      vertex -17.369148039119587 2.224778094268238 0
      vertex -17.62930523171858 1.9103020699505378 0
    endloop
  endfacet
  facet normal 0 0 -1
    outer loop
      vertex -22 5 0
      vertex -17.07162796668324 2.5041680390213155 0
      vertex -17.369148039119587 2.224778094268238 0
    endloop
  endfacet
  facet normal 0 0 -1
    outer loop
      vertex -22 5 0
      vertex -16.74143708368174 2.7440657578815486 0
      vertex -17.07162796668324 2.5041680390213155 0
    endloop
  endfacet
  facet normal 0 0 -1
    outer loop
      vertex -11.978226420863184 1.1964047962252033 0
      vertex -9.173597674598852 0.6626241948324202 0
      vertex -11.852104726331948 0.8082421332857781 0
    endloop
  endfacet
  facet normal 0 0 -1
    outer loop
      vertex -12.152003289857443 1.5656994408305749 0
      vertex -8.956230589874906 1.0580134541264516 0
      vertex -11.978226420863184 1.1964047962252033 0
    endloop
  endfacet
  facet normal 0 0 -1
    outer loop
      vertex -12.370694768281421 1.9103020699505378 0
      vertex -8.812143529358542 1.2321847906716394 0
      vertex -12.152003289857443 1.5656994408305749 0
    endloop
  endfacet
  facet normal 0 0 -1
    outer loop
      vertex -12.630851960880413 2.2247780942682382 0
      vertex -8.647363181547641 1.386923836996421 0
      vertex -12.370694768281421 1.9103020699505378 0
    endloop
  endfacet
  facet normal 0 0 -1
    outer loop
      vertex -8.26640272481713 1.628688694438835 0
      vertex -12.630851960880413 2.2247780942682382 0
      vertex -12.928372033316759 2.5041680390213146 0
    endloop
  endfacet
  facet normal 0 0 -1
    outer loop
      vertex -12.928372033316759 2.5041680390213146 0
      vertex -13.258562916318262 2.744065757881549 0
      vertex -8.056230589874906 1.7119017293312764 0
    endloop
  endfacet
  facet normal 0 0 -1
    outer loop
      vertex -22 5 0
      vertex -16.383782697586486 2.9406879205145633 0
      vertex -16.74143708368174 2.7440657578815486 0
    endloop
  endfacet
  facet normal 0 0 -1
    outer loop
      vertex -22 5 0
      vertex -16.00430523171858 3.090933677959249 0
      vertex -16.383782697586486 2.9406879205145633 0
    endloop
  endfacet
  facet normal 0 0 -1
    outer loop
      vertex -22 5 0
      vertex -15.608989272403605 3.1924335648682383 0
      vertex -16.00430523171858 3.090933677959249 0
    endloop
  endfacet
  facet normal 0 0 -1
    outer loop
      vertex -22 5 0
      vertex -15.204069188470267 3.2435868673918824 0
      vertex -15.608989272403605 3.1924335648682383 0
    endloop
  endfacet
  facet normal 0 0 -1
    outer loop
      vertex -22 5 0
      vertex -21.984229402628955 5.2506664671286085 0
      vertex -21.937166322257262 5.49737977432971 0
    endloop
  endfacet
  facet normal 0 0 -1
    outer loop
      vertex -22 5 0
      vertex -21.937166322257262 5.49737977432971 0
      vertex -21.75261336008773 5.96350734820343 0
    endloop
  endfacet
  facet normal 0 0 -1
    outer loop
      vertex -21.937166322257262 5.49737977432971 0
      vertex -21.859552971776502 5.736249105369356 0
      vertex -21.75261336008773 5.96350734820343 0
    endloop
  endfacet
  facet normal 0 0 -1
    outer loop
      vertex -22 5 0
      vertex -21.75261336008773 5.96350734820343 0
      vertex -21.27484797949738 6.541026485551579 0
    endloop
  endfacet
  facet normal 0 0 -1
    outer loop
      vertex -21.75261336008773 5.96350734820343 0
      vertex -21.618033988749893 6.175570504584947 0
      vertex -21.45793725484282 6.369094211857377 0
    endloop
  endfacet
  facet normal 0 0 -1
    outer loop
      vertex -21.75261336008773 5.96350734820343 0
      vertex -21.45793725484282 6.369094211857377 0
      vertex -21.27484797949738 6.541026485551579 0
    endloop
  endfacet
  facet normal 0 0 -1
    outer loop
      vertex -22 5 0
      vertex -21.27484797949738 6.541026485551579 0
      vertex -19.874418960941373 6.996053456856544 0
    endloop
  endfacet
  facet normal 0 0 -1
    outer loop
      vertex -21.27484797949738 6.541026485551579 0
      vertex -21.071653589957993 6.68865585100403 0
      vertex -20.851558583130146 6.809654104932039 0
    endloop
  endfacet
  facet normal 0 0 -1
    outer loop
      vertex -21.27484797949738 6.541026485551579 0
      vertex -20.851558583130146 6.809654104932039 0
      vertex -20.618033988749893 6.902113032590307 0
    endloop
  endfacet
  facet normal 0 0 -1
    outer loop
      vertex -21.27484797949738 6.541026485551579 0
      vertex -20.618033988749893 6.902113032590307 0
      vertex -19.874418960941373 6.996053456856544 0
    endloop
  endfacet
  facet normal 0 0 -1
    outer loop
      vertex -20.618033988749893 6.902113032590307 0
      vertex -20.37476262917145 6.964574501457378 0
      vertex -20.125581039058627 6.996053456856544 0
    endloop
  endfacet
  facet normal 0 0 -1
    outer loop
      vertex -20.618033988749893 6.902113032590307 0
      vertex -20.125581039058627 6.996053456856544 0
      vertex -19.874418960941373 6.996053456856544 0
    endloop
  endfacet
  facet normal -0.9980267284282714 0.06279051952931565 0
    outer loop
      vertex -22 5 0
      vertex -21.984229402628955 5.2506664671286085 14
      vertex -21.984229402628955 5.2506664671286085 0
    endloop
  endfacet
  facet normal -0.982287250728689 0.18738131458572235 0
    outer loop
      vertex -21.984229402628955 5.2506664671286085 0
      vertex -21.984229402628955 5.2506664671286085 14
      vertex -21.937166322257262 5.49737977432971 0
    endloop
  endfacet
  facet normal -0.9510565162951523 0.3090169943749515 0
    outer loop
      vertex -21.937166322257262 5.49737977432971 0
      vertex -21.859552971776502 5.736249105369356 14
      vertex -21.859552971776502 5.736249105369356 0
    endloop
  endfacet
  facet normal -0.9048270524660235 0.42577929156506444 0
    outer loop
      vertex -21.859552971776502 5.736249105369356 0
      vertex -21.859552971776502 5.736249105369356 14
      vertex -21.75261336008773 5.96350734820343 0
    endloop
  endfacet
  facet normal -0.8443279255020099 0.5358267949790049 0
    outer loop
      vertex -21.75261336008773 5.96350734820343 0
      vertex -21.618033988749893 6.175570504584947 14
      vertex -21.618033988749893 6.175570504584947 0
    endloop
  endfacet
  facet normal -0.7705132427757881 0.6374239897486912 0
    outer loop
      vertex -21.618033988749893 6.175570504584947 0
      vertex -21.618033988749893 6.175570504584947 14
      vertex -21.45793725484282 6.369094211857377 0
    endloop
  endfacet
  facet normal -0.6845471059286958 0.7289686274214049 0
    outer loop
      vertex -21.45793725484282 6.369094211857377 0
      vertex -21.45793725484282 6.369094211857377 14
      vertex -21.27484797949738 6.541026485551579 0
    endloop
  endfacet
  facet normal -0.5877852522924687 0.8090169943749508 0
    outer loop
      vertex -21.27484797949738 6.541026485551579 0
      vertex -21.27484797949738 6.541026485551579 14
      vertex -21.071653589957993 6.68865585100403 0
    endloop
  endfacet
  facet normal -0.481753674101718 0.8763066800438621 0
    outer loop
      vertex -21.071653589957993 6.68865585100403 0
      vertex -20.851558583130146 6.809654104932039 14
      vertex -20.851558583130146 6.809654104932039 0
    endloop
  endfacet
  facet normal -0.3681245526846751 0.9297764858882525 0
    outer loop
      vertex -20.851558583130146 6.809654104932039 0
      vertex -20.618033988749893 6.902113032590307 14
      vertex -20.618033988749893 6.902113032590307 0
    endloop
  endfacet
  facet normal -0.2486898871648574 0.9685831611286304 0
    outer loop
      vertex -20.618033988749893 6.902113032590307 0
      vertex -20.37476262917145 6.964574501457378 14
      vertex -20.37476262917145 6.964574501457378 0
    endloop
  endfacet
  facet normal -0.12533323356430467 0.9921147013144778 0
    outer loop
      vertex -20.37476262917145 6.964574501457378 0
      vertex -20.37476262917145 6.964574501457378 14
      vertex -20.125581039058627 6.996053456856544 0
    endloop
  endfacet
  facet normal 0 1 0
    outer loop
      vertex -20.125581039058627 6.996053456856544 0
      vertex -20.125581039058627 6.996053456856544 14
      vertex -19.874418960941373 6.996053456856544 0
    endloop
  endfacet
  facet normal 0 1 0
    outer loop
      vertex -19.874418960941373 6.996053456856544 0
      vertex -19.874418960941373 6.996053456856544 14
      vertex -3.147895273668051 6.996053456856544 6.191757866714221
    endloop
  endfacet
  facet normal 0 0 -1
    outer loop
      vertex -11.75 0 0
      vertex -11.775627220727948 0.40733300908398884 0
      vertex -9.3 0 0
    endloop
  endfacet
  facet normal 0 0 -1
    outer loop
      vertex -11.775627220727948 0.40733300908398884 0
      vertex -9.285806462366061 0.22559982041574733 0
      vertex -9.3 0 0
    endloop
  endfacet
  facet normal 0 0 -1
    outer loop
      vertex -9.285806462366061 0.22559982041574733 0
      vertex -11.775627220727948 0.40733300908398884 0
      vertex -9.243449690031536 0.4476417968967387 0
    endloop
  endfacet
  facet normal 0 0 -1
    outer loop
      vertex -11.852104726331948 0.8082421332857781 0
      vertex -9.243449690031536 0.4476417968967387 0
      vertex -11.775627220727948 0.40733300908398884 0
    endloop
  endfacet
  facet normal 0 0 -1
    outer loop
      vertex -11.852104726331948 0.8082421332857781 0
      vertex -9.173597674598852 0.6626241948324202 0
      vertex -9.243449690031536 0.4476417968967387 0
    endloop
  endfacet
  facet normal 0 0 -1
    outer loop
      vertex -11.978226420863184 1.1964047962252033 0
      vertex -9.077352024078955 0.8671566133830877 0
      vertex -9.173597674598852 0.6626241948324202 0
    endloop
  endfacet
  facet normal 0 0 -1
    outer loop
      vertex -9.077352024078955 0.8671566133830877 0
      vertex -11.978226420863184 1.1964047962252033 0
      vertex -8.956230589874906 1.0580134541264516 0
    endloop
  endfacet
  facet normal 0 0 -1
    outer loop
      vertex -12.152003289857443 1.5656994408305749 0
      vertex -8.812143529358542 1.2321847906716394 0
      vertex -8.956230589874906 1.0580134541264516 0
    endloop
  endfacet
  facet normal 0 0 -1
    outer loop
      vertex -12.370694768281421 1.9103020699505378 0
      vertex -8.647363181547641 1.386923836996421 0
      vertex -8.812143529358542 1.2321847906716394 0
    endloop
  endfacet
  facet normal 0 0 -1
    outer loop
      vertex -12.630851960880413 2.2247780942682382 0
      vertex -8.464488230962194 1.5197902659036269 0
      vertex -8.647363181547641 1.386923836996421 0
    endloop
  endfacet
  facet normal 0 0 -1
    outer loop
      vertex -8.26640272481713 1.628688694438835 0
      vertex -8.464488230962194 1.5197902659036269 0
      vertex -12.630851960880413 2.2247780942682382 0
    endloop
  endfacet
  facet normal 0 0 -1
    outer loop
      vertex -12.928372033316759 2.5041680390213146 0
      vertex -8.056230589874906 1.7119017293312764 0
      vertex -8.26640272481713 1.628688694438835 0
    endloop
  endfacet
  facet normal 0 0 -1
    outer loop
      vertex -13.258562916318262 2.744065757881549 0
      vertex -7.837286366254304 1.7681170513116398 0
      vertex -8.056230589874906 1.7119017293312764 0
    endloop
  endfacet
  facet normal 0 0 -1
    outer loop
      vertex -13.258562916318262 2.744065757881549 0
      vertex -7.613022935152764 1.7964481111708888 0
      vertex -7.837286366254304 1.7681170513116398 0
    endloop
  endfacet
  facet normal 0 0 -1
    outer loop
      vertex -22 5 0
      vertex -19.874418960941373 6.996053456856544 0
      vertex 22 5 0
    endloop
  endfacet
  facet normal 0 1 0
    outer loop
      vertex -19.874418960941373 6.996053456856544 0
      vertex -2.629305231718579 6.996053456856544 5.0896979300494625
      vertex -2.369148039119588 6.996053456856544 4.775221905731762
    endloop
  endfacet
  facet normal 0 1 0
    outer loop
      vertex -19.874418960941373 6.996053456856544 0
      vertex -1.004305231718579 6.996053456856544 3.909066322040751
      vertex -0.6089892724036057 6.996053456856544 3.807566435131762
    endloop
  endfacet
  facet normal 0 1 0
    outer loop
      vertex -19.874418960941373 6.996053456856544 0
      vertex -1.7414370836817394 6.996053456856544 4.255934242118451
      vertex -1.3837826975864855 6.996053456856544 4.059312079485436
    endloop
  endfacet
  facet normal 0 1 0
    outer loop
      vertex -19.874418960941373 6.996053456856544 0
      vertex -2.0716279666832413 6.996053456856544 4.495831960978684
      vertex -1.7414370836817394 6.996053456856544 4.255934242118451
    endloop
  endfacet
  facet normal 0 1 0
    outer loop
      vertex -19.874418960941373 6.996053456856544 0
      vertex -1.3837826975864855 6.996053456856544 4.059312079485436
      vertex -1.004305231718579 6.996053456856544 3.909066322040751
    endloop
  endfacet
  facet normal 0 1 0
    outer loop
      vertex -19.874418960941373 6.996053456856544 0
      vertex -2.369148039119588 6.996053456856544 4.775221905731762
      vertex -2.0716279666832413 6.996053456856544 4.495831960978684
    endloop
  endfacet
  facet normal 0 0 -1
    outer loop
      vertex -22 5 0
      vertex 22 5 0
      vertex -15.204069188470267 3.2435868673918824 0
    endloop
  endfacet
  facet normal 0 0 -1
    outer loop
      vertex 22 5 0
      vertex -14.795930811529733 3.2435868673918824 0
      vertex -15.204069188470267 3.2435868673918824 0
    endloop
  endfacet
  facet normal 0 0 -1
    outer loop
      vertex 22 5 0
      vertex -14.391010727596395 3.1924335648682383 0
      vertex -14.795930811529733 3.2435868673918824 0
    endloop
  endfacet
  facet normal 0 0 -1
    outer loop
      vertex 22 5 0
      vertex -13.995694768281421 3.090933677959249 0
      vertex -14.391010727596395 3.1924335648682383 0
    endloop
  endfacet
  facet normal 0 0 -1
    outer loop
      vertex 22 5 0
      vertex -13.616217302413514 2.9406879205145633 0
      vertex -13.995694768281421 3.090933677959249 0
    endloop
  endfacet
  facet normal 0 0 -1
    outer loop
      vertex 22 5 0
      vertex -13.258562916318262 2.744065757881549 0
      vertex -13.616217302413514 2.9406879205145633 0
    endloop
  endfacet
  facet normal 0 1 0
    outer loop
      vertex -19.874418960941373 6.996053456856544 0
      vertex -0.6089892724036057 6.996053456856544 3.807566435131762
      vertex 20.125581039058627 6.996053456856544 0
    endloop
  endfacet
  facet normal 0 1 0
    outer loop
      vertex -19.874418960941373 6.996053456856544 0
      vertex -2.8479967101425565 6.996053456856544 5.434300559169425
      vertex -2.629305231718579 6.996053456856544 5.0896979300494625
    endloop
  endfacet
  facet normal 0 1 0
    outer loop
      vertex -19.874418960941373 6.996053456856544 0
      vertex -3.021773579136817 6.996053456856544 5.803595203774797
      vertex -2.8479967101425565 6.996053456856544 5.434300559169425
    endloop
  endfacet
  facet normal 0 1 0
    outer loop
      vertex -19.874418960941373 6.996053456856544 0
      vertex -3.147895273668051 6.996053456856544 6.191757866714221
      vertex -3.021773579136817 6.996053456856544 5.803595203774797
    endloop
  endfacet
  facet normal -1 0 0
    outer loop
      vertex -22 -5 14
      vertex -22 5 14
      vertex -22 5 0
    endloop
  endfacet
  facet normal 0 0 1
    outer loop
      vertex -19.874418960941373 -6.996053456856544 14
      vertex -18.147895273668052 0.8082421332857783 14
      vertex -19.874418960941373 6.996053456856544 14
    endloop
  endfacet
  facet normal 0 0 1
    outer loop
      vertex -19.874418960941373 -6.996053456856544 14
      vertex -19.874418960941373 6.996053456856544 14
      vertex -22 5 14
    endloop
  endfacet
  facet normal 0 0 1
    outer loop
      vertex -19.874418960941373 6.996053456856544 14
      vertex -18.147895273668052 0.8082421332857783 14
      vertex -18.021773579136816 1.1964047962252031 14
    endloop
  endfacet
  facet normal 0 0 1
    outer loop
      vertex -19.874418960941373 6.996053456856544 14
      vertex -18.021773579136816 1.1964047962252031 14
      vertex -17.847996710142557 1.5656994408305749 14
    endloop
  endfacet
  facet normal 0 0 1
    outer loop
      vertex -19.874418960941373 6.996053456856544 14
      vertex -17.847996710142557 1.5656994408305749 14
      vertex -17.62930523171858 1.9103020699505378 14
    endloop
  endfacet
  facet normal 0 0 1
    outer loop
      vertex -11.978226420863184 1.1964047962252033 14
      vertex -8.956230589874906 1.0580134541264516 14
      vertex -12.152003289857443 1.5656994408305749 14
    endloop
  endfacet
  facet normal 0 0 1
    outer loop
      vertex -12.152003289857443 1.5656994408305749 14
      vertex -8.812143529358542 1.2321847906716394 14
      vertex -12.370694768281421 1.9103020699505378 14
    endloop
  endfacet
  facet normal 0 0 1
    outer loop
      vertex -12.370694768281421 1.9103020699505378 14
      vertex -8.464488230962194 1.5197902659036269 14
      vertex -12.630851960880413 2.2247780942682382 14
    endloop
  endfacet
  facet normal 0 0 1
    outer loop
      vertex -12.928372033316759 2.5041680390213146 14
      vertex -12.630851960880413 2.2247780942682382 14
      vertex -8.26640272481713 1.628688694438835 14
    endloop
  endfacet
  facet normal 0 0 1
    outer loop
      vertex -13.258562916318262 2.744065757881549 14
      vertex -12.928372033316759 2.5041680390213146 14
      vertex -7.837286366254304 1.7681170513116398 14
    endloop
  endfacet
  facet normal 0 0 1
    outer loop
      vertex -13.616217302413514 2.9406879205145633 14
      vertex -13.258562916318262 2.744065757881549 14
      vertex -7.613022935152764 1.7964481111708888 14
    endloop
  endfacet
  facet normal -0.9980267284282714 0.06279051952931565 0
    outer loop
      vertex -22 5 0
      vertex -22 5 14
      vertex -21.984229402628955 5.2506664671286085 14
    endloop
  endfacet
  facet normal -0.982287250728689 0.18738131458572235 0
    outer loop
      vertex -21.937166322257262 5.49737977432971 0
      vertex -21.984229402628955 5.2506664671286085 14
      vertex -21.937166322257262 5.49737977432971 14
    endloop
  endfacet
  facet normal -0.9510565162951523 0.3090169943749515 0
    outer loop
      vertex -21.937166322257262 5.49737977432971 0
      vertex -21.937166322257262 5.49737977432971 14
      vertex -21.859552971776502 5.736249105369356 14
    endloop
  endfacet
  facet normal -0.9048270524660235 0.42577929156506444 0
    outer loop
      vertex -21.75261336008773 5.96350734820343 0
      vertex -21.859552971776502 5.736249105369356 14
      vertex -21.75261336008773 5.96350734820343 14
    endloop
  endfacet
  facet normal -0.8443279255020099 0.5358267949790049 0
    outer loop
      vertex -21.75261336008773 5.96350734820343 0
      vertex -21.75261336008773 5.96350734820343 14
      vertex -21.618033988749893 6.175570504584947 14
    endloop
  endfacet
  facet normal -0.7705132427757881 0.6374239897486912 0
    outer loop
      vertex -21.45793725484282 6.369094211857377 0
      vertex -21.618033988749893 6.175570504584947 14
      vertex -21.45793725484282 6.369094211857377 14
    endloop
  endfacet
  facet normal -0.6845471059286958 0.7289686274214049 0
    outer loop
      vertex -21.27484797949738 6.541026485551579 0
      vertex -21.45793725484282 6.369094211857377 14
      vertex -21.27484797949738 6.541026485551579 14
    endloop
  endfacet
  facet normal -0.5877852522924687 0.8090169943749508 0
    outer loop
      vertex -21.071653589957993 6.68865585100403 0
      vertex -21.27484797949738 6.541026485551579 14
      vertex -21.071653589957993 6.68865585100403 14
    endloop
  endfacet
  facet normal -0.481753674101718 0.8763066800438621 0
    outer loop
      vertex -21.071653589957993 6.68865585100403 0
      vertex -21.071653589957993 6.68865585100403 14
      vertex -20.851558583130146 6.809654104932039 14
    endloop
  endfacet
  facet normal -0.3681245526846751 0.9297764858882525 0
    outer loop
      vertex -20.851558583130146 6.809654104932039 0
      vertex -20.851558583130146 6.809654104932039 14
      vertex -20.618033988749893 6.902113032590307 14
    endloop
  endfacet
  facet normal -0.2486898871648574 0.9685831611286304 0
    outer loop
      vertex -20.618033988749893 6.902113032590307 0
      vertex -20.618033988749893 6.902113032590307 14
      vertex -20.37476262917145 6.964574501457378 14
    endloop
  endfacet
  facet normal -0.12533323356430467 0.9921147013144778 0
    outer loop
      vertex -20.125581039058627 6.996053456856544 0
      vertex -20.37476262917145 6.964574501457378 14
      vertex -20.125581039058627 6.996053456856544 14
    endloop
  endfacet
  facet normal 0 1 0
    outer loop
      vertex -19.874418960941373 6.996053456856544 0
      vertex -20.125581039058627 6.996053456856544 14
      vertex -19.874418960941373 6.996053456856544 14
    endloop
  endfacet
  facet normal 0 0 1
    outer loop
      vertex -19.874418960941373 6.996053456856544 14
      vertex -17.62930523171858 1.9103020699505378 14
      vertex -17.369148039119587 2.224778094268238 14
    endloop
  endfacet
  facet normal 0 0 1
    outer loop
      vertex -19.874418960941373 6.996053456856544 14
      vertex -17.369148039119587 2.224778094268238 14
      vertex -17.07162796668324 2.5041680390213155 14
    endloop
  endfacet
  facet normal 0 0 1
    outer loop
      vertex -19.874418960941373 6.996053456856544 14
      vertex -17.07162796668324 2.5041680390213155 14
      vertex -16.74143708368174 2.7440657578815486 14
    endloop
  endfacet
  facet normal 0 0 1
    outer loop
      vertex -19.874418960941373 6.996053456856544 14
      vertex -16.74143708368174 2.7440657578815486 14
      vertex -16.383782697586486 2.9406879205145633 14
    endloop
  endfacet
  facet normal 0 0 1
    outer loop
      vertex -19.874418960941373 6.996053456856544 14
      vertex -16.383782697586486 2.9406879205145633 14
      vertex -16.00430523171858 3.090933677959249 14
    endloop
  endfacet
  facet normal 0 0 1
    outer loop
      vertex -19.874418960941373 6.996053456856544 14
      vertex -16.00430523171858 3.090933677959249 14
      vertex -15.608989272403605 3.1924335648682383 14
    endloop
  endfacet
  facet normal 0 0 1
    outer loop
      vertex -19.874418960941373 6.996053456856544 14
      vertex -15.608989272403605 3.1924335648682383 14
      vertex -15.204069188470267 3.2435868673918824 14
    endloop
  endfacet
  facet normal 0 0 1
    outer loop
      vertex -19.874418960941373 6.996053456856544 14
      vertex -15.204069188470267 3.2435868673918824 14
      vertex -14.795930811529733 3.2435868673918824 14
    endloop
  endfacet
  facet normal 0 0 1
    outer loop
      vertex -22 5 14
      vertex -21.937166322257262 5.49737977432971 14
      vertex -21.984229402628955 5.2506664671286085 14
    endloop
  endfacet
  facet normal 0 0 1
    outer loop
      vertex -22 5 14
      vertex -21.75261336008773 5.96350734820343 14
      vertex -21.937166322257262 5.49737977432971 14
    endloop
  endfacet
  facet normal 0 0 1
    outer loop
      vertex -21.937166322257262 5.49737977432971 14
      vertex -21.75261336008773 5.96350734820343 14
      vertex -21.859552971776502 5.736249105369356 14
    endloop
  endfacet
  facet normal 0 0 1
    outer loop
      vertex -22 5 14
      vertex -21.27484797949738 6.541026485551579 14
      vertex -21.75261336008773 5.96350734820343 14
    endloop
  endfacet
  facet normal 0 0 1
    outer loop
      vertex -21.75261336008773 5.96350734820343 14
      vertex -21.45793725484282 6.369094211857377 14
      vertex -21.618033988749893 6.175570504584947 14
    endloop
  endfacet
  facet normal 0 0 1
    outer loop
      vertex -21.75261336008773 5.96350734820343 14
      vertex -21.27484797949738 6.541026485551579 14
      vertex -21.45793725484282 6.369094211857377 14
    endloop
  endfacet
  facet normal 0 0 1
    outer loop
      vertex -22 5 14
      vertex -19.874418960941373 6.996053456856544 14
      vertex -21.27484797949738 6.541026485551579 14
    endloop
  endfacet
  facet normal 0 0 1
    outer loop
      vertex -21.27484797949738 6.541026485551579 14
      vertex -20.851558583130146 6.809654104932039 14
      vertex -21.071653589957993 6.68865585100403 14
    endloop
  endfacet
  facet normal 0 0 1
    outer loop
      vertex -21.27484797949738 6.541026485551579 14
      vertex -20.618033988749893 6.902113032590307 14
      vertex -20.851558583130146 6.809654104932039 14
    endloop
  endfacet
  facet normal 0 0 1
    outer loop
      vertex -21.27484797949738 6.541026485551579 14
      vertex -19.874418960941373 6.996053456856544 14
      vertex -20.618033988749893 6.902113032590307 14
    endloop
  endfacet
  facet normal 0 0 1
    outer loop
      vertex -20.618033988749893 6.902113032590307 14
      vertex -20.125581039058627 6.996053456856544 14
      vertex -20.37476262917145 6.964574501457378 14
    endloop
  endfacet
  facet normal 0 0 1
    outer loop
      vertex -20.618033988749893 6.902113032590307 14
      vertex -19.874418960941373 6.996053456856544 14
      vertex -20.125581039058627 6.996053456856544 14
    endloop
  endfacet
  facet normal 0 0 1
    outer loop
      vertex -19.874418960941373 6.996053456856544 14
      vertex -13.995694768281421 3.090933677959249 14
      vertex -13.616217302413514 2.9406879205145633 14
    endloop
  endfacet
  facet normal 0 0 1
    outer loop
      vertex -19.874418960941373 6.996053456856544 14
      vertex -14.795930811529733 3.2435868673918824 14
      vertex -14.391010727596395 3.1924335648682383 14
    endloop
  endfacet
  facet normal 0 0 1
    outer loop
      vertex -19.874418960941373 6.996053456856544 14
      vertex -14.391010727596395 3.1924335648682383 14
      vertex -13.995694768281421 3.090933677959249 14
    endloop
  endfacet
  facet normal 0 0 1
    outer loop
      vertex -19.874418960941373 6.996053456856544 14
      vertex -13.616217302413514 2.9406879205145633 14
      vertex -7.613022935152764 1.7964481111708888 14
    endloop
  endfacet
  facet normal 0 0 1
    outer loop
      vertex -19.874418960941373 6.996053456856544 14
      vertex -7.613022935152764 1.7964481111708888 14
      vertex -7.386977064847236 1.7964481111708888 14
    endloop
  endfacet
  facet normal 0 0 1
    outer loop
      vertex -19.874418960941373 6.996053456856544 14
      vertex -7.386977064847236 1.7964481111708888 14
      vertex -7.162713633745696 1.7681170513116398 14
    endloop
  endfacet
  facet normal 0 0 1
    outer loop
      vertex -11.75 0 14
      vertex -9.285806462366061 0.22559982041574733 14
      vertex -11.775627220727948 0.40733300908398884 14
    endloop
  endfacet
  facet normal 0 0 1
    outer loop
      vertex -11.75 0 14
      vertex -9.3 0 14
      vertex -9.285806462366061 0.22559982041574733 14
    endloop
  endfacet
  facet normal 0 0 1
    outer loop
      vertex -9.243449690031536 0.4476417968967387 14
      vertex -11.775627220727948 0.40733300908398884 14
      vertex -9.285806462366061 0.22559982041574733 14
    endloop
  endfacet
  facet normal 0 0 1
    outer loop
      vertex -11.775627220727948 0.40733300908398884 14
      vertex -9.243449690031536 0.4476417968967387 14
      vertex -11.852104726331948 0.8082421332857781 14
    endloop
  endfacet
  facet normal 0 0 1
    outer loop
      vertex -9.173597674598852 0.6626241948324202 14
      vertex -11.852104726331948 0.8082421332857781 14
      vertex -9.243449690031536 0.4476417968967387 14
    endloop
  endfacet
  facet normal 0 0 1
    outer loop
      vertex -11.852104726331948 0.8082421332857781 14
      vertex -9.173597674598852 0.6626241948324202 14
      vertex -9.077352024078955 0.8671566133830877 14
    endloop
  endfacet
  facet normal 0 0 1
    outer loop
      vertex -11.852104726331948 0.8082421332857781 14
      vertex -9.077352024078955 0.8671566133830877 14
      vertex -11.978226420863184 1.1964047962252033 14
    endloop
  endfacet
  facet normal 0 0 1
    outer loop
      vertex -8.956230589874906 1.0580134541264516 14
      vertex -11.978226420863184 1.1964047962252033 14
      vertex -9.077352024078955 0.8671566133830877 14
    endloop
  endfacet
  facet normal 0 0 1
    outer loop
      vertex -8.812143529358542 1.2321847906716394 14
      vertex -12.152003289857443 1.5656994408305749 14
      vertex -8.956230589874906 1.0580134541264516 14
    endloop
  endfacet
  facet normal 0 0 1
    outer loop
      vertex -8.812143529358542 1.2321847906716394 14
      vertex -8.647363181547641 1.386923836996421 14
      vertex -12.370694768281421 1.9103020699505378 14
    endloop
  endfacet
  facet normal 0 0 1
    outer loop
      vertex -8.647363181547641 1.386923836996421 14
      vertex -8.464488230962194 1.5197902659036269 14
      vertex -12.370694768281421 1.9103020699505378 14
    endloop
  endfacet
  facet normal 0 0 1
    outer loop
      vertex -8.464488230962194 1.5197902659036269 14
      vertex -8.26640272481713 1.628688694438835 14
      vertex -12.630851960880413 2.2247780942682382 14
    endloop
  endfacet
  facet normal 0 0 1
    outer loop
      vertex -12.928372033316759 2.5041680390213146 14
      vertex -8.26640272481713 1.628688694438835 14
      vertex -8.056230589874906 1.7119017293312764 14
    endloop
  endfacet
  facet normal 0 0 1
    outer loop
      vertex -8.056230589874906 1.7119017293312764 14
      vertex -7.837286366254304 1.7681170513116398 14
      vertex -12.928372033316759 2.5041680390213146 14
    endloop
  endfacet
  facet normal 0 0 1
    outer loop
      vertex -7.837286366254304 1.7681170513116398 14
      vertex -7.613022935152764 1.7964481111708888 14
      vertex -13.258562916318262 2.744065757881549 14
    endloop
  endfacet
  facet normal 0 0 1
    outer loop
      vertex -6.733597275182869 1.628688694438835 14
      vertex -6.5355117690378055 1.519790265903627 14
      vertex 13.25856291631826 2.7440657578815486 14
    endloop
  endfacet
  facet normal 0 0 1
    outer loop
      vertex -6.943769410125094 1.7119017293312764 14
      vertex -6.733597275182869 1.628688694438835 14
      vertex 13.616217302413514 2.9406879205145633 14
    endloop
  endfacet
  facet normal 0 0 1
    outer loop
      vertex -7.162713633745696 1.7681170513116398 14
      vertex -6.943769410125094 1.7119017293312764 14
      vertex 13.616217302413514 2.9406879205145633 14
    endloop
  endfacet
  facet normal 0 1 0
    outer loop
      vertex -19.874418960941373 6.996053456856544 14
      vertex -3.224372779272053 6.996053456856544 6.592666990916012
      vertex -3.147895273668051 6.996053456856544 6.191757866714221
    endloop
  endfacet
  facet normal 0 1 0
    outer loop
      vertex -19.874418960941373 6.996053456856544 14
      vertex -3.25 6.996053456856544 7
      vertex -3.224372779272053 6.996053456856544 6.592666990916012
    endloop
  endfacet
  facet normal 0 1 0
    outer loop
      vertex -19.874418960941373 6.996053456856544 14
      vertex -3.224372779272053 6.996053456856544 7.407333009083988
      vertex -3.25 6.996053456856544 7
    endloop
  endfacet
  facet normal 0 1 0
    outer loop
      vertex -19.874418960941373 6.996053456856544 14
      vertex -3.147895273668051 6.996053456856544 7.808242133285779
      vertex -3.224372779272053 6.996053456856544 7.407333009083988
    endloop
  endfacet
  facet normal 0 1 0
    outer loop
      vertex -19.874418960941373 6.996053456856544 14
      vertex -3.021773579136817 6.996053456856544 8.196404796225202
      vertex -3.147895273668051 6.996053456856544 7.808242133285779
    endloop
  endfacet
  facet normal 0 1 0
    outer loop
      vertex -19.874418960941373 6.996053456856544 14
      vertex -2.8479967101425565 6.996053456856544 8.565699440830574
      vertex -3.021773579136817 6.996053456856544 8.196404796225202
    endloop
  endfacet
  facet normal 0 1 0
    outer loop
      vertex -19.874418960941373 6.996053456856544 14
      vertex -2.629305231718579 6.996053456856544 8.910302069950538
      vertex -2.8479967101425565 6.996053456856544 8.565699440830574
    endloop
  endfacet
  facet normal 0 1 0
    outer loop
      vertex -19.874418960941373 6.996053456856544 14
      vertex -2.369148039119588 6.996053456856544 9.224778094268238
      vertex -2.629305231718579 6.996053456856544 8.910302069950538
    endloop
  endfacet
  facet normal 0 1 0
    outer loop
      vertex -19.874418960941373 6.996053456856544 14
      vertex -2.0716279666832413 6.996053456856544 9.504168039021316
      vertex -2.369148039119588 6.996053456856544 9.224778094268238
    endloop
  endfacet
  facet normal 0 1 0
    outer loop
      vertex -19.874418960941373 6.996053456856544 14
      vertex -1.7414370836817394 6.996053456856544 9.744065757881549
      vertex -2.0716279666832413 6.996053456856544 9.504168039021316
    endloop
  endfacet
  facet normal 0 1 0
    outer loop
      vertex -19.874418960941373 6.996053456856544 14
      vertex -1.3837826975864864 6.996053456856544 9.940687920514563
      vertex -1.7414370836817394 6.996053456856544 9.744065757881549
    endloop
  endfacet
  facet normal 0 1 0
    outer loop
      vertex -19.874418960941373 6.996053456856544 14
      vertex -1.004305231718579 6.996053456856544 10.09093367795925
      vertex -1.3837826975864864 6.996053456856544 9.940687920514563
    endloop
  endfacet
  facet normal 0 1 0
    outer loop
      vertex -19.874418960941373 6.996053456856544 14
      vertex -0.6089892724036049 6.996053456856544 10.192433564868239
      vertex -1.004305231718579 6.996053456856544 10.09093367795925
    endloop
  endfacet
  facet normal 0 0 1
    outer loop
      vertex -19.874418960941373 6.996053456856544 14
      vertex -7.162713633745696 1.7681170513116398 14
      vertex 13.616217302413514 2.9406879205145633 14
    endloop
  endfacet
  facet normal 0 1 0
    outer loop
      vertex -19.874418960941373 6.996053456856544 14
      vertex 20.125581039058627 6.996053456856544 14
      vertex -0.6089892724036049 6.996053456856544 10.192433564868239
    endloop
  endfacet
  facet normal 0 0 -1
    outer loop
      vertex -20.125581039058627 -6.996053456856544 0
      vertex 13.25856291631826 -2.7440657578815486 0
      vertex 20.618033988749893 -6.902113032590307 0
    endloop
  endfacet
  facet normal 0 0 -1
    outer loop
      vertex -20.125581039058627 -6.996053456856544 0
      vertex 12.928372033316759 -2.5041680390213155 0
      vertex 13.25856291631826 -2.7440657578815486 0
    endloop
  endfacet
  facet normal 0 0 -1
    outer loop
      vertex -20.125581039058627 -6.996053456856544 0
      vertex 12.630851960880412 -2.224778094268238 0
      vertex 12.928372033316759 -2.5041680390213155 0
    endloop
  endfacet
  facet normal 0 0 -1
    outer loop
      vertex -20.125581039058627 -6.996053456856544 0
      vertex 12.370694768281421 -1.9103020699505378 0
      vertex 12.630851960880412 -2.224778094268238 0
    endloop
  endfacet
  facet normal 0 0 -1
    outer loop
      vertex -20.125581039058627 -6.996053456856544 0
      vertex 20.618033988749893 -6.902113032590307 0
      vertex 20.125581039058627 -6.996053456856544 0
    endloop
  endfacet
  facet normal 0 -1 0
    outer loop
      vertex 20.125581039058627 -6.996053456856544 0
      vertex -0.20406918847026972 -6.996053456856544 3.7564131326081176
      vertex -0.6089892724036057 -6.996053456856544 3.807566435131762
    endloop
  endfacet
  facet normal 0 -1 0
    outer loop
      vertex 20.125581039058627 -6.996053456856544 0
      vertex 0.20406918847026972 -6.996053456856544 3.7564131326081176
      vertex -0.20406918847026972 -6.996053456856544 3.7564131326081176
    endloop
  endfacet
  facet normal 0 -1 0
    outer loop
      vertex 20.125581039058627 -6.996053456856544 0
      vertex 0.6089892724036057 -6.996053456856544 3.807566435131762
      vertex 0.20406918847026972 -6.996053456856544 3.7564131326081176
    endloop
  endfacet
  facet normal 0 -1 0
    outer loop
      vertex 20.125581039058627 -6.996053456856544 0
      vertex 1.004305231718579 -6.996053456856544 3.909066322040751
      vertex 0.6089892724036057 -6.996053456856544 3.807566435131762
    endloop
  endfacet
  facet normal 0 -1 0
    outer loop
      vertex 20.125581039058627 -6.996053456856544 0
      vertex 1.3837826975864855 -6.996053456856544 4.059312079485436
      vertex 1.004305231718579 -6.996053456856544 3.909066322040751
    endloop
  endfacet
  facet normal 0 -1 0
    outer loop
      vertex 20.125581039058627 -6.996053456856544 0
      vertex 1.7414370836817377 -6.996053456856544 4.2559342421184505
      vertex 1.3837826975864855 -6.996053456856544 4.059312079485436
    endloop
  endfacet
  facet normal 0 -1 0
    outer loop
      vertex 20.125581039058627 -6.996053456856544 0
      vertex 2.0716279666832422 -6.996053456856544 4.495831960978686
      vertex 1.7414370836817377 -6.996053456856544 4.2559342421184505
    endloop
  endfacet
  facet normal 0 -1 0
    outer loop
      vertex 20.125581039058627 -6.996053456856544 0
      vertex 2.369148039119588 -6.996053456856544 4.775221905731762
      vertex 2.0716279666832422 -6.996053456856544 4.495831960978686
    endloop
  endfacet
  facet normal 0 -1 0
    outer loop
      vertex 20.125581039058627 -6.996053456856544 0
      vertex 2.629305231718579 -6.996053456856544 5.0896979300494625
      vertex 2.369148039119588 -6.996053456856544 4.775221905731762
    endloop
  endfacet
  facet normal 0 -1 0
    outer loop
      vertex 3.224372779272053 -6.996053456856544 6.592666990916012
      vertex 6.73359727518287 -6.996053456856544 5.371311305561164
      vertex 6.5355117690378055 -6.996053456856544 5.480209734096373
    endloop
  endfacet
  facet normal 0 -1 0
    outer loop
      vertex 3.224372779272053 -6.996053456856544 6.592666990916012
      vertex 6.5355117690378055 -6.996053456856544 5.480209734096373
      vertex 6.352636818452359 -6.996053456856544 5.613076163003579
    endloop
  endfacet
  facet normal 0 -1 0
    outer loop
      vertex 3.224372779272053 -6.996053456856544 6.592666990916012
      vertex 6.187856470641459 -6.996053456856544 5.767815209328361
      vertex 6.043769410125094 -6.996053456856544 5.941986545873548
    endloop
  endfacet
  facet normal 0 -1 0
    outer loop
      vertex 3.224372779272053 -6.996053456856544 6.592666990916012
      vertex 6.352636818452359 -6.996053456856544 5.613076163003579
      vertex 6.187856470641459 -6.996053456856544 5.767815209328361
    endloop
  endfacet
  facet normal 0 -1 0
    outer loop
      vertex 5.7 -6.996053456856544 7
      vertex 3.25 -6.996053456856544 7
      vertex 3.224372779272053 -6.996053456856544 6.592666990916012
    endloop
  endfacet
  facet normal 0 -1 0
    outer loop
      vertex 3.224372779272053 -6.996053456856544 6.592666990916012
      vertex 6.043769410125094 -6.996053456856544 5.941986545873548
      vertex 5.922647975921046 -6.996053456856544 6.132843386616912
    endloop
  endfacet
  facet normal 0 -1 0
    outer loop
      vertex 3.224372779272053 -6.996053456856544 6.592666990916012
      vertex 5.922647975921046 -6.996053456856544 6.132843386616912
      vertex 5.826402325401148 -6.996053456856544 6.3373758051675795
    endloop
  endfacet
  facet normal 0 -1 0
    outer loop
      vertex 3.224372779272053 -6.996053456856544 6.592666990916012
      vertex 5.826402325401148 -6.996053456856544 6.3373758051675795
      vertex 5.756550309968464 -6.996053456856544 6.552358203103261
    endloop
  endfacet
  facet normal 0 -1 0
    outer loop
      vertex 3.224372779272053 -6.996053456856544 6.592666990916012
      vertex 5.756550309968464 -6.996053456856544 6.552358203103261
      vertex 5.71419353763394 -6.996053456856544 6.774400179584252
    endloop
  endfacet
  facet normal 0 -1 0
    outer loop
      vertex 3.224372779272053 -6.996053456856544 6.592666990916012
      vertex 5.71419353763394 -6.996053456856544 6.774400179584252
      vertex 5.7 -6.996053456856544 7
    endloop
  endfacet
  facet normal 0 -1 0
    outer loop
      vertex 20.125581039058627 -6.996053456856544 0
      vertex 2.8479967101425565 -6.996053456856544 5.434300559169425
      vertex 2.629305231718579 -6.996053456856544 5.0896979300494625
    endloop
  endfacet
  facet normal 0 -1 0
    outer loop
      vertex 20.125581039058627 -6.996053456856544 0
      vertex 3.0217735791368163 -6.996053456856544 5.803595203774796
      vertex 2.8479967101425565 -6.996053456856544 5.434300559169425
    endloop
  endfacet
  facet normal 0 -1 0
    outer loop
      vertex 20.125581039058627 -6.996053456856544 0
      vertex 3.1478952736680514 -6.996053456856544 6.191757866714223
      vertex 3.0217735791368163 -6.996053456856544 5.803595203774796
    endloop
  endfacet
  facet normal 0 -1 0
    outer loop
      vertex 20.125581039058627 -6.996053456856544 0
      vertex 3.224372779272053 -6.996053456856544 6.592666990916012
      vertex 3.1478952736680514 -6.996053456856544 6.191757866714223
    endloop
  endfacet
  facet normal 0 -1 0
    outer loop
      vertex 20.125581039058627 -6.996053456856544 0
      vertex 6.73359727518287 -6.996053456856544 5.371311305561164
      vertex 3.224372779272053 -6.996053456856544 6.592666990916012
    endloop
  endfacet
  facet normal 0 0 -1
    outer loop
      vertex -20.125581039058627 -6.996053456856544 0
      vertex 11.978226420863184 -1.1964047962252031 0
      vertex 12.152003289857443 -1.5656994408305749 0
    endloop
  endfacet
  facet normal 0 0 -1
    outer loop
      vertex -20.125581039058627 -6.996053456856544 0
      vertex 11.852104726331948 -0.8082421332857783 0
      vertex 11.978226420863184 -1.1964047962252031 0
    endloop
  endfacet
  facet normal 0 0 -1
    outer loop
      vertex -20.125581039058627 -6.996053456856544 0
      vertex 11.775627220727948 -0.40733300908398823 0
      vertex 11.852104726331948 -0.8082421332857783 0
    endloop
  endfacet
  facet normal 0 0 -1
    outer loop
      vertex -20.125581039058627 -6.996053456856544 0
      vertex 12.152003289857443 -1.5656994408305749 0
      vertex 12.370694768281421 -1.9103020699505378 0
    endloop
  endfacet
  facet normal 0 0 -1
    outer loop
      vertex -20.125581039058627 -6.996053456856544 0
      vertex 11.75 0 0
      vertex 11.775627220727948 -0.40733300908398823 0
    endloop
  endfacet
  facet normal 0 0 -1
    outer loop
      vertex -20.125581039058627 -6.996053456856544 0
      vertex 11.775627220727948 0.40733300908398823 0
      vertex 11.75 0 0
    endloop
  endfacet
  facet normal 0 0 -1
    outer loop
      vertex -20.125581039058627 -6.996053456856544 0
      vertex 11.852104726331948 0.8082421332857783 0
      vertex 11.775627220727948 0.40733300908398823 0
    endloop
  endfacet
  facet normal 0 0 -1
    outer loop
      vertex -20.125581039058627 -6.996053456856544 0
      vertex 11.978226420863184 1.1964047962252031 0
      vertex 11.852104726331948 0.8082421332857783 0
    endloop
  endfacet
  facet normal 0 0 -1
    outer loop
      vertex -20.125581039058627 -6.996053456856544 0
      vertex 12.152003289857443 1.5656994408305749 0
      vertex 11.978226420863184 1.1964047962252031 0
    endloop
  endfacet
  facet normal 0 0 -1
    outer loop
      vertex -20.125581039058627 -6.996053456856544 0
      vertex 12.370694768281421 1.9103020699505378 0
      vertex 12.152003289857443 1.5656994408305749 0
    endloop
  endfacet
  facet normal 0 0 -1
    outer loop
      vertex -20.125581039058627 -6.996053456856544 0
      vertex 12.630851960880412 2.224778094268238 0
      vertex 12.370694768281421 1.9103020699505378 0
    endloop
  endfacet
  facet normal 0 0 -1
    outer loop
      vertex -20.125581039058627 -6.996053456856544 0
      vertex 12.928372033316759 2.5041680390213155 0
      vertex 12.630851960880412 2.224778094268238 0
    endloop
  endfacet
  facet normal 0 0 -1
    outer loop
      vertex -20.125581039058627 -6.996053456856544 0
      vertex 13.25856291631826 2.7440657578815486 0
      vertex 12.928372033316759 2.5041680390213155 0
    endloop
  endfacet
  facet normal 0 0 -1
    outer loop
      vertex -20.125581039058627 -6.996053456856544 0
      vertex 13.616217302413514 2.9406879205145633 0
      vertex 13.25856291631826 2.7440657578815486 0
    endloop
  endfacet
  facet normal 0 -1 0
    outer loop
      vertex 20.125581039058627 -6.996053456856544 0
      vertex 7.386977064847235 -6.996053456856544 5.203551888829111
      vertex 7.162713633745695 -6.996053456856544 5.2318829486883605
    endloop
  endfacet
  facet normal 0 -1 0
    outer loop
      vertex 20.125581039058627 -6.996053456856544 0
      vertex 7.613022935152765 -6.996053456856544 5.203551888829111
      vertex 7.386977064847235 -6.996053456856544 5.203551888829111
    endloop
  endfacet
  facet normal 0 -1 0
    outer loop
      vertex 20.125581039058627 -6.996053456856544 0
      vertex 7.837286366254305 -6.996053456856544 5.2318829486883605
      vertex 7.613022935152765 -6.996053456856544 5.203551888829111
    endloop
  endfacet
  facet normal 0 0 -1
    outer loop
      vertex 20.618033988749893 -6.902113032590307 0
      vertex 13.995694768281421 -3.090933677959249 0
      vertex 14.391010727596395 -3.192433564868238 0
    endloop
  endfacet
  facet normal 0 0 -1
    outer loop
      vertex 20.618033988749893 -6.902113032590307 0
      vertex 13.616217302413514 -2.9406879205145637 0
      vertex 13.995694768281421 -3.090933677959249 0
    endloop
  endfacet
  facet normal 0 0 -1
    outer loop
      vertex 20.618033988749893 -6.902113032590307 0
      vertex 13.25856291631826 -2.7440657578815486 0
      vertex 13.616217302413514 -2.9406879205145637 0
    endloop
  endfacet
  facet normal 0 0 -1
    outer loop
      vertex 20.125581039058627 -6.996053456856544 0
      vertex 20.618033988749893 -6.902113032590307 0
      vertex 20.37476262917145 -6.964574501457378 0
    endloop
  endfacet
  facet normal 0 0 -1
    outer loop
      vertex 20.618033988749893 -6.902113032590307 0
      vertex 21.071653589957993 -6.688655851004031 0
      vertex 20.851558583130146 -6.809654104932039 0
    endloop
  endfacet
  facet normal 0 0 -1
    outer loop
      vertex 20.618033988749893 -6.902113032590307 0
      vertex 21.618033988749893 -6.175570504584947 0
      vertex 21.071653589957993 -6.688655851004031 0
    endloop
  endfacet
  facet normal 0 0 -1
    outer loop
      vertex 21.071653589957993 -6.688655851004031 0
      vertex 21.618033988749893 -6.175570504584947 0
      vertex 21.27484797949738 -6.541026485551578 0
    endloop
  endfacet
  facet normal 0 0 -1
    outer loop
      vertex 21.27484797949738 -6.541026485551578 0
      vertex 21.618033988749893 -6.175570504584947 0
      vertex 21.45793725484282 -6.369094211857377 0
    endloop
  endfacet
  facet normal 0 0 -1
    outer loop
      vertex 20.618033988749893 -6.902113032590307 0
      vertex 21.984229402628955 -5.2506664671286085 0
      vertex 21.618033988749893 -6.175570504584947 0
    endloop
  endfacet
  facet normal 0 0 -1
    outer loop
      vertex 21.618033988749893 -6.175570504584947 0
      vertex 21.859552971776502 -5.736249105369357 0
      vertex 21.75261336008773 -5.96350734820343 0
    endloop
  endfacet
  facet normal 0 0 -1
    outer loop
      vertex 21.618033988749893 -6.175570504584947 0
      vertex 21.984229402628955 -5.2506664671286085 0
      vertex 21.859552971776502 -5.736249105369357 0
    endloop
  endfacet
  facet normal 0 0 -1
    outer loop
      vertex 21.859552971776502 -5.736249105369357 0
      vertex 21.984229402628955 -5.2506664671286085 0
      vertex 21.937166322257262 -5.497379774329709 0
    endloop
  endfacet
  facet normal 0 0 -1
    outer loop
      vertex 20.618033988749893 -6.902113032590307 0
      vertex 14.391010727596395 -3.192433564868238 0
      vertex 14.79593081152973 -3.2435868673918824 0
    endloop
  endfacet
  facet normal 0 0 -1
    outer loop
      vertex 20.618033988749893 -6.902113032590307 0
      vertex 14.79593081152973 -3.2435868673918824 0
      vertex 15.20406918847027 -3.2435868673918824 0
    endloop
  endfacet
  facet normal 0 0 -1
    outer loop
      vertex 20.618033988749893 -6.902113032590307 0
      vertex 15.20406918847027 -3.2435868673918824 0
      vertex 15.608989272403605 -3.192433564868238 0
    endloop
  endfacet
  facet normal 0 0 -1
    outer loop
      vertex 20.618033988749893 -6.902113032590307 0
      vertex 15.608989272403605 -3.192433564868238 0
      vertex 16.00430523171858 -3.090933677959249 0
    endloop
  endfacet
  facet normal 0 0 -1
    outer loop
      vertex 20.618033988749893 -6.902113032590307 0
      vertex 16.00430523171858 -3.090933677959249 0
      vertex 16.383782697586486 -2.9406879205145637 0
    endloop
  endfacet
  facet normal 0 0 -1
    outer loop
      vertex 20.618033988749893 -6.902113032590307 0
      vertex 16.383782697586486 -2.9406879205145637 0
      vertex 16.74143708368174 -2.7440657578815495 0
    endloop
  endfacet
  facet normal 0 0 -1
    outer loop
      vertex 20.618033988749893 -6.902113032590307 0
      vertex 16.74143708368174 -2.7440657578815495 0
      vertex 17.07162796668324 -2.504168039021314 0
    endloop
  endfacet
  facet normal 0 0 -1
    outer loop
      vertex 20.618033988749893 -6.902113032590307 0
      vertex 17.07162796668324 -2.504168039021314 0
      vertex 17.369148039119587 -2.224778094268238 0
    endloop
  endfacet
  facet normal 0 0 -1
    outer loop
      vertex 20.618033988749893 -6.902113032590307 0
      vertex 17.369148039119587 -2.224778094268238 0
      vertex 17.62930523171858 -1.9103020699505378 0
    endloop
  endfacet
  facet normal 0 -1 0
    outer loop
      vertex 20.125581039058627 -6.996053456856544 0
      vertex 6.943769410125094 -6.996053456856544 5.288098270668724
      vertex 6.73359727518287 -6.996053456856544 5.371311305561164
    endloop
  endfacet
  facet normal 0 -1 0
    outer loop
      vertex 20.125581039058627 -6.996053456856544 0
      vertex 7.162713633745695 -6.996053456856544 5.2318829486883605
      vertex 6.943769410125094 -6.996053456856544 5.288098270668724
    endloop
  endfacet
  facet normal 0 -1 0
    outer loop
      vertex 20.125581039058627 -6.996053456856544 0
      vertex 8.056230589874906 -6.996053456856544 5.288098270668724
      vertex 7.837286366254305 -6.996053456856544 5.2318829486883605
    endloop
  endfacet
  facet normal 0 -1 0
    outer loop
      vertex 20.125581039058627 -6.996053456856544 0
      vertex 8.26640272481713 -6.996053456856544 5.371311305561164
      vertex 8.056230589874906 -6.996053456856544 5.288098270668724
    endloop
  endfacet
  facet normal 0 -1 0
    outer loop
      vertex 20.125581039058627 -6.996053456856544 0
      vertex 8.464488230962193 -6.996053456856544 5.4802097340963725
      vertex 8.26640272481713 -6.996053456856544 5.371311305561164
    endloop
  endfacet
  facet normal 0 -1 0
    outer loop
      vertex 20.125581039058627 -6.996053456856544 0
      vertex 8.647363181547641 -6.996053456856544 5.61307616300358
      vertex 8.464488230962193 -6.996053456856544 5.4802097340963725
    endloop
  endfacet
  facet normal 0 -1 0
    outer loop
      vertex 20.125581039058627 -6.996053456856544 0
      vertex 8.812143529358542 -6.996053456856544 5.767815209328361
      vertex 8.647363181547641 -6.996053456856544 5.61307616300358
    endloop
  endfacet
  facet normal 0 -1 0
    outer loop
      vertex 20.125581039058627 -6.996053456856544 0
      vertex 8.956230589874906 -6.996053456856544 5.941986545873548
      vertex 8.812143529358542 -6.996053456856544 5.767815209328361
    endloop
  endfacet
  facet normal 0 -1 0
    outer loop
      vertex 20.125581039058627 -6.996053456856544 0
      vertex 9.077352024078955 -6.996053456856544 6.132843386616912
      vertex 8.956230589874906 -6.996053456856544 5.941986545873548
    endloop
  endfacet
  facet normal 0 -1 0
    outer loop
      vertex 20.125581039058627 -6.996053456856544 0
      vertex 9.173597674598852 -6.996053456856544 6.337375805167579
      vertex 9.077352024078955 -6.996053456856544 6.132843386616912
    endloop
  endfacet
  facet normal 0 -1 0
    outer loop
      vertex 20.125581039058627 -6.996053456856544 0
      vertex 20.125581039058627 -6.996053456856544 14
      vertex 9.173597674598852 -6.996053456856544 6.337375805167579
    endloop
  endfacet
  facet normal 0.12533323356430467 -0.9921147013144778 0
    outer loop
      vertex 20.125581039058627 -6.996053456856544 0
      vertex 20.37476262917145 -6.964574501457378 0
      vertex 20.125581039058627 -6.996053456856544 14
    endloop
  endfacet
  facet normal 0.2486898871648574 -0.9685831611286304 0
    outer loop
      vertex 20.37476262917145 -6.964574501457378 0
      vertex 20.618033988749893 -6.902113032590307 0
      vertex 20.618033988749893 -6.902113032590307 14
    endloop
  endfacet
  facet normal 0.3681245526846751 -0.9297764858882525 0
    outer loop
      vertex 20.618033988749893 -6.902113032590307 0
      vertex 20.851558583130146 -6.809654104932039 0
      vertex 20.851558583130146 -6.809654104932039 14
    endloop
  endfacet
  facet normal 0.48175367410171527 -0.8763066800438636 0
    outer loop
      vertex 20.851558583130146 -6.809654104932039 0
      vertex 21.071653589957993 -6.688655851004031 0
      vertex 20.851558583130146 -6.809654104932039 14
    endloop
  endfacet
  facet normal 0.5877852522924732 -0.8090169943749475 0
    outer loop
      vertex 21.071653589957993 -6.688655851004031 0
      vertex 21.27484797949738 -6.541026485551578 0
      vertex 21.27484797949738 -6.541026485551578 14
    endloop
  endfacet
  facet normal 0.6845471059286939 -0.7289686274214066 0
    outer loop
      vertex 21.27484797949738 -6.541026485551578 0
      vertex 21.45793725484282 -6.369094211857377 0
      vertex 21.45793725484282 -6.369094211857377 14
    endloop
  endfacet
  facet normal 0.7705132427757881 -0.6374239897486912 0
    outer loop
      vertex 21.45793725484282 -6.369094211857377 0
      vertex 21.618033988749893 -6.175570504584947 0
      vertex 21.45793725484282 -6.369094211857377 14
    endloop
  endfacet
  facet normal 0.8443279255020099 -0.5358267949790049 0
    outer loop
      vertex 21.618033988749893 -6.175570504584947 0
      vertex 21.75261336008773 -5.96350734820343 0
      vertex 21.75261336008773 -5.96350734820343 14
    endloop
  endfacet
  facet normal 0.9048270524660228 -0.4257792915650658 0
    outer loop
      vertex 21.75261336008773 -5.96350734820343 0
      vertex 21.859552971776502 -5.736249105369357 0
      vertex 21.75261336008773 -5.96350734820343 14
    endloop
  endfacet
  facet normal 0.9510565162951529 -0.3090169943749494 0
    outer loop
      vertex 21.859552971776502 -5.736249105369357 0
      vertex 21.937166322257262 -5.497379774329709 0
      vertex 21.937166322257262 -5.497379774329709 14
    endloop
  endfacet
  facet normal 0.9822872507286889 -0.187381314585723 0
    outer loop
      vertex 21.937166322257262 -5.497379774329709 0
      vertex 21.984229402628955 -5.2506664671286085 0
      vertex 21.937166322257262 -5.497379774329709 14
    endloop
  endfacet
  facet normal 0.9980267284282714 -0.06279051952931565 0
    outer loop
      vertex 21.984229402628955 -5.2506664671286085 0
      vertex 22 -5 0
      vertex 21.984229402628955 -5.2506664671286085 14
    endloop
  endfacet
  facet normal 0 0 -1
    outer loop
      vertex 20.618033988749893 -6.902113032590307 0
      vertex 17.62930523171858 -1.9103020699505378 0
      vertex 17.847996710142557 -1.5656994408305749 0
    endloop
  endfacet
  facet normal 0 0 -1
    outer loop
      vertex 20.618033988749893 -6.902113032590307 0
      vertex 17.847996710142557 -1.5656994408305749 0
      vertex 18.021773579136816 -1.1964047962252047 0
    endloop
  endfacet
  facet normal 0 0 -1
    outer loop
      vertex 20.618033988749893 -6.902113032590307 0
      vertex 18.021773579136816 -1.1964047962252047 0
      vertex 18.147895273668052 -0.8082421332857769 0
    endloop
  endfacet
  facet normal 0 0 -1
    outer loop
      vertex 20.618033988749893 -6.902113032590307 0
      vertex 18.147895273668052 -0.8082421332857769 0
      vertex 18.224372779272052 -0.40733300908398823 0
    endloop
  endfacet
  facet normal 0 0 -1
    outer loop
      vertex 20.618033988749893 -6.902113032590307 0
      vertex 18.224372779272052 -0.40733300908398823 0
      vertex 18.25 0 0
    endloop
  endfacet
  facet normal 0 0 -1
    outer loop
      vertex 20.618033988749893 -6.902113032590307 0
      vertex 18.25 0 0
      vertex 18.224372779272052 0.40733300908398884 0
    endloop
  endfacet
  facet normal 0 0 -1
    outer loop
      vertex 20.618033988749893 -6.902113032590307 0
      vertex 22 5 0
      vertex 21.984229402628955 -5.2506664671286085 0
    endloop
  endfacet
  facet normal 0 0 -1
    outer loop
      vertex 21.984229402628955 -5.2506664671286085 0
      vertex 22 5 0
      vertex 22 -5 0
    endloop
  endfacet
  facet normal 0 0 -1
    outer loop
      vertex 20.618033988749893 -6.902113032590307 0
      vertex 18.224372779272052 0.40733300908398884 0
      vertex 22 5 0
    endloop
  endfacet
  facet normal 0 -1 0
    outer loop
      vertex 3.224372779272053 -6.996053456856544 7.407333009083989
      vertex 3.25 -6.996053456856544 7
      vertex 5.756550309968464 -6.996053456856544 7.447641796896739
    endloop
  endfacet
  facet normal 0 -1 0
    outer loop
      vertex 3.147895273668051 -6.996053456856544 7.808242133285778
      vertex 3.224372779272053 -6.996053456856544 7.407333009083989
      vertex 5.826402325401148 -6.996053456856544 7.6626241948324205
    endloop
  endfacet
  facet normal 0 -1 0
    outer loop
      vertex 5.7 -6.996053456856544 7
      vertex 5.71419353763394 -6.996053456856544 7.225599820415748
      vertex 3.25 -6.996053456856544 7
    endloop
  endfacet
  facet normal 0 -1 0
    outer loop
      vertex 5.71419353763394 -6.996053456856544 7.225599820415748
      vertex 5.756550309968464 -6.996053456856544 7.447641796896739
      vertex 3.25 -6.996053456856544 7
    endloop
  endfacet
  facet normal 0 -1 0
    outer loop
      vertex 3.224372779272053 -6.996053456856544 7.407333009083989
      vertex 5.756550309968464 -6.996053456856544 7.447641796896739
      vertex 5.826402325401148 -6.996053456856544 7.6626241948324205
    endloop
  endfacet
  facet normal 0 -1 0
    outer loop
      vertex 3.147895273668051 -6.996053456856544 7.808242133285778
      vertex 5.826402325401148 -6.996053456856544 7.6626241948324205
      vertex 5.922647975921046 -6.996053456856544 7.867156613383088
    endloop
  endfacet
  facet normal 0 -1 0
    outer loop
      vertex 3.0217735791368168 -6.996053456856544 8.196404796225202
      vertex 3.147895273668051 -6.996053456856544 7.808242133285778
      vertex 6.043769410125094 -6.996053456856544 8.058013454126451
    endloop
  endfacet
  facet normal 0 -1 0
    outer loop
      vertex 2.8479967101425565 -6.996053456856544 8.565699440830574
      vertex 3.0217735791368168 -6.996053456856544 8.196404796225202
      vertex 6.187856470641459 -6.996053456856544 8.232184790671639
    endloop
  endfacet
  facet normal 0 -1 0
    outer loop
      vertex 2.629305231718579 -6.996053456856544 8.910302069950538
      vertex 2.8479967101425565 -6.996053456856544 8.565699440830574
      vertex 6.352636818452359 -6.996053456856544 8.38692383699642
    endloop
  endfacet
  facet normal 0 -1 0
    outer loop
      vertex 5.922647975921046 -6.996053456856544 7.867156613383088
      vertex 6.043769410125094 -6.996053456856544 8.058013454126451
      vertex 3.147895273668051 -6.996053456856544 7.808242133285778
    endloop
  endfacet
  facet normal 0 -1 0
    outer loop
      vertex 3.0217735791368168 -6.996053456856544 8.196404796225202
      vertex 6.043769410125094 -6.996053456856544 8.058013454126451
      vertex 6.187856470641459 -6.996053456856544 8.232184790671639
    endloop
  endfacet
  facet normal 0 -1 0
    outer loop
      vertex 2.8479967101425565 -6.996053456856544 8.565699440830574
      vertex 6.187856470641459 -6.996053456856544 8.232184790671639
      vertex 6.352636818452359 -6.996053456856544 8.38692383699642
    endloop
  endfacet
  facet normal 0 -1 0
    outer loop
      vertex 2.629305231718579 -6.996053456856544 8.910302069950538
      vertex 6.352636818452359 -6.996053456856544 8.38692383699642
      vertex 6.5355117690378055 -6.996053456856544 8.519790265903627
    endloop
  endfacet
  facet normal 0 -1 0
    outer loop
      vertex 6.733597275182869 -6.996053456856544 8.628688694438836
      vertex 2.629305231718579 -6.996053456856544 8.910302069950538
      vertex 6.5355117690378055 -6.996053456856544 8.519790265903627
    endloop
  endfacet
  facet normal 0 -1 0
    outer loop
      vertex 2.629305231718579 -6.996053456856544 8.910302069950538
      vertex 6.733597275182869 -6.996053456856544 8.628688694438836
      vertex 2.3691480391195876 -6.996053456856544 9.224778094268238
    endloop
  endfacet
  facet normal 0 -1 0
    outer loop
      vertex 2.3691480391195876 -6.996053456856544 9.224778094268238
      vertex 6.943769410125094 -6.996053456856544 8.711901729331277
      vertex 2.071627966683242 -6.996053456856544 9.504168039021314
    endloop
  endfacet
  facet normal 0 -1 0
    outer loop
      vertex 1.3837826975864864 -6.996053456856544 9.940687920514563
      vertex 7.613022935152764 -6.996053456856544 8.79644811117089
      vertex 1.004305231718579 -6.996053456856544 10.09093367795925
    endloop
  endfacet
  facet normal 0 -1 0
    outer loop
      vertex 2.071627966683242 -6.996053456856544 9.504168039021314
      vertex 7.386977064847236 -6.996053456856544 8.79644811117089
      vertex 1.7414370836817392 -6.996053456856544 9.744065757881549
    endloop
  endfacet
  facet normal 0 -1 0
    outer loop
      vertex 1.7414370836817392 -6.996053456856544 9.744065757881549
      vertex 7.613022935152764 -6.996053456856544 8.79644811117089
      vertex 1.3837826975864864 -6.996053456856544 9.940687920514563
    endloop
  endfacet
  facet normal 0 -1 0
    outer loop
      vertex 2.3691480391195876 -6.996053456856544 9.224778094268238
      vertex 6.733597275182869 -6.996053456856544 8.628688694438836
      vertex 6.943769410125094 -6.996053456856544 8.711901729331277
    endloop
  endfacet
  facet normal 0 -1 0
    outer loop
      vertex 7.162713633745696 -6.996053456856544 8.76811705131164
      vertex 2.071627966683242 -6.996053456856544 9.504168039021314
      vertex 6.943769410125094 -6.996053456856544 8.711901729331277
    endloop
  endfacet
  facet normal 0 -1 0
    outer loop
      vertex 2.071627966683242 -6.996053456856544 9.504168039021314
      vertex 7.162713633745696 -6.996053456856544 8.76811705131164
      vertex 7.386977064847236 -6.996053456856544 8.79644811117089
    endloop
  endfacet
  facet normal 0 -1 0
    outer loop
      vertex 1.7414370836817392 -6.996053456856544 9.744065757881549
      vertex 7.386977064847236 -6.996053456856544 8.79644811117089
      vertex 7.613022935152764 -6.996053456856544 8.79644811117089
    endloop
  endfacet
  facet normal 0 0 1
    outer loop
      vertex -19.874418960941373 -6.996053456856544 14
      vertex 20.618033988749893 -6.902113032590307 14
      vertex 15.20406918847027 -3.2435868673918824 14
    endloop
  endfacet
  facet normal 0 0 1
    outer loop
      vertex -19.874418960941373 -6.996053456856544 14
      vertex 13.616217302413514 -2.9406879205145637 14
      vertex 13.25856291631826 -2.7440657578815486 14
    endloop
  endfacet
  facet normal 0 0 1
    outer loop
      vertex -19.874418960941373 -6.996053456856544 14
      vertex 13.995694768281421 -3.090933677959249 14
      vertex 13.616217302413514 -2.9406879205145637 14
    endloop
  endfacet
  facet normal 0 0 1
    outer loop
      vertex -19.874418960941373 -6.996053456856544 14
      vertex 13.25856291631826 -2.7440657578815486 14
      vertex 12.928372033316759 -2.5041680390213155 14
    endloop
  endfacet
  facet normal 0 0 1
    outer loop
      vertex -19.874418960941373 -6.996053456856544 14
      vertex 12.928372033316759 -2.5041680390213155 14
      vertex 12.630851960880412 -2.224778094268238 14
    endloop
  endfacet
  facet normal 0 0 1
    outer loop
      vertex -19.874418960941373 -6.996053456856544 14
      vertex 12.630851960880412 -2.224778094268238 14
      vertex 12.370694768281421 -1.9103020699505378 14
    endloop
  endfacet
  facet normal 0 0 1
    outer loop
      vertex -19.874418960941373 -6.996053456856544 14
      vertex 14.391010727596395 -3.192433564868238 14
      vertex 13.995694768281421 -3.090933677959249 14
    endloop
  endfacet
  facet normal 0 0 1
    outer loop
      vertex -19.874418960941373 -6.996053456856544 14
      vertex 15.20406918847027 -3.2435868673918824 14
      vertex 14.79593081152973 -3.2435868673918824 14
    endloop
  endfacet
  facet normal 0 0 1
    outer loop
      vertex -19.874418960941373 -6.996053456856544 14
      vertex 14.79593081152973 -3.2435868673918824 14
      vertex 14.391010727596395 -3.192433564868238 14
    endloop
  endfacet
  facet normal 0 -1 0
    outer loop
      vertex 20.125581039058627 -6.996053456856544 14
      vertex -0.6089892724036049 -6.996053456856544 10.192433564868239
      vertex -0.20406918847026814 -6.996053456856544 10.243586867391883
    endloop
  endfacet
  facet normal 0 -1 0
    outer loop
      vertex 20.125581039058627 -6.996053456856544 14
      vertex -0.20406918847026814 -6.996053456856544 10.243586867391883
      vertex 0.20406918847026814 -6.996053456856544 10.243586867391883
    endloop
  endfacet
  facet normal 0 -1 0
    outer loop
      vertex 20.125581039058627 -6.996053456856544 14
      vertex 0.20406918847026814 -6.996053456856544 10.243586867391883
      vertex 0.6089892724036049 -6.996053456856544 10.192433564868239
    endloop
  endfacet
  facet normal 0 -1 0
    outer loop
      vertex 20.125581039058627 -6.996053456856544 14
      vertex 0.6089892724036049 -6.996053456856544 10.192433564868239
      vertex 1.004305231718579 -6.996053456856544 10.09093367795925
    endloop
  endfacet
  facet normal 0 -1 0
    outer loop
      vertex 20.125581039058627 -6.996053456856544 14
      vertex 1.004305231718579 -6.996053456856544 10.09093367795925
      vertex 7.613022935152764 -6.996053456856544 8.79644811117089
    endloop
  endfacet
  facet normal 0 0 1
    outer loop
      vertex -19.874418960941373 -6.996053456856544 14
      vertex 20.125581039058627 -6.996053456856544 14
      vertex 20.618033988749893 -6.902113032590307 14
    endloop
  endfacet
  facet normal 0 0 1
    outer loop
      vertex -19.874418960941373 -6.996053456856544 14
      vertex 11.978226420863184 -1.1964047962252031 14
      vertex 11.852104726331948 -0.8082421332857783 14
    endloop
  endfacet
  facet normal 0 0 1
    outer loop
      vertex -19.874418960941373 -6.996053456856544 14
      vertex 11.852104726331948 -0.8082421332857783 14
      vertex 11.775627220727948 -0.40733300908398823 14
    endloop
  endfacet
  facet normal 0 0 1
    outer loop
      vertex -19.874418960941373 -6.996053456856544 14
      vertex 12.370694768281421 -1.9103020699505378 14
      vertex 12.152003289857443 -1.5656994408305749 14
    endloop
  endfacet
  facet normal 0 0 1
    outer loop
      vertex -19.874418960941373 -6.996053456856544 14
      vertex 12.152003289857443 -1.5656994408305749 14
      vertex 11.978226420863184 -1.1964047962252031 14
    endloop
  endfacet
  facet normal 0 0 1
    outer loop
      vertex -19.874418960941373 -6.996053456856544 14
      vertex 11.775627220727948 -0.40733300908398823 14
      vertex 11.75 0 14
    endloop
  endfacet
  facet normal 0 0 1
    outer loop
      vertex -19.874418960941373 -6.996053456856544 14
      vertex 11.75 0 14
      vertex 11.775627220727948 0.40733300908398823 14
    endloop
  endfacet
  facet normal 0 0 1
    outer loop
      vertex -19.874418960941373 -6.996053456856544 14
      vertex 11.775627220727948 0.40733300908398823 14
      vertex 11.852104726331948 0.8082421332857783 14
    endloop
  endfacet
  facet normal 0 0 1
    outer loop
      vertex -19.874418960941373 -6.996053456856544 14
      vertex 11.852104726331948 0.8082421332857783 14
      vertex 11.978226420863184 1.1964047962252031 14
    endloop
  endfacet
  facet normal 0 0 1
    outer loop
      vertex -19.874418960941373 -6.996053456856544 14
      vertex 11.978226420863184 1.1964047962252031 14
      vertex 12.152003289857443 1.5656994408305749 14
    endloop
  endfacet
  facet normal 0 0 1
    outer loop
      vertex -19.874418960941373 -6.996053456856544 14
      vertex 12.152003289857443 1.5656994408305749 14
      vertex 12.370694768281421 1.9103020699505378 14
    endloop
  endfacet
  facet normal 0 0 1
    outer loop
      vertex -19.874418960941373 -6.996053456856544 14
      vertex 12.370694768281421 1.9103020699505378 14
      vertex 12.630851960880412 2.224778094268238 14
    endloop
  endfacet
  facet normal 0 0 1
    outer loop
      vertex 12.928372033316759 2.5041680390213155 14
      vertex -6.352636818452358 -1.3869238369964203 14
      vertex -6.535511769037807 -1.5197902659036275 14
    endloop
  endfacet
  facet normal 0 0 1
    outer loop
      vertex 12.928372033316759 2.5041680390213155 14
      vertex -6.187856470641459 -1.2321847906716394 14
      vertex -6.352636818452358 -1.3869238369964203 14
    endloop
  endfacet
  facet normal 0 0 1
    outer loop
      vertex -19.874418960941373 -6.996053456856544 14
      vertex 12.630851960880412 2.224778094268238 14
      vertex 12.928372033316759 2.5041680390213155 14
    endloop
  endfacet
  facet normal 0 -1 0
    outer loop
      vertex 20.125581039058627 -6.996053456856544 14
      vertex 9.243449690031536 -6.996053456856544 6.552358203103262
      vertex 9.173597674598852 -6.996053456856544 6.337375805167579
    endloop
  endfacet
  facet normal 0 -1 0
    outer loop
      vertex 20.125581039058627 -6.996053456856544 14
      vertex 9.285806462366061 -6.996053456856544 6.774400179584252
      vertex 9.243449690031536 -6.996053456856544 6.552358203103262
    endloop
  endfacet
  facet normal 0 -1 0
    outer loop
      vertex 20.125581039058627 -6.996053456856544 14
      vertex 9.3 -6.996053456856544 7
      vertex 9.285806462366061 -6.996053456856544 6.774400179584252
    endloop
  endfacet
  facet normal 0 -1 0
    outer loop
      vertex 20.125581039058627 -6.996053456856544 14
      vertex 9.285806462366061 -6.996053456856544 7.225599820415748
      vertex 9.3 -6.996053456856544 7
    endloop
  endfacet
  facet normal 0 -1 0
    outer loop
      vertex 20.125581039058627 -6.996053456856544 14
      vertex 9.243449690031536 -6.996053456856544 7.447641796896739
      vertex 9.285806462366061 -6.996053456856544 7.225599820415748
    endloop
  endfacet
  facet normal 0 -1 0
    outer loop
      vertex 20.125581039058627 -6.996053456856544 14
      vertex 7.837286366254304 -6.996053456856544 8.76811705131164
      vertex 8.056230589874906 -6.996053456856544 8.711901729331277
    endloop
  endfacet
  facet normal 0 -1 0
    outer loop
      vertex 20.125581039058627 -6.996053456856544 14
      vertex 8.26640272481713 -6.996053456856544 8.628688694438836
      vertex 8.464488230962194 -6.996053456856544 8.519790265903627
    endloop
  endfacet
  facet normal 0 -1 0
    outer loop
      vertex 20.125581039058627 -6.996053456856544 14
      vertex 8.056230589874906 -6.996053456856544 8.711901729331277
      vertex 8.26640272481713 -6.996053456856544 8.628688694438836
    endloop
  endfacet
  facet normal 0 -1 0
    outer loop
      vertex 20.125581039058627 -6.996053456856544 14
      vertex 9.173597674598852 -6.996053456856544 7.6626241948324205
      vertex 9.243449690031536 -6.996053456856544 7.447641796896739
    endloop
  endfacet
  facet normal 0 -1 0
    outer loop
      vertex 20.125581039058627 -6.996053456856544 14
      vertex 9.077352024078955 -6.996053456856544 7.867156613383088
      vertex 9.173597674598852 -6.996053456856544 7.6626241948324205
    endloop
  endfacet
  facet normal 0 -1 0
    outer loop
      vertex 20.125581039058627 -6.996053456856544 14
      vertex 8.956230589874906 -6.996053456856544 8.058013454126451
      vertex 9.077352024078955 -6.996053456856544 7.867156613383088
    endloop
  endfacet
  facet normal 0 -1 0
    outer loop
      vertex 20.125581039058627 -6.996053456856544 14
      vertex 8.81214352935854 -6.996053456856544 8.23218479067164
      vertex 8.956230589874906 -6.996053456856544 8.058013454126451
    endloop
  endfacet
  facet normal 0 -1 0
    outer loop
      vertex 20.125581039058627 -6.996053456856544 14
      vertex 8.647363181547641 -6.996053456856544 8.38692383699642
      vertex 8.81214352935854 -6.996053456856544 8.23218479067164
    endloop
  endfacet
  facet normal 0 -1 0
    outer loop
      vertex 20.125581039058627 -6.996053456856544 14
      vertex 8.464488230962194 -6.996053456856544 8.519790265903627
      vertex 8.647363181547641 -6.996053456856544 8.38692383699642
    endloop
  endfacet
  facet normal 0.12533323356430467 -0.9921147013144778 0
    outer loop
      vertex 20.37476262917145 -6.964574501457378 0
      vertex 20.37476262917145 -6.964574501457378 14
      vertex 20.125581039058627 -6.996053456856544 14
    endloop
  endfacet
  facet normal 0.2486898871648574 -0.9685831611286304 0
    outer loop
      vertex 20.37476262917145 -6.964574501457378 0
      vertex 20.618033988749893 -6.902113032590307 14
      vertex 20.37476262917145 -6.964574501457378 14
    endloop
  endfacet
  facet normal 0.3681245526846751 -0.9297764858882525 0
    outer loop
      vertex 20.618033988749893 -6.902113032590307 0
      vertex 20.851558583130146 -6.809654104932039 14
      vertex 20.618033988749893 -6.902113032590307 14
    endloop
  endfacet
  facet normal 0.48175367410171527 -0.8763066800438636 0
    outer loop
      vertex 21.071653589957993 -6.688655851004031 0
      vertex 21.071653589957993 -6.688655851004031 14
      vertex 20.851558583130146 -6.809654104932039 14
    endloop
  endfacet
  facet normal 0.5877852522924732 -0.8090169943749475 0
    outer loop
      vertex 21.071653589957993 -6.688655851004031 0
      vertex 21.27484797949738 -6.541026485551578 14
      vertex 21.071653589957993 -6.688655851004031 14
    endloop
  endfacet
  facet normal 0.6845471059286939 -0.7289686274214066 0
    outer loop
      vertex 21.27484797949738 -6.541026485551578 0
      vertex 21.45793725484282 -6.369094211857377 14
      vertex 21.27484797949738 -6.541026485551578 14
    endloop
  endfacet
  facet normal 0.7705132427757881 -0.6374239897486912 0
    outer loop
      vertex 21.618033988749893 -6.175570504584947 0
      vertex 21.618033988749893 -6.175570504584947 14
      vertex 21.45793725484282 -6.369094211857377 14
    endloop
  endfacet
  facet normal 0.8443279255020099 -0.5358267949790049 0
    outer loop
      vertex 21.618033988749893 -6.175570504584947 0
      vertex 21.75261336008773 -5.96350734820343 14
      vertex 21.618033988749893 -6.175570504584947 14
    endloop
  endfacet
  facet normal 0.9048270524660228 -0.4257792915650658 0
    outer loop
      vertex 21.859552971776502 -5.736249105369357 0
      vertex 21.859552971776502 -5.736249105369357 14
      vertex 21.75261336008773 -5.96350734820343 14
    endloop
  endfacet
  facet normal 0.9510565162951529 -0.3090169943749494 0
    outer loop
      vertex 21.859552971776502 -5.736249105369357 0
      vertex 21.937166322257262 -5.497379774329709 14
      vertex 21.859552971776502 -5.736249105369357 14
    endloop
  endfacet
  facet normal 0.9822872507286889 -0.187381314585723 0
    outer loop
      vertex 21.984229402628955 -5.2506664671286085 0
      vertex 21.984229402628955 -5.2506664671286085 14
      vertex 21.937166322257262 -5.497379774329709 14
    endloop
  endfacet
  facet normal 0.9980267284282714 -0.06279051952931565 0
    outer loop
      vertex 22 -5 0
      vertex 22 -5 14
      vertex 21.984229402628955 -5.2506664671286085 14
    endloop
  endfacet
  facet normal 0 -1 0
    outer loop
      vertex 20.125581039058627 -6.996053456856544 14
      vertex 7.613022935152764 -6.996053456856544 8.79644811117089
      vertex 7.837286366254304 -6.996053456856544 8.76811705131164
    endloop
  endfacet
  facet normal 0 0 1
    outer loop
      vertex 20.125581039058627 -6.996053456856544 14
      vertex 20.37476262917145 -6.964574501457378 14
      vertex 20.618033988749893 -6.902113032590307 14
    endloop
  endfacet
  facet normal 0 0 1
    outer loop
      vertex 20.618033988749893 -6.902113032590307 14
      vertex 20.851558583130146 -6.809654104932039 14
      vertex 21.071653589957993 -6.688655851004031 14
    endloop
  endfacet
  facet normal 0 0 1
    outer loop
      vertex 20.618033988749893 -6.902113032590307 14
      vertex 21.071653589957993 -6.688655851004031 14
      vertex 21.618033988749893 -6.175570504584947 14
    endloop
  endfacet
  facet normal 0 0 1
    outer loop
      vertex 21.071653589957993 -6.688655851004031 14
      vertex 21.27484797949738 -6.541026485551578 14
      vertex 21.618033988749893 -6.175570504584947 14
    endloop
  endfacet
  facet normal 0 0 1
    outer loop
      vertex 21.27484797949738 -6.541026485551578 14
      vertex 21.45793725484282 -6.369094211857377 14
      vertex 21.618033988749893 -6.175570504584947 14
    endloop
  endfacet
  facet normal 0 0 1
    outer loop
      vertex 20.618033988749893 -6.902113032590307 14
      vertex 21.618033988749893 -6.175570504584947 14
      vertex 21.984229402628955 -5.2506664671286085 14
    endloop
  endfacet
  facet normal 0 0 1
    outer loop
      vertex 21.618033988749893 -6.175570504584947 14
      vertex 21.75261336008773 -5.96350734820343 14
      vertex 21.859552971776502 -5.736249105369357 14
    endloop
  endfacet
  facet normal 0 0 1
    outer loop
      vertex 21.618033988749893 -6.175570504584947 14
      vertex 21.859552971776502 -5.736249105369357 14
      vertex 21.984229402628955 -5.2506664671286085 14
    endloop
  endfacet
  facet normal 0 0 1
    outer loop
      vertex 21.859552971776502 -5.736249105369357 14
      vertex 21.937166322257262 -5.497379774329709 14
      vertex 21.984229402628955 -5.2506664671286085 14
    endloop
  endfacet
  facet normal 0 0 1
    outer loop
      vertex 20.618033988749893 -6.902113032590307 14
      vertex 15.608989272403605 -3.192433564868238 14
      vertex 15.20406918847027 -3.2435868673918824 14
    endloop
  endfacet
  facet normal 0 0 1
    outer loop
      vertex 20.618033988749893 -6.902113032590307 14
      vertex 16.00430523171858 -3.090933677959249 14
      vertex 15.608989272403605 -3.192433564868238 14
    endloop
  endfacet
  facet normal 0 0 1
    outer loop
      vertex 20.618033988749893 -6.902113032590307 14
      vertex 16.383782697586486 -2.9406879205145637 14
      vertex 16.00430523171858 -3.090933677959249 14
    endloop
  endfacet
  facet normal 0 0 1
    outer loop
      vertex 20.618033988749893 -6.902113032590307 14
      vertex 16.74143708368174 -2.7440657578815495 14
      vertex 16.383782697586486 -2.9406879205145637 14
    endloop
  endfacet
  facet normal 0 0 1
    outer loop
      vertex 20.618033988749893 -6.902113032590307 14
      vertex 17.07162796668324 -2.504168039021314 14
      vertex 16.74143708368174 -2.7440657578815495 14
    endloop
  endfacet
  facet normal 0 0 1
    outer loop
      vertex 20.618033988749893 -6.902113032590307 14
      vertex 17.369148039119587 -2.224778094268238 14
      vertex 17.07162796668324 -2.504168039021314 14
    endloop
  endfacet
  facet normal 0 0 1
    outer loop
      vertex 20.618033988749893 -6.902113032590307 14
      vertex 17.62930523171858 -1.9103020699505378 14
      vertex 17.369148039119587 -2.224778094268238 14
    endloop
  endfacet
  facet normal 1 0 0
    outer loop
      vertex 22 -5 0
      vertex 22 5 14
      vertex 22 -5 14
    endloop
  endfacet
  facet normal 0 0 1
    outer loop
      vertex 20.618033988749893 -6.902113032590307 14
      vertex 17.847996710142557 -1.5656994408305749 14
      vertex 17.62930523171858 -1.9103020699505378 14
    endloop
  endfacet
  facet normal 0 0 1
    outer loop
      vertex 20.618033988749893 -6.902113032590307 14
      vertex 18.021773579136816 -1.1964047962252047 14
      vertex 17.847996710142557 -1.5656994408305749 14
    endloop
  endfacet
  facet normal 0 0 1
    outer loop
      vertex 20.618033988749893 -6.902113032590307 14
      vertex 18.147895273668052 -0.8082421332857769 14
      vertex 18.021773579136816 -1.1964047962252047 14
    endloop
  endfacet
  facet normal 0 0 1
    outer loop
      vertex 20.618033988749893 -6.902113032590307 14
      vertex 18.224372779272052 -0.40733300908398823 14
      vertex 18.147895273668052 -0.8082421332857769 14
    endloop
  endfacet
  facet normal 0 0 1
    outer loop
      vertex 20.618033988749893 -6.902113032590307 14
      vertex 18.25 0 14
      vertex 18.224372779272052 -0.40733300908398823 14
    endloop
  endfacet
  facet normal 0 0 1
    outer loop
      vertex 20.618033988749893 -6.902113032590307 14
      vertex 18.224372779272052 0.40733300908398884 14
      vertex 18.25 0 14
    endloop
  endfacet
  facet normal 0 0 1
    outer loop
      vertex 20.618033988749893 -6.902113032590307 14
      vertex 21.984229402628955 -5.2506664671286085 14
      vertex 22 5 14
    endloop
  endfacet
  facet normal 0 0 1
    outer loop
      vertex 21.984229402628955 -5.2506664671286085 14
      vertex 22 -5 14
      vertex 22 5 14
    endloop
  endfacet
  facet normal 0 0 1
    outer loop
      vertex 20.618033988749893 -6.902113032590307 14
      vertex 22 5 14
      vertex 18.224372779272052 0.40733300908398884 14
    endloop
  endfacet
  facet normal 0 0 -1
    outer loop
      vertex 22 5 0
      vertex -6.73359727518287 -1.6286886944388352 0
      vertex -6.535511769037807 -1.5197902659036275 0
    endloop
  endfacet
  facet normal 0 0 -1
    outer loop
      vertex 22 5 0
      vertex -6.535511769037807 -1.5197902659036275 0
      vertex -6.352636818452358 -1.3869238369964203 0
    endloop
  endfacet
  facet normal 0 0 -1
    outer loop
      vertex 22 5 0
      vertex -6.352636818452358 -1.3869238369964203 0
      vertex -6.187856470641459 -1.2321847906716394 0
    endloop
  endfacet
  facet normal 0 0 -1
    outer loop
      vertex 22 5 0
      vertex -6.187856470641459 -1.2321847906716394 0
      vertex -6.043769410125094 -1.0580134541264516 0
    endloop
  endfacet
  facet normal 0 0 -1
    outer loop
      vertex 22 5 0
      vertex -6.043769410125094 -1.0580134541264516 0
      vertex -5.922647975921046 -0.8671566133830877 0
    endloop
  endfacet
  facet normal 0 0 -1
    outer loop
      vertex 22 5 0
      vertex -5.922647975921046 -0.8671566133830877 0
      vertex -5.826402325401148 -0.6626241948324211 0
    endloop
  endfacet
  facet normal 0 0 -1
    outer loop
      vertex 22 5 0
      vertex -5.826402325401148 -0.6626241948324211 0
      vertex -5.756550309968464 -0.447641796896738 0
    endloop
  endfacet
  facet normal 0 0 -1
    outer loop
      vertex 22 5 0
      vertex -5.756550309968464 -0.447641796896738 0
      vertex -5.71419353763394 -0.22559982041574733 0
    endloop
  endfacet
  facet normal 0 0 -1
    outer loop
      vertex 22 5 0
      vertex -5.71419353763394 -0.22559982041574733 0
      vertex -5.7 0 0
    endloop
  endfacet
  facet normal 0 0 -1
    outer loop
      vertex 22 5 0
      vertex -5.7 0 0
      vertex -5.71419353763394 0.22559982041574766 0
    endloop
  endfacet
  facet normal 0 0 -1
    outer loop
      vertex 22 5 0
      vertex -7.613022935152764 1.7964481111708888 0
      vertex -13.258562916318262 2.744065757881549 0
    endloop
  endfacet
  facet normal 0 0 -1
    outer loop
      vertex 22 5 0
      vertex -6.943769410125094 1.7119017293312764 0
      vertex -7.162713633745696 1.7681170513116398 0
    endloop
  endfacet
  facet normal 0 0 -1
    outer loop
      vertex 22 5 0
      vertex -7.386977064847236 1.7964481111708888 0
      vertex -7.613022935152764 1.7964481111708888 0
    endloop
  endfacet
  facet normal 0 0 -1
    outer loop
      vertex 22 5 0
      vertex -7.162713633745696 1.7681170513116398 0
      vertex -7.386977064847236 1.7964481111708888 0
    endloop
  endfacet
  facet normal 0 0 -1
    outer loop
      vertex 22 5 0
      vertex -5.826402325401148 0.6626241948324204 0
      vertex -5.922647975921046 0.8671566133830876 0
    endloop
  endfacet
  facet normal 0 0 -1
    outer loop
      vertex 22 5 0
      vertex -5.71419353763394 0.22559982041574766 0
      vertex -5.756550309968464 0.44764179689673866 0
    endloop
  endfacet
  facet normal 0 0 -1
    outer loop
      vertex 22 5 0
      vertex -5.756550309968464 0.44764179689673866 0
      vertex -5.826402325401148 0.6626241948324204 0
    endloop
  endfacet
  facet normal 0 0 -1
    outer loop
      vertex 22 5 0
      vertex -5.922647975921046 0.8671566133830876 0
      vertex -6.043769410125094 1.0580134541264516 0
    endloop
  endfacet
  facet normal 0 0 -1
    outer loop
      vertex 22 5 0
      vertex -6.043769410125094 1.0580134541264516 0
      vertex -6.187856470641459 1.2321847906716397 0
    endloop
  endfacet
  facet normal 0 0 -1
    outer loop
      vertex 22 5 0
      vertex -6.187856470641459 1.2321847906716397 0
      vertex -6.352636818452359 1.3869238369964205 0
    endloop
  endfacet
  facet normal 0 0 -1
    outer loop
      vertex 22 5 0
      vertex -6.5355117690378055 1.519790265903627 0
      vertex -6.733597275182869 1.628688694438835 0
    endloop
  endfacet
  facet normal 0 0 -1
    outer loop
      vertex 22 5 0
      vertex -6.352636818452359 1.3869238369964205 0
      vertex -6.5355117690378055 1.519790265903627 0
    endloop
  endfacet
  facet normal 0 0 -1
    outer loop
      vertex 22 5 0
      vertex -6.733597275182869 1.628688694438835 0
      vertex -6.943769410125094 1.7119017293312764 0
    endloop
  endfacet
  facet normal 0 0 -1
    outer loop
      vertex -6.73359727518287 -1.6286886944388352 0
      vertex 13.995694768281421 3.090933677959249 0
      vertex 13.616217302413514 2.9406879205145633 0
    endloop
  endfacet
  facet normal 0 0 -1
    outer loop
      vertex -6.73359727518287 -1.6286886944388352 0
      vertex 14.391010727596395 3.1924335648682383 0
      vertex 13.995694768281421 3.090933677959249 0
    endloop
  endfacet
  facet normal 0 0 -1
    outer loop
      vertex 22 5 0
      vertex 14.391010727596395 3.1924335648682383 0
      vertex -6.73359727518287 -1.6286886944388352 0
    endloop
  endfacet
  facet normal 0 0 -1
    outer loop
      vertex -19.874418960941373 6.996053456856544 0
      vertex 20.125581039058627 6.996053456856544 0
      vertex 22 5 0
    endloop
  endfacet
  facet normal 0 1 0
    outer loop
      vertex 20.125581039058627 6.996053456856544 0
      vertex -0.6089892724036057 6.996053456856544 3.807566435131762
      vertex -0.20406918847026972 6.996053456856544 3.7564131326081176
    endloop
  endfacet
  facet normal 0 1 0
    outer loop
      vertex 20.125581039058627 6.996053456856544 0
      vertex -0.20406918847026972 6.996053456856544 3.7564131326081176
      vertex 0.20406918847026972 6.996053456856544 3.7564131326081176
    endloop
  endfacet
  facet normal 0 1 0
    outer loop
      vertex 20.125581039058627 6.996053456856544 0
      vertex 0.20406918847026972 6.996053456856544 3.7564131326081176
      vertex 0.6089892724036057 6.996053456856544 3.807566435131762
    endloop
  endfacet
  facet normal 0 1 0
    outer loop
      vertex 20.125581039058627 6.996053456856544 0
      vertex 0.6089892724036057 6.996053456856544 3.807566435131762
      vertex 1.004305231718579 6.996053456856544 3.909066322040751
    endloop
  endfacet
  facet normal 0 1 0
    outer loop
      vertex 20.125581039058627 6.996053456856544 0
      vertex 1.004305231718579 6.996053456856544 3.909066322040751
      vertex 7.613022935152765 6.996053456856544 5.203551888829111
    endloop
  endfacet
  facet normal 0 1 0
    outer loop
      vertex 1.3837826975864855 6.996053456856544 4.059312079485436
      vertex 7.613022935152765 6.996053456856544 5.203551888829111
      vertex 1.004305231718579 6.996053456856544 3.909066322040751
    endloop
  endfacet
  facet normal 0 1 0
    outer loop
      vertex 1.7414370836817377 6.996053456856544 4.2559342421184505
      vertex 7.613022935152765 6.996053456856544 5.203551888829111
      vertex 1.3837826975864855 6.996053456856544 4.059312079485436
    endloop
  endfacet
  facet normal 0 1 0
    outer loop
      vertex 2.0716279666832422 6.996053456856544 4.495831960978686
      vertex 7.386977064847235 6.996053456856544 5.203551888829111
      vertex 1.7414370836817377 6.996053456856544 4.2559342421184505
    endloop
  endfacet
  facet normal 0 1 0
    outer loop
      vertex 2.369148039119588 6.996053456856544 4.775221905731762
      vertex 6.943769410125094 6.996053456856544 5.288098270668724
      vertex 2.0716279666832422 6.996053456856544 4.495831960978686
    endloop
  endfacet
  facet normal 0 1 0
    outer loop
      vertex 2.369148039119588 6.996053456856544 4.775221905731762
      vertex 2.629305231718579 6.996053456856544 5.0896979300494625
      vertex 6.73359727518287 6.996053456856544 5.371311305561164
    endloop
  endfacet
  facet normal 0 1 0
    outer loop
      vertex 7.162713633745695 6.996053456856544 5.2318829486883605
      vertex 2.0716279666832422 6.996053456856544 4.495831960978686
      vertex 6.943769410125094 6.996053456856544 5.288098270668724
    endloop
  endfacet
  facet normal 0 1 0
    outer loop
      vertex 2.369148039119588 6.996053456856544 4.775221905731762
      vertex 6.73359727518287 6.996053456856544 5.371311305561164
      vertex 6.943769410125094 6.996053456856544 5.288098270668724
    endloop
  endfacet
  facet normal 0 1 0
    outer loop
      vertex 2.629305231718579 6.996053456856544 5.0896979300494625
      vertex 2.8479967101425565 6.996053456856544 5.434300559169425
      vertex 6.352636818452359 6.996053456856544 5.613076163003579
    endloop
  endfacet
  facet normal 0 1 0
    outer loop
      vertex 2.8479967101425565 6.996053456856544 5.434300559169425
      vertex 3.0217735791368163 6.996053456856544 5.803595203774796
      vertex 6.187856470641459 6.996053456856544 5.767815209328361
    endloop
  endfacet
  facet normal 0 1 0
    outer loop
      vertex 3.0217735791368163 6.996053456856544 5.803595203774796
      vertex 3.1478952736680514 6.996053456856544 6.191757866714223
      vertex 6.043769410125094 6.996053456856544 5.941986545873548
    endloop
  endfacet
  facet normal 0 1 0
    outer loop
      vertex 6.73359727518287 6.996053456856544 5.371311305561164
      vertex 2.629305231718579 6.996053456856544 5.0896979300494625
      vertex 6.5355117690378055 6.996053456856544 5.480209734096373
    endloop
  endfacet
  facet normal 0 1 0
    outer loop
      vertex 2.629305231718579 6.996053456856544 5.0896979300494625
      vertex 6.352636818452359 6.996053456856544 5.613076163003579
      vertex 6.5355117690378055 6.996053456856544 5.480209734096373
    endloop
  endfacet
  facet normal 0 1 0
    outer loop
      vertex 2.8479967101425565 6.996053456856544 5.434300559169425
      vertex 6.187856470641459 6.996053456856544 5.767815209328361
      vertex 6.352636818452359 6.996053456856544 5.613076163003579
    endloop
  endfacet
  facet normal 0 1 0
    outer loop
      vertex 3.0217735791368163 6.996053456856544 5.803595203774796
      vertex 6.043769410125094 6.996053456856544 5.941986545873548
      vertex 6.187856470641459 6.996053456856544 5.767815209328361
    endloop
  endfacet
  facet normal 0 1 0
    outer loop
      vertex 5.922647975921046 6.996053456856544 6.132843386616912
      vertex 6.043769410125094 6.996053456856544 5.941986545873548
      vertex 3.1478952736680514 6.996053456856544 6.191757866714223
    endloop
  endfacet
  facet normal 0 1 0
    outer loop
      vertex 3.1478952736680514 6.996053456856544 6.191757866714223
      vertex 3.224372779272053 6.996053456856544 6.592666990916012
      vertex 5.826402325401148 6.996053456856544 6.3373758051675795
    endloop
  endfacet
  facet normal 0 1 0
    outer loop
      vertex 3.224372779272053 6.996053456856544 6.592666990916012
      vertex 3.25 6.996053456856544 7
      vertex 5.756550309968464 6.996053456856544 6.552358203103261
    endloop
  endfacet
  facet normal 0 1 0
    outer loop
      vertex 3.1478952736680514 6.996053456856544 6.191757866714223
      vertex 5.826402325401148 6.996053456856544 6.3373758051675795
      vertex 5.922647975921046 6.996053456856544 6.132843386616912
    endloop
  endfacet
  facet normal 0 1 0
    outer loop
      vertex 3.224372779272053 6.996053456856544 6.592666990916012
      vertex 5.756550309968464 6.996053456856544 6.552358203103261
      vertex 5.826402325401148 6.996053456856544 6.3373758051675795
    endloop
  endfacet
  facet normal 0 1 0
    outer loop
      vertex 5.71419353763394 6.996053456856544 6.774400179584252
      vertex 5.756550309968464 6.996053456856544 6.552358203103261
      vertex 3.25 6.996053456856544 7
    endloop
  endfacet
  facet normal 0 1 0
    outer loop
      vertex 5.7 6.996053456856544 7
      vertex 5.71419353763394 6.996053456856544 6.774400179584252
      vertex 3.25 6.996053456856544 7
    endloop
  endfacet
  facet normal 0 1 0
    outer loop
      vertex 1.7414370836817377 6.996053456856544 4.2559342421184505
      vertex 7.386977064847235 6.996053456856544 5.203551888829111
      vertex 7.613022935152765 6.996053456856544 5.203551888829111
    endloop
  endfacet
  facet normal 0 1 0
    outer loop
      vertex 2.0716279666832422 6.996053456856544 4.495831960978686
      vertex 7.162713633745695 6.996053456856544 5.2318829486883605
      vertex 7.386977064847235 6.996053456856544 5.203551888829111
    endloop
  endfacet
  facet normal 0 0 -1
    outer loop
      vertex 22 5 0
      vertex 17.847996710142557 1.5656994408305749 0
      vertex 17.62930523171858 1.9103020699505378 0
    endloop
  endfacet
  facet normal 0 0 -1
    outer loop
      vertex 22 5 0
      vertex 17.62930523171858 1.9103020699505378 0
      vertex 17.369148039119587 2.2247780942682382 0
    endloop
  endfacet
  facet normal 0 0 -1
    outer loop
      vertex 22 5 0
      vertex 17.369148039119587 2.2247780942682382 0
      vertex 17.07162796668324 2.5041680390213146 0
    endloop
  endfacet
  facet normal 0 0 -1
    outer loop
      vertex 22 5 0
      vertex 17.07162796668324 2.5041680390213146 0
      vertex 16.74143708368174 2.744065757881549 0
    endloop
  endfacet
  facet normal 0 0 -1
    outer loop
      vertex 22 5 0
      vertex 18.224372779272052 0.40733300908398884 0
      vertex 18.147895273668052 0.8082421332857781 0
    endloop
  endfacet
  facet normal 0 0 -1
    outer loop
      vertex 22 5 0
      vertex 18.147895273668052 0.8082421332857781 0
      vertex 18.021773579136816 1.1964047962252033 0
    endloop
  endfacet
  facet normal 0 0 -1
    outer loop
      vertex 22 5 0
      vertex 18.021773579136816 1.1964047962252033 0
      vertex 17.847996710142557 1.5656994408305749 0
    endloop
  endfacet
  facet normal 1 0 0
    outer loop
      vertex 22 -5 0
      vertex 22 5 0
      vertex 22 5 14
    endloop
  endfacet
  facet normal 0 1 0
    outer loop
      vertex 20.125581039058627 6.996053456856544 0
      vertex 7.613022935152765 6.996053456856544 5.203551888829111
      vertex 7.837286366254305 6.996053456856544 5.2318829486883605
    endloop
  endfacet
  facet normal 0 0 -1
    outer loop
      vertex 22 5 0
      vertex 14.795930811529733 3.2435868673918824 0
      vertex 14.391010727596395 3.1924335648682383 0
    endloop
  endfacet
  facet normal 0 0 -1
    outer loop
      vertex 22 5 0
      vertex 15.204069188470267 3.2435868673918824 0
      vertex 14.795930811529733 3.2435868673918824 0
    endloop
  endfacet
  facet normal 0 0 -1
    outer loop
      vertex 22 5 0
      vertex 15.608989272403605 3.1924335648682383 0
      vertex 15.204069188470267 3.2435868673918824 0
    endloop
  endfacet
  facet normal 0 0 -1
    outer loop
      vertex 22 5 0
      vertex 16.00430523171858 3.090933677959249 0
      vertex 15.608989272403605 3.1924335648682383 0
    endloop
  endfacet
  facet normal 0 0 -1
    outer loop
      vertex 22 5 0
      vertex 16.383782697586486 2.9406879205145633 0
      vertex 16.00430523171858 3.090933677959249 0
    endloop
  endfacet
  facet normal 0 0 -1
    outer loop
      vertex 22 5 0
      vertex 16.74143708368174 2.744065757881549 0
      vertex 16.383782697586486 2.9406879205145633 0
    endloop
  endfacet
  facet normal 0 0 -1
    outer loop
      vertex 22 5 0
      vertex 21.859552971776502 5.736249105369356 0
      vertex 21.984229402628955 5.2506664671286085 0
    endloop
  endfacet
  facet normal 0 0 -1
    outer loop
      vertex 21.984229402628955 5.2506664671286085 0
      vertex 21.859552971776502 5.736249105369356 0
      vertex 21.937166322257262 5.497379774329709 0
    endloop
  endfacet
  facet normal 0 0 -1
    outer loop
      vertex 22 5 0
      vertex 21.45793725484282 6.3690942118573775 0
      vertex 21.859552971776502 5.736249105369356 0
    endloop
  endfacet
  facet normal 0 0 -1
    outer loop
      vertex 21.859552971776502 5.736249105369356 0
      vertex 21.45793725484282 6.3690942118573775 0
      vertex 21.75261336008773 5.96350734820343 0
    endloop
  endfacet
  facet normal 0 0 -1
    outer loop
      vertex 20.125581039058627 6.996053456856544 0
      vertex 20.37476262917145 6.964574501457378 0
      vertex 20.618033988749893 6.902113032590307 0
    endloop
  endfacet
  facet normal 0 0 -1
    outer loop
      vertex 20.125581039058627 6.996053456856544 0
      vertex 20.618033988749893 6.902113032590307 0
      vertex 20.851558583130146 6.809654104932039 0
    endloop
  endfacet
  facet normal 0 0 -1
    outer loop
      vertex 22 5 0
      vertex 20.125581039058627 6.996053456856544 0
      vertex 21.45793725484282 6.3690942118573775 0
    endloop
  endfacet
  facet normal 0 0 -1
    outer loop
      vertex 21.75261336008773 5.96350734820343 0
      vertex 21.45793725484282 6.3690942118573775 0
      vertex 21.618033988749893 6.175570504584947 0
    endloop
  endfacet
  facet normal 0 0 -1
    outer loop
      vertex 20.125581039058627 6.996053456856544 0
      vertex 20.851558583130146 6.809654104932039 0
      vertex 21.45793725484282 6.3690942118573775 0
    endloop
  endfacet
  facet normal 0 0 -1
    outer loop
      vertex 21.27484797949738 6.541026485551578 0
      vertex 21.45793725484282 6.3690942118573775 0
      vertex 20.851558583130146 6.809654104932039 0
    endloop
  endfacet
  facet normal 0 0 -1
    outer loop
      vertex 21.27484797949738 6.541026485551578 0
      vertex 20.851558583130146 6.809654104932039 0
      vertex 21.071653589957993 6.688655851004031 0
    endloop
  endfacet
  facet normal 0 1 0
    outer loop
      vertex 20.125581039058627 6.996053456856544 0
      vertex 7.837286366254305 6.996053456856544 5.2318829486883605
      vertex 8.056230589874906 6.996053456856544 5.288098270668724
    endloop
  endfacet
  facet normal 0 1 0
    outer loop
      vertex 20.125581039058627 6.996053456856544 0
      vertex 8.056230589874906 6.996053456856544 5.288098270668724
      vertex 8.26640272481713 6.996053456856544 5.371311305561164
    endloop
  endfacet
  facet normal 0 1 0
    outer loop
      vertex 20.125581039058627 6.996053456856544 0
      vertex 8.26640272481713 6.996053456856544 5.371311305561164
      vertex 8.464488230962193 6.996053456856544 5.4802097340963725
    endloop
  endfacet
  facet normal 0 1 0
    outer loop
      vertex 20.125581039058627 6.996053456856544 0
      vertex 8.464488230962193 6.996053456856544 5.4802097340963725
      vertex 8.647363181547641 6.996053456856544 5.61307616300358
    endloop
  endfacet
  facet normal 0 1 0
    outer loop
      vertex 20.125581039058627 6.996053456856544 0
      vertex 8.647363181547641 6.996053456856544 5.61307616300358
      vertex 8.812143529358542 6.996053456856544 5.767815209328361
    endloop
  endfacet
  facet normal 0 1 0
    outer loop
      vertex 20.125581039058627 6.996053456856544 0
      vertex 8.812143529358542 6.996053456856544 5.767815209328361
      vertex 8.956230589874906 6.996053456856544 5.941986545873548
    endloop
  endfacet
  facet normal 0 1 0
    outer loop
      vertex 20.125581039058627 6.996053456856544 0
      vertex 8.956230589874906 6.996053456856544 5.941986545873548
      vertex 9.077352024078955 6.996053456856544 6.132843386616912
    endloop
  endfacet
  facet normal 0 1 0
    outer loop
      vertex 20.125581039058627 6.996053456856544 0
      vertex 9.077352024078955 6.996053456856544 6.132843386616912
      vertex 9.173597674598852 6.996053456856544 6.337375805167579
    endloop
  endfacet
  facet normal 0 1 0
    outer loop
      vertex 20.125581039058627 6.996053456856544 0
      vertex 9.173597674598852 6.996053456856544 6.337375805167579
      vertex 9.243449690031536 6.996053456856544 6.552358203103262
    endloop
  endfacet
  facet normal 0 1 0
    outer loop
      vertex 20.125581039058627 6.996053456856544 0
      vertex 9.243449690031536 6.996053456856544 6.552358203103262
      vertex 9.285806462366061 6.996053456856544 6.774400179584252
    endloop
  endfacet
  facet normal 0 1 0
    outer loop
      vertex 20.125581039058627 6.996053456856544 0
      vertex 9.285806462366061 6.996053456856544 6.774400179584252
      vertex 9.3 6.996053456856544 7
    endloop
  endfacet
  facet normal 0 1 0
    outer loop
      vertex 20.125581039058627 6.996053456856544 0
      vertex 9.3 6.996053456856544 7
      vertex 9.285806462366061 6.996053456856544 7.225599820415748
    endloop
  endfacet
  facet normal 0 1 0
    outer loop
      vertex 20.125581039058627 6.996053456856544 0
      vertex 9.285806462366061 6.996053456856544 7.225599820415748
      vertex 9.243449690031536 6.996053456856544 7.447641796896739
    endloop
  endfacet
  facet normal 0 1 0
    outer loop
      vertex 20.125581039058627 6.996053456856544 0
      vertex 9.243449690031536 6.996053456856544 7.447641796896739
      vertex 9.173597674598852 6.996053456856544 7.6626241948324205
    endloop
  endfacet
  facet normal 0.9980267284282714 0.06279051952931565 0
    outer loop
      vertex 22 5 0
      vertex 21.984229402628955 5.2506664671286085 0
      vertex 21.984229402628955 5.2506664671286085 14
    endloop
  endfacet
  facet normal 0.9822872507286889 0.187381314585723 0
    outer loop
      vertex 21.984229402628955 5.2506664671286085 0
      vertex 21.937166322257262 5.497379774329709 0
      vertex 21.937166322257262 5.497379774329709 14
    endloop
  endfacet
  facet normal 0.9510565162951526 0.30901699437495045 0
    outer loop
      vertex 21.937166322257262 5.497379774329709 0
      vertex 21.859552971776502 5.736249105369356 0
      vertex 21.937166322257262 5.497379774329709 14
    endloop
  endfacet
  facet normal 0.9048270524660235 0.42577929156506444 0
    outer loop
      vertex 21.859552971776502 5.736249105369356 0
      vertex 21.75261336008773 5.96350734820343 0
      vertex 21.75261336008773 5.96350734820343 14
    endloop
  endfacet
  facet normal 0.8443279255020099 0.5358267949790049 0
    outer loop
      vertex 21.75261336008773 5.96350734820343 0
      vertex 21.618033988749893 6.175570504584947 0
      vertex 21.75261336008773 5.96350734820343 14
    endloop
  endfacet
  facet normal 0.12533323356430467 0.9921147013144778 0
    outer loop
      vertex 20.125581039058627 6.996053456856544 0
      vertex 20.37476262917145 6.964574501457378 14
      vertex 20.37476262917145 6.964574501457378 0
    endloop
  endfacet
  facet normal 0.2486898871648574 0.9685831611286304 0
    outer loop
      vertex 20.37476262917145 6.964574501457378 0
      vertex 20.37476262917145 6.964574501457378 14
      vertex 20.618033988749893 6.902113032590307 0
    endloop
  endfacet
  facet normal 0.7705132427757896 0.6374239897486894 0
    outer loop
      vertex 21.618033988749893 6.175570504584947 0
      vertex 21.45793725484282 6.3690942118573775 0
      vertex 21.618033988749893 6.175570504584947 14
    endloop
  endfacet
  facet normal 0.6845471059286921 0.7289686274214083 0
    outer loop
      vertex 21.27484797949738 6.541026485551578 0
      vertex 21.27484797949738 6.541026485551578 14
      vertex 21.45793725484282 6.3690942118573775 0
    endloop
  endfacet
  facet normal 0.5877852522924732 0.8090169943749475 0
    outer loop
      vertex 21.27484797949738 6.541026485551578 0
      vertex 21.071653589957993 6.688655851004031 0
      vertex 21.071653589957993 6.688655851004031 14
    endloop
  endfacet
  facet normal 0.48175367410171527 0.8763066800438636 0
    outer loop
      vertex 21.071653589957993 6.688655851004031 0
      vertex 20.851558583130146 6.809654104932039 0
      vertex 21.071653589957993 6.688655851004031 14
    endloop
  endfacet
  facet normal 0.3681245526846751 0.9297764858882525 0
    outer loop
      vertex 20.618033988749893 6.902113032590307 0
      vertex 20.618033988749893 6.902113032590307 14
      vertex 20.851558583130146 6.809654104932039 0
    endloop
  endfacet
  facet normal 0 0 1
    outer loop
      vertex 12.928372033316759 2.5041680390213155 14
      vertex -6.043769410125094 -1.0580134541264516 14
      vertex -6.187856470641459 -1.2321847906716394 14
    endloop
  endfacet
  facet normal 0 0 1
    outer loop
      vertex 12.928372033316759 2.5041680390213155 14
      vertex -5.922647975921046 -0.8671566133830877 14
      vertex -6.043769410125094 -1.0580134541264516 14
    endloop
  endfacet
  facet normal 0 0 1
    outer loop
      vertex 12.928372033316759 2.5041680390213155 14
      vertex -5.826402325401148 -0.6626241948324211 14
      vertex -5.922647975921046 -0.8671566133830877 14
    endloop
  endfacet
  facet normal 0 0 1
    outer loop
      vertex 12.928372033316759 2.5041680390213155 14
      vertex -5.756550309968464 -0.447641796896738 14
      vertex -5.826402325401148 -0.6626241948324211 14
    endloop
  endfacet
  facet normal 0 0 1
    outer loop
      vertex 12.928372033316759 2.5041680390213155 14
      vertex -5.71419353763394 -0.22559982041574733 14
      vertex -5.756550309968464 -0.447641796896738 14
    endloop
  endfacet
  facet normal 0 0 1
    outer loop
      vertex 12.928372033316759 2.5041680390213155 14
      vertex -5.7 0 14
      vertex -5.71419353763394 -0.22559982041574733 14
    endloop
  endfacet
  facet normal 0 0 1
    outer loop
      vertex 12.928372033316759 2.5041680390213155 14
      vertex -5.71419353763394 0.22559982041574766 14
      vertex -5.7 0 14
    endloop
  endfacet
  facet normal 0 0 1
    outer loop
      vertex 12.928372033316759 2.5041680390213155 14
      vertex -5.756550309968464 0.44764179689673866 14
      vertex -5.71419353763394 0.22559982041574766 14
    endloop
  endfacet
  facet normal 0 0 1
    outer loop
      vertex 12.928372033316759 2.5041680390213155 14
      vertex -5.826402325401148 0.6626241948324204 14
      vertex -5.756550309968464 0.44764179689673866 14
    endloop
  endfacet
  facet normal 0 0 1
    outer loop
      vertex 12.928372033316759 2.5041680390213155 14
      vertex -6.043769410125094 1.0580134541264516 14
      vertex -5.922647975921046 0.8671566133830876 14
    endloop
  endfacet
  facet normal 0 0 1
    outer loop
      vertex 12.928372033316759 2.5041680390213155 14
      vertex -5.922647975921046 0.8671566133830876 14
      vertex -5.826402325401148 0.6626241948324204 14
    endloop
  endfacet
  facet normal 0 0 1
    outer loop
      vertex 12.928372033316759 2.5041680390213155 14
      vertex -6.187856470641459 1.2321847906716397 14
      vertex -6.043769410125094 1.0580134541264516 14
    endloop
  endfacet
  facet normal 0 0 1
    outer loop
      vertex 12.928372033316759 2.5041680390213155 14
      vertex -6.352636818452359 1.3869238369964205 14
      vertex -6.187856470641459 1.2321847906716397 14
    endloop
  endfacet
  facet normal 0 0 1
    outer loop
      vertex -6.5355117690378055 1.519790265903627 14
      vertex -6.352636818452359 1.3869238369964205 14
      vertex 12.928372033316759 2.5041680390213155 14
    endloop
  endfacet
  facet normal 0 0 1
    outer loop
      vertex -6.5355117690378055 1.519790265903627 14
      vertex 12.928372033316759 2.5041680390213155 14
      vertex 13.25856291631826 2.7440657578815486 14
    endloop
  endfacet
  facet normal 0 0 1
    outer loop
      vertex -6.733597275182869 1.628688694438835 14
      vertex 13.25856291631826 2.7440657578815486 14
      vertex 13.616217302413514 2.9406879205145633 14
    endloop
  endfacet
  facet normal 0 1 0
    outer loop
      vertex 5.7 6.996053456856544 7
      vertex 3.25 6.996053456856544 7
      vertex 3.224372779272053 6.996053456856544 7.407333009083989
    endloop
  endfacet
  facet normal 0 1 0
    outer loop
      vertex 3.224372779272053 6.996053456856544 7.407333009083989
      vertex 5.71419353763394 6.996053456856544 7.225599820415748
      vertex 5.7 6.996053456856544 7
    endloop
  endfacet
  facet normal 0 1 0
    outer loop
      vertex 3.224372779272053 6.996053456856544 7.407333009083989
      vertex 5.756550309968464 6.996053456856544 7.447641796896739
      vertex 5.71419353763394 6.996053456856544 7.225599820415748
    endloop
  endfacet
  facet normal 0 1 0
    outer loop
      vertex 3.224372779272053 6.996053456856544 7.407333009083989
      vertex 5.826402325401148 6.996053456856544 7.6626241948324205
      vertex 5.756550309968464 6.996053456856544 7.447641796896739
    endloop
  endfacet
  facet normal 0 1 0
    outer loop
      vertex 3.224372779272053 6.996053456856544 7.407333009083989
      vertex 5.922647975921046 6.996053456856544 7.867156613383088
      vertex 5.826402325401148 6.996053456856544 7.6626241948324205
    endloop
  endfacet
  facet normal 0 1 0
    outer loop
      vertex 3.224372779272053 6.996053456856544 7.407333009083989
      vertex 6.043769410125094 6.996053456856544 8.058013454126451
      vertex 5.922647975921046 6.996053456856544 7.867156613383088
    endloop
  endfacet
  facet normal 0 1 0
    outer loop
      vertex 3.224372779272053 6.996053456856544 7.407333009083989
      vertex 6.187856470641459 6.996053456856544 8.232184790671639
      vertex 6.043769410125094 6.996053456856544 8.058013454126451
    endloop
  endfacet
  facet normal 0 1 0
    outer loop
      vertex 3.224372779272053 6.996053456856544 7.407333009083989
      vertex 6.352636818452359 6.996053456856544 8.38692383699642
      vertex 6.187856470641459 6.996053456856544 8.232184790671639
    endloop
  endfacet
  facet normal 0 1 0
    outer loop
      vertex 3.224372779272053 6.996053456856544 7.407333009083989
      vertex 6.5355117690378055 6.996053456856544 8.519790265903627
      vertex 6.352636818452359 6.996053456856544 8.38692383699642
    endloop
  endfacet
  facet normal 0 1 0
    outer loop
      vertex 3.224372779272053 6.996053456856544 7.407333009083989
      vertex 6.733597275182869 6.996053456856544 8.628688694438836
      vertex 6.5355117690378055 6.996053456856544 8.519790265903627
    endloop
  endfacet
  facet normal 0 1 0
    outer loop
      vertex 20.125581039058627 6.996053456856544 14
      vertex 3.224372779272053 6.996053456856544 7.407333009083989
      vertex 3.147895273668051 6.996053456856544 7.808242133285778
    endloop
  endfacet
  facet normal 0 1 0
    outer loop
      vertex 20.125581039058627 6.996053456856544 14
      vertex 3.147895273668051 6.996053456856544 7.808242133285778
      vertex 3.0217735791368168 6.996053456856544 8.196404796225202
    endloop
  endfacet
  facet normal 0 1 0
    outer loop
      vertex 20.125581039058627 6.996053456856544 14
      vertex 3.0217735791368168 6.996053456856544 8.196404796225202
      vertex 2.8479967101425565 6.996053456856544 8.565699440830574
    endloop
  endfacet
  facet normal 0 1 0
    outer loop
      vertex 20.125581039058627 6.996053456856544 14
      vertex 2.8479967101425565 6.996053456856544 8.565699440830574
      vertex 2.629305231718579 6.996053456856544 8.910302069950538
    endloop
  endfacet
  facet normal 0 1 0
    outer loop
      vertex 20.125581039058627 6.996053456856544 14
      vertex 6.733597275182869 6.996053456856544 8.628688694438836
      vertex 3.224372779272053 6.996053456856544 7.407333009083989
    endloop
  endfacet
  facet normal 0 0 1
    outer loop
      vertex -19.874418960941373 6.996053456856544 14
      vertex 13.616217302413514 2.9406879205145633 14
      vertex 13.995694768281421 3.090933677959249 14
    endloop
  endfacet
  facet normal 0 0 1
    outer loop
      vertex -19.874418960941373 6.996053456856544 14
      vertex 13.995694768281421 3.090933677959249 14
      vertex 14.391010727596395 3.1924335648682383 14
    endloop
  endfacet
  facet normal 0 0 1
    outer loop
      vertex -19.874418960941373 6.996053456856544 14
      vertex 14.391010727596395 3.1924335648682383 14
      vertex 14.795930811529733 3.2435868673918824 14
    endloop
  endfacet
  facet normal 0 0 1
    outer loop
      vertex -19.874418960941373 6.996053456856544 14
      vertex 14.795930811529733 3.2435868673918824 14
      vertex 15.204069188470267 3.2435868673918824 14
    endloop
  endfacet
  facet normal 0 0 1
    outer loop
      vertex -19.874418960941373 6.996053456856544 14
      vertex 15.204069188470267 3.2435868673918824 14
      vertex 22 5 14
    endloop
  endfacet
  facet normal 0 1 0
    outer loop
      vertex 20.125581039058627 6.996053456856544 14
      vertex 2.3691480391195876 6.996053456856544 9.224778094268238
      vertex 2.071627966683242 6.996053456856544 9.504168039021314
    endloop
  endfacet
  facet normal 0 1 0
    outer loop
      vertex 20.125581039058627 6.996053456856544 14
      vertex 1.3837826975864864 6.996053456856544 9.940687920514563
      vertex 1.004305231718579 6.996053456856544 10.09093367795925
    endloop
  endfacet
  facet normal 0 1 0
    outer loop
      vertex 20.125581039058627 6.996053456856544 14
      vertex 2.071627966683242 6.996053456856544 9.504168039021314
      vertex 1.7414370836817392 6.996053456856544 9.744065757881549
    endloop
  endfacet
  facet normal 0 1 0
    outer loop
      vertex 20.125581039058627 6.996053456856544 14
      vertex 1.7414370836817392 6.996053456856544 9.744065757881549
      vertex 1.3837826975864864 6.996053456856544 9.940687920514563
    endloop
  endfacet
  facet normal 0 1 0
    outer loop
      vertex 20.125581039058627 6.996053456856544 14
      vertex -0.20406918847026814 6.996053456856544 10.243586867391883
      vertex -0.6089892724036049 6.996053456856544 10.192433564868239
    endloop
  endfacet
  facet normal 0 1 0
    outer loop
      vertex 20.125581039058627 6.996053456856544 14
      vertex 0.20406918847026814 6.996053456856544 10.243586867391883
      vertex -0.20406918847026814 6.996053456856544 10.243586867391883
    endloop
  endfacet
  facet normal 0 1 0
    outer loop
      vertex 20.125581039058627 6.996053456856544 14
      vertex 0.6089892724036049 6.996053456856544 10.192433564868239
      vertex 0.20406918847026814 6.996053456856544 10.243586867391883
    endloop
  endfacet
  facet normal 0 1 0
    outer loop
      vertex 20.125581039058627 6.996053456856544 14
      vertex 1.004305231718579 6.996053456856544 10.09093367795925
      vertex 0.6089892724036049 6.996053456856544 10.192433564868239
    endloop
  endfacet
  facet normal 0 1 0
    outer loop
      vertex 20.125581039058627 6.996053456856544 14
      vertex 2.629305231718579 6.996053456856544 8.910302069950538
      vertex 2.3691480391195876 6.996053456856544 9.224778094268238
    endloop
  endfacet
  facet normal 0 0 1
    outer loop
      vertex -19.874418960941373 6.996053456856544 14
      vertex 22 5 14
      vertex 20.125581039058627 6.996053456856544 14
    endloop
  endfacet
  facet normal 0 0 1
    outer loop
      vertex 22 5 14
      vertex 17.62930523171858 1.9103020699505378 14
      vertex 17.847996710142557 1.5656994408305749 14
    endloop
  endfacet
  facet normal 0 0 1
    outer loop
      vertex 22 5 14
      vertex 17.369148039119587 2.2247780942682382 14
      vertex 17.62930523171858 1.9103020699505378 14
    endloop
  endfacet
  facet normal 0 0 1
    outer loop
      vertex 22 5 14
      vertex 17.07162796668324 2.5041680390213146 14
      vertex 17.369148039119587 2.2247780942682382 14
    endloop
  endfacet
  facet normal 0 0 1
    outer loop
      vertex 22 5 14
      vertex 16.74143708368174 2.744065757881549 14
      vertex 17.07162796668324 2.5041680390213146 14
    endloop
  endfacet
  facet normal 0 0 1
    outer loop
      vertex 22 5 14
      vertex 18.147895273668052 0.8082421332857781 14
      vertex 18.224372779272052 0.40733300908398884 14
    endloop
  endfacet
  facet normal 0 0 1
    outer loop
      vertex 22 5 14
      vertex 18.021773579136816 1.1964047962252033 14
      vertex 18.147895273668052 0.8082421332857781 14
    endloop
  endfacet
  facet normal 0 0 1
    outer loop
      vertex 22 5 14
      vertex 17.847996710142557 1.5656994408305749 14
      vertex 18.021773579136816 1.1964047962252033 14
    endloop
  endfacet
  facet normal 0 1 0
    outer loop
      vertex 20.125581039058627 6.996053456856544 0
      vertex 9.173597674598852 6.996053456856544 7.6626241948324205
      vertex 20.125581039058627 6.996053456856544 14
    endloop
  endfacet
  facet normal 0 1 0
    outer loop
      vertex 20.125581039058627 6.996053456856544 14
      vertex 6.943769410125094 6.996053456856544 8.711901729331277
      vertex 6.733597275182869 6.996053456856544 8.628688694438836
    endloop
  endfacet
  facet normal 0 1 0
    outer loop
      vertex 20.125581039058627 6.996053456856544 14
      vertex 7.162713633745696 6.996053456856544 8.76811705131164
      vertex 6.943769410125094 6.996053456856544 8.711901729331277
    endloop
  endfacet
  facet normal 0 1 0
    outer loop
      vertex 20.125581039058627 6.996053456856544 14
      vertex 8.056230589874906 6.996053456856544 8.711901729331277
      vertex 7.837286366254304 6.996053456856544 8.76811705131164
    endloop
  endfacet
  facet normal 0 1 0
    outer loop
      vertex 20.125581039058627 6.996053456856544 14
      vertex 8.464488230962194 6.996053456856544 8.519790265903627
      vertex 8.26640272481713 6.996053456856544 8.628688694438836
    endloop
  endfacet
  facet normal 0 1 0
    outer loop
      vertex 20.125581039058627 6.996053456856544 14
      vertex 8.26640272481713 6.996053456856544 8.628688694438836
      vertex 8.056230589874906 6.996053456856544 8.711901729331277
    endloop
  endfacet
  facet normal 0 1 0
    outer loop
      vertex 20.125581039058627 6.996053456856544 14
      vertex 9.173597674598852 6.996053456856544 7.6626241948324205
      vertex 9.077352024078955 6.996053456856544 7.867156613383088
    endloop
  endfacet
  facet normal 0 1 0
    outer loop
      vertex 20.125581039058627 6.996053456856544 14
      vertex 9.077352024078955 6.996053456856544 7.867156613383088
      vertex 8.956230589874906 6.996053456856544 8.058013454126451
    endloop
  endfacet
  facet normal 0 1 0
    outer loop
      vertex 20.125581039058627 6.996053456856544 14
      vertex 8.956230589874906 6.996053456856544 8.058013454126451
      vertex 8.81214352935854 6.996053456856544 8.23218479067164
    endloop
  endfacet
  facet normal 0 1 0
    outer loop
      vertex 20.125581039058627 6.996053456856544 14
      vertex 8.81214352935854 6.996053456856544 8.23218479067164
      vertex 8.647363181547641 6.996053456856544 8.38692383699642
    endloop
  endfacet
  facet normal 0 1 0
    outer loop
      vertex 20.125581039058627 6.996053456856544 14
      vertex 8.647363181547641 6.996053456856544 8.38692383699642
      vertex 8.464488230962194 6.996053456856544 8.519790265903627
    endloop
  endfacet
  facet normal 0.9980267284282714 0.06279051952931565 0
    outer loop
      vertex 22 5 0
      vertex 21.984229402628955 5.2506664671286085 14
      vertex 22 5 14
    endloop
  endfacet
  facet normal 0.9822872507286889 0.187381314585723 0
    outer loop
      vertex 21.984229402628955 5.2506664671286085 0
      vertex 21.937166322257262 5.497379774329709 14
      vertex 21.984229402628955 5.2506664671286085 14
    endloop
  endfacet
  facet normal 0.9510565162951526 0.30901699437495045 0
    outer loop
      vertex 21.859552971776502 5.736249105369356 0
      vertex 21.859552971776502 5.736249105369356 14
      vertex 21.937166322257262 5.497379774329709 14
    endloop
  endfacet
  facet normal 0.9048270524660235 0.42577929156506444 0
    outer loop
      vertex 21.859552971776502 5.736249105369356 0
      vertex 21.75261336008773 5.96350734820343 14
      vertex 21.859552971776502 5.736249105369356 14
    endloop
  endfacet
  facet normal 0.8443279255020099 0.5358267949790049 0
    outer loop
      vertex 21.618033988749893 6.175570504584947 0
      vertex 21.618033988749893 6.175570504584947 14
      vertex 21.75261336008773 5.96350734820343 14
    endloop
  endfacet
  facet normal 0.12533323356430467 0.9921147013144778 0
    outer loop
      vertex 20.125581039058627 6.996053456856544 0
      vertex 20.125581039058627 6.996053456856544 14
      vertex 20.37476262917145 6.964574501457378 14
    endloop
  endfacet
  facet normal 0.2486898871648574 0.9685831611286304 0
    outer loop
      vertex 20.618033988749893 6.902113032590307 0
      vertex 20.37476262917145 6.964574501457378 14
      vertex 20.618033988749893 6.902113032590307 14
    endloop
  endfacet
  facet normal 0.7705132427757896 0.6374239897486894 0
    outer loop
      vertex 21.45793725484282 6.3690942118573775 0
      vertex 21.45793725484282 6.3690942118573775 14
      vertex 21.618033988749893 6.175570504584947 14
    endloop
  endfacet
  facet normal 0.6845471059286921 0.7289686274214083 0
    outer loop
      vertex 21.45793725484282 6.3690942118573775 0
      vertex 21.27484797949738 6.541026485551578 14
      vertex 21.45793725484282 6.3690942118573775 14
    endloop
  endfacet
  facet normal 0.48175367410171527 0.8763066800438636 0
    outer loop
      vertex 20.851558583130146 6.809654104932039 0
      vertex 20.851558583130146 6.809654104932039 14
      vertex 21.071653589957993 6.688655851004031 14
    endloop
  endfacet
  facet normal 0.5877852522924732 0.8090169943749475 0
    outer loop
      vertex 21.27484797949738 6.541026485551578 0
      vertex 21.071653589957993 6.688655851004031 14
      vertex 21.27484797949738 6.541026485551578 14
    endloop
  endfacet
  facet normal 0.3681245526846751 0.9297764858882525 0
    outer loop
      vertex 20.851558583130146 6.809654104932039 0
      vertex 20.618033988749893 6.902113032590307 14
      vertex 20.851558583130146 6.809654104932039 14
    endloop
  endfacet
  facet normal 0 1 0
    outer loop
      vertex 20.125581039058627 6.996053456856544 14
      vertex 7.386977064847236 6.996053456856544 8.79644811117089
      vertex 7.162713633745696 6.996053456856544 8.76811705131164
    endloop
  endfacet
  facet normal 0 1 0
    outer loop
      vertex 20.125581039058627 6.996053456856544 14
      vertex 7.613022935152764 6.996053456856544 8.79644811117089
      vertex 7.386977064847236 6.996053456856544 8.79644811117089
    endloop
  endfacet
  facet normal 0 1 0
    outer loop
      vertex 20.125581039058627 6.996053456856544 14
      vertex 7.837286366254304 6.996053456856544 8.76811705131164
      vertex 7.613022935152764 6.996053456856544 8.79644811117089
    endloop
  endfacet
  facet normal 0 0 1
    outer loop
      vertex 22 5 14
      vertex 15.204069188470267 3.2435868673918824 14
      vertex 15.608989272403605 3.1924335648682383 14
    endloop
  endfacet
  facet normal 0 0 1
    outer loop
      vertex 22 5 14
      vertex 15.608989272403605 3.1924335648682383 14
      vertex 16.00430523171858 3.090933677959249 14
    endloop
  endfacet
  facet normal 0 0 1
    outer loop
      vertex 22 5 14
      vertex 16.00430523171858 3.090933677959249 14
      vertex 16.383782697586486 2.9406879205145633 14
    endloop
  endfacet
  facet normal 0 0 1
    outer loop
      vertex 22 5 14
      vertex 16.383782697586486 2.9406879205145633 14
      vertex 16.74143708368174 2.744065757881549 14
    endloop
  endfacet
  facet normal 0 0 1
    outer loop
      vertex 22 5 14
      vertex 21.984229402628955 5.2506664671286085 14
      vertex 21.859552971776502 5.736249105369356 14
    endloop
  endfacet
  facet normal 0 0 1
    outer loop
      vertex 21.984229402628955 5.2506664671286085 14
      vertex 21.937166322257262 5.497379774329709 14
      vertex 21.859552971776502 5.736249105369356 14
    endloop
  endfacet
  facet normal 0 0 1
    outer loop
      vertex 22 5 14
      vertex 21.859552971776502 5.736249105369356 14
      vertex 21.45793725484282 6.3690942118573775 14
    endloop
  endfacet
  facet normal 0 0 1
    outer loop
      vertex 21.859552971776502 5.736249105369356 14
      vertex 21.75261336008773 5.96350734820343 14
      vertex 21.45793725484282 6.3690942118573775 14
    endloop
  endfacet
  facet normal 0 0 1
    outer loop
      vertex 20.125581039058627 6.996053456856544 14
      vertex 20.618033988749893 6.902113032590307 14
      vertex 20.37476262917145 6.964574501457378 14
    endloop
  endfacet
  facet normal 0 0 1
    outer loop
      vertex 20.125581039058627 6.996053456856544 14
      vertex 20.851558583130146 6.809654104932039 14
      vertex 20.618033988749893 6.902113032590307 14
    endloop
  endfacet
  facet normal 0 0 1
    outer loop
      vertex 22 5 14
      vertex 21.45793725484282 6.3690942118573775 14
      vertex 20.125581039058627 6.996053456856544 14
    endloop
  endfacet
  facet normal 0 0 1
    outer loop
      vertex 21.75261336008773 5.96350734820343 14
      vertex 21.618033988749893 6.175570504584947 14
      vertex 21.45793725484282 6.3690942118573775 14
    endloop
  endfacet
  facet normal 0 0 1
    outer loop
      vertex 20.125581039058627 6.996053456856544 14
      vertex 21.45793725484282 6.3690942118573775 14
      vertex 20.851558583130146 6.809654104932039 14
    endloop
  endfacet
  facet normal 0 0 1
    outer loop
      vertex 21.27484797949738 6.541026485551578 14
      vertex 20.851558583130146 6.809654104932039 14
      vertex 21.45793725484282 6.3690942118573775 14
    endloop
  endfacet
  facet normal 0 0 1
    outer loop
      vertex 21.27484797949738 6.541026485551578 14
      vertex 21.071653589957993 6.688655851004031 14
      vertex 20.851558583130146 6.809654104932039 14
    endloop
  endfacet
  facet normal 0.48175367410171754 0.8763066800438623 0
    outer loop
      vertex -16.74143708368174 -2.7440657578815486 0
      vertex -16.74143708368174 -2.7440657578815486 14
      vertex -16.383782697586486 -2.9406879205145637 0
    endloop
  endfacet
  facet normal 0.6845471059286905 0.7289686274214099 0
    outer loop
      vertex -17.07162796668324 -2.5041680390213155 0
      vertex -17.369148039119587 -2.224778094268238 0
      vertex -17.369148039119587 -2.224778094268238 14
    endloop
  endfacet
  facet normal 0.5877852522924712 0.8090169943749489 0
    outer loop
      vertex -17.07162796668324 -2.5041680390213155 0
      vertex -17.07162796668324 -2.5041680390213155 14
      vertex -16.74143708368174 -2.7440657578815486 0
    endloop
  endfacet
  facet normal 0.770513242775788 0.6374239897486911 0
    outer loop
      vertex -17.369148039119587 -2.224778094268238 0
      vertex -17.62930523171858 -1.9103020699505378 0
      vertex -17.62930523171858 -1.9103020699505378 14
    endloop
  endfacet
  facet normal 0.9048270524660204 0.42577929156507105 0
    outer loop
      vertex -17.847996710142557 -1.5656994408305749 0
      vertex -18.021773579136816 -1.1964047962252031 0
      vertex -18.021773579136816 -1.1964047962252031 14
    endloop
  endfacet
  facet normal 0.9510565162951524 0.30901699437495106 0
    outer loop
      vertex -18.021773579136816 -1.1964047962252031 0
      vertex -18.147895273668052 -0.8082421332857783 0
      vertex -18.147895273668052 -0.8082421332857783 14
    endloop
  endfacet
  facet normal 0.844327925502015 0.5358267949789968 0
    outer loop
      vertex -17.62930523171858 -1.9103020699505378 0
      vertex -17.847996710142557 -1.5656994408305749 0
      vertex -17.847996710142557 -1.5656994408305749 14
    endloop
  endfacet
  facet normal 0.9822872507286895 0.18738131458572027 0
    outer loop
      vertex -18.147895273668052 -0.8082421332857783 0
      vertex -18.224372779272052 -0.40733300908398823 0
      vertex -18.224372779272052 -0.40733300908398823 14
    endloop
  endfacet
  facet normal 0.9980267284282713 0.06279051952931575 0
    outer loop
      vertex -18.224372779272052 -0.40733300908398823 0
      vertex -18.25 0 0
      vertex -18.25 0 14
    endloop
  endfacet
  facet normal 0.24868988716485427 0.9685831611286312 0
    outer loop
      vertex -16.00430523171858 -3.090933677959249 0
      vertex -16.00430523171858 -3.090933677959249 14
      vertex -15.608989272403605 -3.192433564868238 0
    endloop
  endfacet
  facet normal 0.1253332335643051 0.9921147013144777 0
    outer loop
      vertex -15.608989272403605 -3.192433564868238 0
      vertex -15.608989272403605 -3.192433564868238 14
      vertex -15.20406918847027 -3.2435868673918824 0
    endloop
  endfacet
  facet normal 0.36812455268467653 0.9297764858882519 0
    outer loop
      vertex -16.383782697586486 -2.9406879205145637 0
      vertex -16.383782697586486 -2.9406879205145637 14
      vertex -16.00430523171858 -3.090933677959249 0
    endloop
  endfacet
  facet normal 0 1 0
    outer loop
      vertex -15.20406918847027 -3.2435868673918824 0
      vertex -15.20406918847027 -3.2435868673918824 14
      vertex -14.79593081152973 -3.2435868673918824 0
    endloop
  endfacet
  facet normal -0.1253332335643051 0.9921147013144777 0
    outer loop
      vertex -14.79593081152973 -3.2435868673918824 0
      vertex -14.79593081152973 -3.2435868673918824 14
      vertex -14.391010727596395 -3.192433564868238 0
    endloop
  endfacet
  facet normal -0.24868988716485427 0.9685831611286312 0
    outer loop
      vertex -14.391010727596395 -3.192433564868238 0
      vertex -14.391010727596395 -3.192433564868238 14
      vertex -13.995694768281421 -3.090933677959249 0
    endloop
  endfacet
  facet normal -0.36812455268467653 0.9297764858882519 0
    outer loop
      vertex -13.995694768281421 -3.090933677959249 0
      vertex -13.995694768281421 -3.090933677959249 14
      vertex -13.616217302413514 -2.9406879205145637 0
    endloop
  endfacet
  facet normal -0.4817536741017159 0.8763066800438633 0
    outer loop
      vertex -13.616217302413514 -2.9406879205145637 0
      vertex -13.616217302413514 -2.9406879205145637 14
      vertex -13.258562916318262 -2.7440657578815495 0
    endloop
  endfacet
  facet normal -0.5877852522924748 0.8090169943749463 0
    outer loop
      vertex -13.258562916318262 -2.7440657578815495 0
      vertex -13.258562916318262 -2.7440657578815495 14
      vertex -12.928372033316759 -2.504168039021314 0
    endloop
  endfacet
  facet normal -0.6845471059286864 0.7289686274214136 0
    outer loop
      vertex -12.928372033316759 -2.504168039021314 0
      vertex -12.928372033316759 -2.504168039021314 14
      vertex -12.630851960880412 -2.224778094268238 0
    endloop
  endfacet
  facet normal -0.7705132427757903 0.6374239897486885 0
    outer loop
      vertex -12.630851960880412 -2.224778094268238 0
      vertex -12.630851960880412 -2.224778094268238 14
      vertex -12.370694768281421 -1.9103020699505378 0
    endloop
  endfacet
  facet normal -0.844327925502015 0.5358267949789968 0
    outer loop
      vertex -12.152003289857443 -1.5656994408305749 0
      vertex -12.370694768281421 -1.9103020699505378 0
      vertex -12.370694768281421 -1.9103020699505378 14
    endloop
  endfacet
  facet normal -0.9048270524660197 0.4257792915650725 0
    outer loop
      vertex -11.978226420863184 -1.1964047962252047 0
      vertex -12.152003289857443 -1.5656994408305749 0
      vertex -12.152003289857443 -1.5656994408305749 14
    endloop
  endfacet
  facet normal -0.9510565162951531 0.3090169943749489 0
    outer loop
      vertex -11.852104726331948 -0.8082421332857769 0
      vertex -11.978226420863184 -1.1964047962252047 0
      vertex -11.978226420863184 -1.1964047962252047 14
    endloop
  endfacet
  facet normal -0.9822872507286893 0.1873813145857209 0
    outer loop
      vertex -11.775627220727948 -0.40733300908398823 0
      vertex -11.852104726331948 -0.8082421332857769 0
      vertex -11.852104726331948 -0.8082421332857769 14
    endloop
  endfacet
  facet normal -0.9980267284282713 0.06279051952931575 0
    outer loop
      vertex -11.775627220727948 -0.40733300908398823 0
      vertex -11.775627220727948 -0.40733300908398823 14
      vertex -11.75 0 0
    endloop
  endfacet
  facet normal 0.48175367410171754 0.8763066800438623 0
    outer loop
      vertex -16.383782697586486 -2.9406879205145637 0
      vertex -16.74143708368174 -2.7440657578815486 14
      vertex -16.383782697586486 -2.9406879205145637 14
    endloop
  endfacet
  facet normal 0.5877852522924712 0.8090169943749489 0
    outer loop
      vertex -16.74143708368174 -2.7440657578815486 0
      vertex -17.07162796668324 -2.5041680390213155 14
      vertex -16.74143708368174 -2.7440657578815486 14
    endloop
  endfacet
  facet normal 0.6845471059286905 0.7289686274214099 0
    outer loop
      vertex -17.07162796668324 -2.5041680390213155 0
      vertex -17.369148039119587 -2.224778094268238 14
      vertex -17.07162796668324 -2.5041680390213155 14
    endloop
  endfacet
  facet normal 0.770513242775788 0.6374239897486911 0
    outer loop
      vertex -17.369148039119587 -2.224778094268238 0
      vertex -17.62930523171858 -1.9103020699505378 14
      vertex -17.369148039119587 -2.224778094268238 14
    endloop
  endfacet
  facet normal 0.844327925502015 0.5358267949789968 0
    outer loop
      vertex -17.62930523171858 -1.9103020699505378 0
      vertex -17.847996710142557 -1.5656994408305749 14
      vertex -17.62930523171858 -1.9103020699505378 14
    endloop
  endfacet
  facet normal 0.9048270524660204 0.42577929156507105 0
    outer loop
      vertex -17.847996710142557 -1.5656994408305749 0
      vertex -18.021773579136816 -1.1964047962252031 14
      vertex -17.847996710142557 -1.5656994408305749 14
    endloop
  endfacet
  facet normal 0.9510565162951524 0.30901699437495106 0
    outer loop
      vertex -18.021773579136816 -1.1964047962252031 0
      vertex -18.147895273668052 -0.8082421332857783 14
      vertex -18.021773579136816 -1.1964047962252031 14
    endloop
  endfacet
  facet normal 0.9822872507286895 0.18738131458572027 0
    outer loop
      vertex -18.147895273668052 -0.8082421332857783 0
      vertex -18.224372779272052 -0.40733300908398823 14
      vertex -18.147895273668052 -0.8082421332857783 14
    endloop
  endfacet
  facet normal 0.9980267284282713 0.06279051952931575 0
    outer loop
      vertex -18.224372779272052 -0.40733300908398823 0
      vertex -18.25 0 14
      vertex -18.224372779272052 -0.40733300908398823 14
    endloop
  endfacet
  facet normal 0.24868988716485427 0.9685831611286312 0
    outer loop
      vertex -15.608989272403605 -3.192433564868238 0
      vertex -16.00430523171858 -3.090933677959249 14
      vertex -15.608989272403605 -3.192433564868238 14
    endloop
  endfacet
  facet normal 0.1253332335643051 0.9921147013144777 0
    outer loop
      vertex -15.20406918847027 -3.2435868673918824 0
      vertex -15.608989272403605 -3.192433564868238 14
      vertex -15.20406918847027 -3.2435868673918824 14
    endloop
  endfacet
  facet normal 0.36812455268467653 0.9297764858882519 0
    outer loop
      vertex -16.00430523171858 -3.090933677959249 0
      vertex -16.383782697586486 -2.9406879205145637 14
      vertex -16.00430523171858 -3.090933677959249 14
    endloop
  endfacet
  facet normal 0 1 0
    outer loop
      vertex -14.79593081152973 -3.2435868673918824 0
      vertex -15.20406918847027 -3.2435868673918824 14
      vertex -14.79593081152973 -3.2435868673918824 14
    endloop
  endfacet
  facet normal -0.1253332335643051 0.9921147013144777 0
    outer loop
      vertex -14.391010727596395 -3.192433564868238 0
      vertex -14.79593081152973 -3.2435868673918824 14
      vertex -14.391010727596395 -3.192433564868238 14
    endloop
  endfacet
  facet normal -0.24868988716485427 0.9685831611286312 0
    outer loop
      vertex -13.995694768281421 -3.090933677959249 0
      vertex -14.391010727596395 -3.192433564868238 14
      vertex -13.995694768281421 -3.090933677959249 14
    endloop
  endfacet
  facet normal -0.36812455268467653 0.9297764858882519 0
    outer loop
      vertex -13.616217302413514 -2.9406879205145637 0
      vertex -13.995694768281421 -3.090933677959249 14
      vertex -13.616217302413514 -2.9406879205145637 14
    endloop
  endfacet
  facet normal -0.4817536741017159 0.8763066800438633 0
    outer loop
      vertex -13.258562916318262 -2.7440657578815495 0
      vertex -13.616217302413514 -2.9406879205145637 14
      vertex -13.258562916318262 -2.7440657578815495 14
    endloop
  endfacet
  facet normal -0.5877852522924748 0.8090169943749463 0
    outer loop
      vertex -12.928372033316759 -2.504168039021314 0
      vertex -13.258562916318262 -2.7440657578815495 14
      vertex -12.928372033316759 -2.504168039021314 14
    endloop
  endfacet
  facet normal -0.6845471059286864 0.7289686274214136 0
    outer loop
      vertex -12.630851960880412 -2.224778094268238 0
      vertex -12.928372033316759 -2.504168039021314 14
      vertex -12.630851960880412 -2.224778094268238 14
    endloop
  endfacet
  facet normal -0.7705132427757903 0.6374239897486885 0
    outer loop
      vertex -12.370694768281421 -1.9103020699505378 0
      vertex -12.630851960880412 -2.224778094268238 14
      vertex -12.370694768281421 -1.9103020699505378 14
    endloop
  endfacet
  facet normal -0.844327925502015 0.5358267949789968 0
    outer loop
      vertex -12.152003289857443 -1.5656994408305749 0
      vertex -12.370694768281421 -1.9103020699505378 14
      vertex -12.152003289857443 -1.5656994408305749 14
    endloop
  endfacet
  facet normal -0.9048270524660197 0.4257792915650725 0
    outer loop
      vertex -11.978226420863184 -1.1964047962252047 0
      vertex -12.152003289857443 -1.5656994408305749 14
      vertex -11.978226420863184 -1.1964047962252047 14
    endloop
  endfacet
  facet normal -0.9510565162951531 0.3090169943749489 0
    outer loop
      vertex -11.852104726331948 -0.8082421332857769 0
      vertex -11.978226420863184 -1.1964047962252047 14
      vertex -11.852104726331948 -0.8082421332857769 14
    endloop
  endfacet
  facet normal -0.9822872507286893 0.1873813145857209 0
    outer loop
      vertex -11.775627220727948 -0.40733300908398823 0
      vertex -11.852104726331948 -0.8082421332857769 14
      vertex -11.775627220727948 -0.40733300908398823 14
    endloop
  endfacet
  facet normal -0.9980267284282713 0.06279051952931575 0
    outer loop
      vertex -11.75 0 0
      vertex -11.775627220727948 -0.40733300908398823 14
      vertex -11.75 0 14
    endloop
  endfacet
  facet normal 0.9980267284282713 -0.06279051952931575 0
    outer loop
      vertex -18.25 0 0
      vertex -18.224372779272052 0.40733300908398823 0
      vertex -18.224372779272052 0.40733300908398823 14
    endloop
  endfacet
  facet normal 0.9822872507286895 -0.18738131458572027 0
    outer loop
      vertex -18.224372779272052 0.40733300908398823 0
      vertex -18.147895273668052 0.8082421332857783 0
      vertex -18.147895273668052 0.8082421332857783 14
    endloop
  endfacet
  facet normal 0.9510565162951524 -0.30901699437495106 0
    outer loop
      vertex -18.147895273668052 0.8082421332857783 0
      vertex -18.021773579136816 1.1964047962252031 0
      vertex -18.021773579136816 1.1964047962252031 14
    endloop
  endfacet
  facet normal 0.9048270524660204 -0.42577929156507105 0
    outer loop
      vertex -18.021773579136816 1.1964047962252031 0
      vertex -17.847996710142557 1.5656994408305749 0
      vertex -17.847996710142557 1.5656994408305749 14
    endloop
  endfacet
  facet normal 0.844327925502015 -0.5358267949789968 0
    outer loop
      vertex -17.847996710142557 1.5656994408305749 0
      vertex -17.62930523171858 1.9103020699505378 0
      vertex -17.62930523171858 1.9103020699505378 14
    endloop
  endfacet
  facet normal 0.770513242775788 -0.6374239897486911 0
    outer loop
      vertex -17.62930523171858 1.9103020699505378 0
      vertex -17.369148039119587 2.224778094268238 0
      vertex -17.369148039119587 2.224778094268238 14
    endloop
  endfacet
  facet normal 0.6845471059286905 -0.7289686274214099 0
    outer loop
      vertex -17.07162796668324 2.5041680390213155 0
      vertex -17.07162796668324 2.5041680390213155 14
      vertex -17.369148039119587 2.224778094268238 0
    endloop
  endfacet
  facet normal 0.5877852522924712 -0.8090169943749489 0
    outer loop
      vertex -16.74143708368174 2.7440657578815486 0
      vertex -16.74143708368174 2.7440657578815486 14
      vertex -17.07162796668324 2.5041680390213155 0
    endloop
  endfacet
  facet normal 0.48175367410171677 -0.8763066800438628 0
    outer loop
      vertex -16.383782697586486 2.9406879205145633 0
      vertex -16.383782697586486 2.9406879205145633 14
      vertex -16.74143708368174 2.7440657578815486 0
    endloop
  endfacet
  facet normal -0.9980267284282713 -0.06279051952931565 0
    outer loop
      vertex -11.75 0 0
      vertex -11.75 0 14
      vertex -11.775627220727948 0.40733300908398884 0
    endloop
  endfacet
  facet normal -0.9822872507286895 -0.18738131458572066 0
    outer loop
      vertex -11.852104726331948 0.8082421332857781 0
      vertex -11.775627220727948 0.40733300908398884 0
      vertex -11.775627220727948 0.40733300908398884 14
    endloop
  endfacet
  facet normal -0.9510565162951525 -0.3090169943749508 0
    outer loop
      vertex -11.978226420863184 1.1964047962252033 0
      vertex -11.852104726331948 0.8082421332857781 0
      vertex -11.852104726331948 0.8082421332857781 14
    endloop
  endfacet
  facet normal -0.9048270524660201 -0.4257792915650712 0
    outer loop
      vertex -12.152003289857443 1.5656994408305749 0
      vertex -11.978226420863184 1.1964047962252033 0
      vertex -11.978226420863184 1.1964047962252033 14
    endloop
  endfacet
  facet normal -0.844327925502015 -0.5358267949789968 0
    outer loop
      vertex -12.370694768281421 1.9103020699505378 0
      vertex -12.152003289857443 1.5656994408305749 0
      vertex -12.152003289857443 1.5656994408305749 14
    endloop
  endfacet
  facet normal 0.3681245526846775 -0.9297764858882516 0
    outer loop
      vertex -16.00430523171858 3.090933677959249 0
      vertex -16.00430523171858 3.090933677959249 14
      vertex -16.383782697586486 2.9406879205145633 0
    endloop
  endfacet
  facet normal 0.24868988716485532 -0.9685831611286311 0
    outer loop
      vertex -15.608989272403605 3.1924335648682383 0
      vertex -15.608989272403605 3.1924335648682383 14
      vertex -16.00430523171858 3.090933677959249 0
    endloop
  endfacet
  facet normal 0.12533323356430348 -0.992114701314478 0
    outer loop
      vertex -15.204069188470267 3.2435868673918824 0
      vertex -15.204069188470267 3.2435868673918824 14
      vertex -15.608989272403605 3.1924335648682383 0
    endloop
  endfacet
  facet normal 0 -1 0
    outer loop
      vertex -14.795930811529733 3.2435868673918824 0
      vertex -14.795930811529733 3.2435868673918824 14
      vertex -15.204069188470267 3.2435868673918824 0
    endloop
  endfacet
  facet normal -0.12533323356430348 -0.992114701314478 0
    outer loop
      vertex -14.391010727596395 3.1924335648682383 0
      vertex -14.391010727596395 3.1924335648682383 14
      vertex -14.795930811529733 3.2435868673918824 0
    endloop
  endfacet
  facet normal -0.24868988716485532 -0.9685831611286311 0
    outer loop
      vertex -13.995694768281421 3.090933677959249 0
      vertex -13.995694768281421 3.090933677959249 14
      vertex -14.391010727596395 3.1924335648682383 0
    endloop
  endfacet
  facet normal -0.7705132427757884 -0.6374239897486906 0
    outer loop
      vertex -12.630851960880413 2.2247780942682382 0
      vertex -12.370694768281421 1.9103020699505378 0
      vertex -12.370694768281421 1.9103020699505378 14
    endloop
  endfacet
  facet normal -0.6845471059286887 -0.7289686274214116 0
    outer loop
      vertex -12.630851960880413 2.2247780942682382 0
      vertex -12.630851960880413 2.2247780942682382 14
      vertex -12.928372033316759 2.5041680390213146 0
    endloop
  endfacet
  facet normal -0.5877852522924734 -0.8090169943749472 0
    outer loop
      vertex -12.928372033316759 2.5041680390213146 0
      vertex -12.928372033316759 2.5041680390213146 14
      vertex -13.258562916318262 2.744065757881549 0
    endloop
  endfacet
  facet normal -0.4817536741017159 -0.8763066800438633 0
    outer loop
      vertex -13.258562916318262 2.744065757881549 0
      vertex -13.258562916318262 2.744065757881549 14
      vertex -13.616217302413514 2.9406879205145633 0
    endloop
  endfacet
  facet normal -0.3681245526846775 -0.9297764858882516 0
    outer loop
      vertex -13.616217302413514 2.9406879205145633 0
      vertex -13.616217302413514 2.9406879205145633 14
      vertex -13.995694768281421 3.090933677959249 0
    endloop
  endfacet
  facet normal 0.9980267284282713 -0.06279051952931575 0
    outer loop
      vertex -18.25 0 0
      vertex -18.224372779272052 0.40733300908398823 14
      vertex -18.25 0 14
    endloop
  endfacet
  facet normal 0.9822872507286895 -0.18738131458572027 0
    outer loop
      vertex -18.224372779272052 0.40733300908398823 0
      vertex -18.147895273668052 0.8082421332857783 14
      vertex -18.224372779272052 0.40733300908398823 14
    endloop
  endfacet
  facet normal 0.9510565162951524 -0.30901699437495106 0
    outer loop
      vertex -18.147895273668052 0.8082421332857783 0
      vertex -18.021773579136816 1.1964047962252031 14
      vertex -18.147895273668052 0.8082421332857783 14
    endloop
  endfacet
  facet normal 0.9048270524660204 -0.42577929156507105 0
    outer loop
      vertex -18.021773579136816 1.1964047962252031 0
      vertex -17.847996710142557 1.5656994408305749 14
      vertex -18.021773579136816 1.1964047962252031 14
    endloop
  endfacet
  facet normal 0.844327925502015 -0.5358267949789968 0
    outer loop
      vertex -17.847996710142557 1.5656994408305749 0
      vertex -17.62930523171858 1.9103020699505378 14
      vertex -17.847996710142557 1.5656994408305749 14
    endloop
  endfacet
  facet normal 0.770513242775788 -0.6374239897486911 0
    outer loop
      vertex -17.62930523171858 1.9103020699505378 0
      vertex -17.369148039119587 2.224778094268238 14
      vertex -17.62930523171858 1.9103020699505378 14
    endloop
  endfacet
  facet normal 0.6845471059286905 -0.7289686274214099 0
    outer loop
      vertex -17.369148039119587 2.224778094268238 0
      vertex -17.07162796668324 2.5041680390213155 14
      vertex -17.369148039119587 2.224778094268238 14
    endloop
  endfacet
  facet normal 0.5877852522924712 -0.8090169943749489 0
    outer loop
      vertex -17.07162796668324 2.5041680390213155 0
      vertex -16.74143708368174 2.7440657578815486 14
      vertex -17.07162796668324 2.5041680390213155 14
    endloop
  endfacet
  facet normal 0.48175367410171677 -0.8763066800438628 0
    outer loop
      vertex -16.74143708368174 2.7440657578815486 0
      vertex -16.383782697586486 2.9406879205145633 14
      vertex -16.74143708368174 2.7440657578815486 14
    endloop
  endfacet
  facet normal -0.9980267284282713 -0.06279051952931565 0
    outer loop
      vertex -11.775627220727948 0.40733300908398884 0
      vertex -11.75 0 14
      vertex -11.775627220727948 0.40733300908398884 14
    endloop
  endfacet
  facet normal -0.9822872507286895 -0.18738131458572066 0
    outer loop
      vertex -11.852104726331948 0.8082421332857781 0
      vertex -11.775627220727948 0.40733300908398884 14
      vertex -11.852104726331948 0.8082421332857781 14
    endloop
  endfacet
  facet normal -0.9510565162951525 -0.3090169943749508 0
    outer loop
      vertex -11.978226420863184 1.1964047962252033 0
      vertex -11.852104726331948 0.8082421332857781 14
      vertex -11.978226420863184 1.1964047962252033 14
    endloop
  endfacet
  facet normal -0.9048270524660201 -0.4257792915650712 0
    outer loop
      vertex -12.152003289857443 1.5656994408305749 0
      vertex -11.978226420863184 1.1964047962252033 14
      vertex -12.152003289857443 1.5656994408305749 14
    endloop
  endfacet
  facet normal 0.3681245526846775 -0.9297764858882516 0
    outer loop
      vertex -16.383782697586486 2.9406879205145633 0
      vertex -16.00430523171858 3.090933677959249 14
      vertex -16.383782697586486 2.9406879205145633 14
    endloop
  endfacet
  facet normal 0.24868988716485532 -0.9685831611286311 0
    outer loop
      vertex -16.00430523171858 3.090933677959249 0
      vertex -15.608989272403605 3.1924335648682383 14
      vertex -16.00430523171858 3.090933677959249 14
    endloop
  endfacet
  facet normal 0.12533323356430348 -0.992114701314478 0
    outer loop
      vertex -15.608989272403605 3.1924335648682383 0
      vertex -15.204069188470267 3.2435868673918824 14
      vertex -15.608989272403605 3.1924335648682383 14
    endloop
  endfacet
  facet normal -0.3681245526846775 -0.9297764858882516 0
    outer loop
      vertex -13.995694768281421 3.090933677959249 0
      vertex -13.616217302413514 2.9406879205145633 14
      vertex -13.995694768281421 3.090933677959249 14
    endloop
  endfacet
  facet normal 0 -1 0
    outer loop
      vertex -15.204069188470267 3.2435868673918824 0
      vertex -14.795930811529733 3.2435868673918824 14
      vertex -15.204069188470267 3.2435868673918824 14
    endloop
  endfacet
  facet normal -0.12533323356430348 -0.992114701314478 0
    outer loop
      vertex -14.795930811529733 3.2435868673918824 0
      vertex -14.391010727596395 3.1924335648682383 14
      vertex -14.795930811529733 3.2435868673918824 14
    endloop
  endfacet
  facet normal -0.24868988716485532 -0.9685831611286311 0
    outer loop
      vertex -14.391010727596395 3.1924335648682383 0
      vertex -13.995694768281421 3.090933677959249 14
      vertex -14.391010727596395 3.1924335648682383 14
    endloop
  endfacet
  facet normal -0.7705132427757884 -0.6374239897486906 0
    outer loop
      vertex -12.630851960880413 2.2247780942682382 0
      vertex -12.370694768281421 1.9103020699505378 14
      vertex -12.630851960880413 2.2247780942682382 14
    endloop
  endfacet
  facet normal -0.6845471059286887 -0.7289686274214116 0
    outer loop
      vertex -12.928372033316759 2.5041680390213146 0
      vertex -12.630851960880413 2.2247780942682382 14
      vertex -12.928372033316759 2.5041680390213146 14
    endloop
  endfacet
  facet normal -0.844327925502015 -0.5358267949789968 0
    outer loop
      vertex -12.370694768281421 1.9103020699505378 0
      vertex -12.152003289857443 1.5656994408305749 14
      vertex -12.370694768281421 1.9103020699505378 14
    endloop
  endfacet
  facet normal -0.5877852522924734 -0.8090169943749472 0
    outer loop
      vertex -13.258562916318262 2.744065757881549 0
      vertex -12.928372033316759 2.5041680390213146 14
      vertex -13.258562916318262 2.744065757881549 14
    endloop
  endfacet
  facet normal -0.4817536741017159 -0.8763066800438633 0
    outer loop
      vertex -13.616217302413514 2.9406879205145633 0
      vertex -13.258562916318262 2.744065757881549 14
      vertex -13.616217302413514 2.9406879205145633 14
    endloop
  endfacet
  facet normal 0.12533323356430456 0.9921147013144777 0
    outer loop
      vertex -7.837286366254305 -1.7681170513116395 0
      vertex -7.837286366254305 -1.7681170513116395 14
      vertex -7.613022935152765 -1.7964481111708888 0
    endloop
  endfacet
  facet normal 0 1 0
    outer loop
      vertex -7.613022935152765 -1.7964481111708888 0
      vertex -7.613022935152765 -1.7964481111708888 14
      vertex -7.386977064847235 -1.7964481111708888 0
    endloop
  endfacet
  facet normal -0.12533323356430456 0.9921147013144777 0
    outer loop
      vertex -7.386977064847235 -1.7964481111708888 0
      vertex -7.386977064847235 -1.7964481111708888 14
      vertex -7.162713633745695 -1.7681170513116395 0
    endloop
  endfacet
  facet normal -0.248689887164855 0.9685831611286311 0
    outer loop
      vertex -7.162713633745695 -1.7681170513116395 0
      vertex -7.162713633745695 -1.7681170513116395 14
      vertex -6.943769410125094 -1.7119017293312764 0
    endloop
  endfacet
  facet normal 0.4817536741017142 0.8763066800438641 0
    outer loop
      vertex -8.464488230962194 -1.5197902659036269 0
      vertex -8.464488230962194 -1.5197902659036269 14
      vertex -8.26640272481713 -1.6286886944388352 0
    endloop
  endfacet
  facet normal 0.5877852522924729 0.8090169943749476 0
    outer loop
      vertex -8.647363181547641 -1.386923836996421 0
      vertex -8.647363181547641 -1.386923836996421 14
      vertex -8.464488230962194 -1.5197902659036269 0
    endloop
  endfacet
  facet normal 0.8443279255020146 0.5358267949789973 0
    outer loop
      vertex -8.956230589874906 -1.0580134541264516 0
      vertex -9.077352024078955 -0.8671566133830877 0
      vertex -9.077352024078955 -0.8671566133830877 14
    endloop
  endfacet
  facet normal 0.6845471059286873 0.7289686274214129 0
    outer loop
      vertex -8.812143529358542 -1.2321847906716394 0
      vertex -8.812143529358542 -1.2321847906716394 14
      vertex -8.647363181547641 -1.386923836996421 0
    endloop
  endfacet
  facet normal 0.7705132427757897 0.6374239897486891 0
    outer loop
      vertex -8.812143529358542 -1.2321847906716394 0
      vertex -8.956230589874906 -1.0580134541264516 0
      vertex -8.956230589874906 -1.0580134541264516 14
    endloop
  endfacet
  facet normal 0.9048270524660212 0.4257792915650689 0
    outer loop
      vertex -9.077352024078955 -0.8671566133830877 0
      vertex -9.173597674598852 -0.6626241948324202 0
      vertex -9.173597674598852 -0.6626241948324202 14
    endloop
  endfacet
  facet normal 0.9510565162951533 0.3090169943749482 0
    outer loop
      vertex -9.173597674598852 -0.6626241948324202 0
      vertex -9.243449690031536 -0.4476417968967387 0
      vertex -9.243449690031536 -0.4476417968967387 14
    endloop
  endfacet
  facet normal 0.9822872507286879 0.1873813145857285 0
    outer loop
      vertex -9.243449690031536 -0.4476417968967387 0
      vertex -9.285806462366061 -0.22559982041574733 0
      vertex -9.285806462366061 -0.22559982041574733 14
    endloop
  endfacet
  facet normal 0.9980267284282716 0.06279051952931261 0
    outer loop
      vertex -9.285806462366061 -0.22559982041574733 0
      vertex -9.3 0 0
      vertex -9.3 0 14
    endloop
  endfacet
  facet normal 0.36812455268467875 0.9297764858882511 0
    outer loop
      vertex -8.26640272481713 -1.6286886944388352 0
      vertex -8.26640272481713 -1.6286886944388352 14
      vertex -8.056230589874906 -1.7119017293312764 0
    endloop
  endfacet
  facet normal 0.248689887164855 0.9685831611286311 0
    outer loop
      vertex -8.056230589874906 -1.7119017293312764 0
      vertex -8.056230589874906 -1.7119017293312764 14
      vertex -7.837286366254305 -1.7681170513116395 0
    endloop
  endfacet
  facet normal -0.36812455268467875 0.9297764858882511 0
    outer loop
      vertex -6.943769410125094 -1.7119017293312764 0
      vertex -6.943769410125094 -1.7119017293312764 14
      vertex -6.73359727518287 -1.6286886944388352 0
    endloop
  endfacet
  facet normal -0.4817536741017152 0.8763066800438636 0
    outer loop
      vertex -6.73359727518287 -1.6286886944388352 0
      vertex -6.73359727518287 -1.6286886944388352 14
      vertex -6.535511769037807 -1.5197902659036275 0
    endloop
  endfacet
  facet normal -0.5877852522924711 0.8090169943749488 0
    outer loop
      vertex -6.535511769037807 -1.5197902659036275 0
      vertex -6.535511769037807 -1.5197902659036275 14
      vertex -6.352636818452358 -1.3869238369964203 0
    endloop
  endfacet
  facet normal -0.6845471059286896 0.7289686274214106 0
    outer loop
      vertex -6.352636818452358 -1.3869238369964203 0
      vertex -6.352636818452358 -1.3869238369964203 14
      vertex -6.187856470641459 -1.2321847906716394 0
    endloop
  endfacet
  facet normal -0.7705132427757879 0.6374239897486914 0
    outer loop
      vertex -6.187856470641459 -1.2321847906716394 0
      vertex -6.187856470641459 -1.2321847906716394 14
      vertex -6.043769410125094 -1.0580134541264516 0
    endloop
  endfacet
  facet normal -0.8443279255020164 0.5358267949789945 0
    outer loop
      vertex -5.922647975921046 -0.8671566133830877 0
      vertex -6.043769410125094 -1.0580134541264516 0
      vertex -6.043769410125094 -1.0580134541264516 14
    endloop
  endfacet
  facet normal -0.9048270524660191 0.42577929156507366 0
    outer loop
      vertex -5.826402325401148 -0.6626241948324211 0
      vertex -5.922647975921046 -0.8671566133830877 0
      vertex -5.922647975921046 -0.8671566133830877 14
    endloop
  endfacet
  facet normal -0.951056516295154 0.30901699437494606 0
    outer loop
      vertex -5.756550309968464 -0.447641796896738 0
      vertex -5.826402325401148 -0.6626241948324211 0
      vertex -5.826402325401148 -0.6626241948324211 14
    endloop
  endfacet
  facet normal -0.9822872507286886 0.1873813145857253 0
    outer loop
      vertex -5.71419353763394 -0.22559982041574733 0
      vertex -5.756550309968464 -0.447641796896738 0
      vertex -5.756550309968464 -0.447641796896738 14
    endloop
  endfacet
  facet normal -0.9980267284282716 0.06279051952931261 0
    outer loop
      vertex -5.71419353763394 -0.22559982041574733 0
      vertex -5.71419353763394 -0.22559982041574733 14
      vertex -5.7 0 0
    endloop
  endfacet
  facet normal 0.248689887164855 0.9685831611286311 0
    outer loop
      vertex -7.837286366254305 -1.7681170513116395 0
      vertex -8.056230589874906 -1.7119017293312764 14
      vertex -7.837286366254305 -1.7681170513116395 14
    endloop
  endfacet
  facet normal 0.12533323356430456 0.9921147013144777 0
    outer loop
      vertex -7.613022935152765 -1.7964481111708888 0
      vertex -7.837286366254305 -1.7681170513116395 14
      vertex -7.613022935152765 -1.7964481111708888 14
    endloop
  endfacet
  facet normal 0 1 0
    outer loop
      vertex -7.386977064847235 -1.7964481111708888 0
      vertex -7.613022935152765 -1.7964481111708888 14
      vertex -7.386977064847235 -1.7964481111708888 14
    endloop
  endfacet
  facet normal -0.12533323356430456 0.9921147013144777 0
    outer loop
      vertex -7.162713633745695 -1.7681170513116395 0
      vertex -7.386977064847235 -1.7964481111708888 14
      vertex -7.162713633745695 -1.7681170513116395 14
    endloop
  endfacet
  facet normal 0.4817536741017142 0.8763066800438641 0
    outer loop
      vertex -8.26640272481713 -1.6286886944388352 0
      vertex -8.464488230962194 -1.5197902659036269 14
      vertex -8.26640272481713 -1.6286886944388352 14
    endloop
  endfacet
  facet normal 0.6845471059286873 0.7289686274214129 0
    outer loop
      vertex -8.647363181547641 -1.386923836996421 0
      vertex -8.812143529358542 -1.2321847906716394 14
      vertex -8.647363181547641 -1.386923836996421 14
    endloop
  endfacet
  facet normal 0.5877852522924729 0.8090169943749476 0
    outer loop
      vertex -8.464488230962194 -1.5197902659036269 0
      vertex -8.647363181547641 -1.386923836996421 14
      vertex -8.464488230962194 -1.5197902659036269 14
    endloop
  endfacet
  facet normal 0.8443279255020146 0.5358267949789973 0
    outer loop
      vertex -8.956230589874906 -1.0580134541264516 0
      vertex -9.077352024078955 -0.8671566133830877 14
      vertex -8.956230589874906 -1.0580134541264516 14
    endloop
  endfacet
  facet normal 0.7705132427757897 0.6374239897486891 0
    outer loop
      vertex -8.812143529358542 -1.2321847906716394 0
      vertex -8.956230589874906 -1.0580134541264516 14
      vertex -8.812143529358542 -1.2321847906716394 14
    endloop
  endfacet
  facet normal 0.9048270524660212 0.4257792915650689 0
    outer loop
      vertex -9.077352024078955 -0.8671566133830877 0
      vertex -9.173597674598852 -0.6626241948324202 14
      vertex -9.077352024078955 -0.8671566133830877 14
    endloop
  endfacet
  facet normal 0.9510565162951533 0.3090169943749482 0
    outer loop
      vertex -9.173597674598852 -0.6626241948324202 0
      vertex -9.243449690031536 -0.4476417968967387 14
      vertex -9.173597674598852 -0.6626241948324202 14
    endloop
  endfacet
  facet normal 0.9822872507286879 0.1873813145857285 0
    outer loop
      vertex -9.243449690031536 -0.4476417968967387 0
      vertex -9.285806462366061 -0.22559982041574733 14
      vertex -9.243449690031536 -0.4476417968967387 14
    endloop
  endfacet
  facet normal 0.9980267284282716 0.06279051952931261 0
    outer loop
      vertex -9.285806462366061 -0.22559982041574733 0
      vertex -9.3 0 14
      vertex -9.285806462366061 -0.22559982041574733 14
    endloop
  endfacet
  facet normal 0.36812455268467875 0.9297764858882511 0
    outer loop
      vertex -8.056230589874906 -1.7119017293312764 0
      vertex -8.26640272481713 -1.6286886944388352 14
      vertex -8.056230589874906 -1.7119017293312764 14
    endloop
  endfacet
  facet normal -0.248689887164855 0.9685831611286311 0
    outer loop
      vertex -6.943769410125094 -1.7119017293312764 0
      vertex -7.162713633745695 -1.7681170513116395 14
      vertex -6.943769410125094 -1.7119017293312764 14
    endloop
  endfacet
  facet normal -0.36812455268467875 0.9297764858882511 0
    outer loop
      vertex -6.73359727518287 -1.6286886944388352 0
      vertex -6.943769410125094 -1.7119017293312764 14
      vertex -6.73359727518287 -1.6286886944388352 14
    endloop
  endfacet
  facet normal -0.4817536741017152 0.8763066800438636 0
    outer loop
      vertex -6.535511769037807 -1.5197902659036275 0
      vertex -6.73359727518287 -1.6286886944388352 14
      vertex -6.535511769037807 -1.5197902659036275 14
    endloop
  endfacet
  facet normal -0.5877852522924711 0.8090169943749488 0
    outer loop
      vertex -6.352636818452358 -1.3869238369964203 0
      vertex -6.535511769037807 -1.5197902659036275 14
      vertex -6.352636818452358 -1.3869238369964203 14
    endloop
  endfacet
  facet normal -0.6845471059286896 0.7289686274214106 0
    outer loop
      vertex -6.187856470641459 -1.2321847906716394 0
      vertex -6.352636818452358 -1.3869238369964203 14
      vertex -6.187856470641459 -1.2321847906716394 14
    endloop
  endfacet
  facet normal -0.7705132427757879 0.6374239897486914 0
    outer loop
      vertex -6.043769410125094 -1.0580134541264516 0
      vertex -6.187856470641459 -1.2321847906716394 14
      vertex -6.043769410125094 -1.0580134541264516 14
    endloop
  endfacet
  facet normal -0.8443279255020164 0.5358267949789945 0
    outer loop
      vertex -5.922647975921046 -0.8671566133830877 0
      vertex -6.043769410125094 -1.0580134541264516 14
      vertex -5.922647975921046 -0.8671566133830877 14
    endloop
  endfacet
  facet normal -0.9048270524660191 0.42577929156507366 0
    outer loop
      vertex -5.826402325401148 -0.6626241948324211 0
      vertex -5.922647975921046 -0.8671566133830877 14
      vertex -5.826402325401148 -0.6626241948324211 14
    endloop
  endfacet
  facet normal -0.951056516295154 0.30901699437494606 0
    outer loop
      vertex -5.756550309968464 -0.447641796896738 0
      vertex -5.826402325401148 -0.6626241948324211 14
      vertex -5.756550309968464 -0.447641796896738 14
    endloop
  endfacet
  facet normal -0.9822872507286886 0.1873813145857253 0
    outer loop
      vertex -5.71419353763394 -0.22559982041574733 0
      vertex -5.756550309968464 -0.447641796896738 14
      vertex -5.71419353763394 -0.22559982041574733 14
    endloop
  endfacet
  facet normal -0.9980267284282716 0.06279051952931261 0
    outer loop
      vertex -5.7 0 0
      vertex -5.71419353763394 -0.22559982041574733 14
      vertex -5.7 0 14
    endloop
  endfacet
  facet normal 0.9980267284282716 -0.06279051952931261 0
    outer loop
      vertex -9.3 0 0
      vertex -9.285806462366061 0.22559982041574733 0
      vertex -9.285806462366061 0.22559982041574733 14
    endloop
  endfacet
  facet normal 0.9822872507286879 -0.1873813145857285 0
    outer loop
      vertex -9.285806462366061 0.22559982041574733 0
      vertex -9.243449690031536 0.4476417968967387 0
      vertex -9.243449690031536 0.4476417968967387 14
    endloop
  endfacet
  facet normal 0.9510565162951533 -0.3090169943749482 0
    outer loop
      vertex -9.243449690031536 0.4476417968967387 0
      vertex -9.173597674598852 0.6626241948324202 0
      vertex -9.173597674598852 0.6626241948324202 14
    endloop
  endfacet
  facet normal 0.9048270524660212 -0.4257792915650689 0
    outer loop
      vertex -9.173597674598852 0.6626241948324202 0
      vertex -9.077352024078955 0.8671566133830877 0
      vertex -9.077352024078955 0.8671566133830877 14
    endloop
  endfacet
  facet normal 0.8443279255020146 -0.5358267949789973 0
    outer loop
      vertex -9.077352024078955 0.8671566133830877 0
      vertex -8.956230589874906 1.0580134541264516 0
      vertex -8.956230589874906 1.0580134541264516 14
    endloop
  endfacet
  facet normal 0.7705132427757897 -0.6374239897486891 0
    outer loop
      vertex -8.956230589874906 1.0580134541264516 0
      vertex -8.812143529358542 1.2321847906716394 0
      vertex -8.812143529358542 1.2321847906716394 14
    endloop
  endfacet
  facet normal 0.6845471059286873 -0.7289686274214129 0
    outer loop
      vertex -8.647363181547641 1.386923836996421 0
      vertex -8.647363181547641 1.386923836996421 14
      vertex -8.812143529358542 1.2321847906716394 0
    endloop
  endfacet
  facet normal 0.5877852522924729 -0.8090169943749476 0
    outer loop
      vertex -8.464488230962194 1.5197902659036269 0
      vertex -8.464488230962194 1.5197902659036269 14
      vertex -8.647363181547641 1.386923836996421 0
    endloop
  endfacet
  facet normal 0.4817536741017135 -0.8763066800438647 0
    outer loop
      vertex -8.26640272481713 1.628688694438835 0
      vertex -8.26640272481713 1.628688694438835 14
      vertex -8.464488230962194 1.5197902659036269 0
    endloop
  endfacet
  facet normal -0.9980267284282716 -0.06279051952931253 0
    outer loop
      vertex -5.7 0 0
      vertex -5.7 0 14
      vertex -5.71419353763394 0.22559982041574766 0
    endloop
  endfacet
  facet normal -0.9822872507286885 -0.187381314585725 0
    outer loop
      vertex -5.756550309968464 0.44764179689673866 0
      vertex -5.71419353763394 0.22559982041574766 0
      vertex -5.71419353763394 0.22559982041574766 14
    endloop
  endfacet
  facet normal -0.9510565162951534 -0.3090169943749478 0
    outer loop
      vertex -5.826402325401148 0.6626241948324204 0
      vertex -5.756550309968464 0.44764179689673866 0
      vertex -5.756550309968464 0.44764179689673866 14
    endloop
  endfacet
  facet normal -0.9048270524660196 -0.42577929156507277 0
    outer loop
      vertex -5.922647975921046 0.8671566133830876 0
      vertex -5.826402325401148 0.6626241948324204 0
      vertex -5.826402325401148 0.6626241948324204 14
    endloop
  endfacet
  facet normal 0.3681245526846796 -0.9297764858882507 0
    outer loop
      vertex -8.056230589874906 1.7119017293312764 0
      vertex -8.056230589874906 1.7119017293312764 14
      vertex -8.26640272481713 1.628688694438835 0
    endloop
  endfacet
  facet normal -0.24868988716485493 -0.9685831611286311 0
    outer loop
      vertex -6.943769410125094 1.7119017293312764 0
      vertex -6.943769410125094 1.7119017293312764 14
      vertex -7.162713633745696 1.7681170513116398 0
    endloop
  endfacet
  facet normal -0.6845471059286877 -0.7289686274214124 0
    outer loop
      vertex -6.187856470641459 1.2321847906716397 0
      vertex -6.187856470641459 1.2321847906716397 14
      vertex -6.352636818452359 1.3869238369964205 0
    endloop
  endfacet
  facet normal -0.8443279255020165 -0.5358267949789942 0
    outer loop
      vertex -6.043769410125094 1.0580134541264516 0
      vertex -5.922647975921046 0.8671566133830876 0
      vertex -5.922647975921046 0.8671566133830876 14
    endloop
  endfacet
  facet normal -0.7705132427757883 -0.6374239897486909 0
    outer loop
      vertex -6.187856470641459 1.2321847906716397 0
      vertex -6.043769410125094 1.0580134541264516 0
      vertex -6.043769410125094 1.0580134541264516 14
    endloop
  endfacet
  facet normal -0.5877852522924749 -0.8090169943749461 0
    outer loop
      vertex -6.352636818452359 1.3869238369964205 0
      vertex -6.352636818452359 1.3869238369964205 14
      vertex -6.5355117690378055 1.519790265903627 0
    endloop
  endfacet
  facet normal -0.4817536741017143 -0.876306680043864 0
    outer loop
      vertex -6.5355117690378055 1.519790265903627 0
      vertex -6.5355117690378055 1.519790265903627 14
      vertex -6.733597275182869 1.628688694438835 0
    endloop
  endfacet
  facet normal -0.36812455268467825 -0.9297764858882512 0
    outer loop
      vertex -6.733597275182869 1.628688694438835 0
      vertex -6.733597275182869 1.628688694438835 14
      vertex -6.943769410125094 1.7119017293312764 0
    endloop
  endfacet
  facet normal 0.24868988716485493 -0.9685831611286311 0
    outer loop
      vertex -7.837286366254304 1.7681170513116398 0
      vertex -7.837286366254304 1.7681170513116398 14
      vertex -8.056230589874906 1.7119017293312764 0
    endloop
  endfacet
  facet normal 0.12533323356430362 -0.992114701314478 0
    outer loop
      vertex -7.613022935152764 1.7964481111708888 0
      vertex -7.613022935152764 1.7964481111708888 14
      vertex -7.837286366254304 1.7681170513116398 0
    endloop
  endfacet
  facet normal 0 -1 0
    outer loop
      vertex -7.386977064847236 1.7964481111708888 0
      vertex -7.386977064847236 1.7964481111708888 14
      vertex -7.613022935152764 1.7964481111708888 0
    endloop
  endfacet
  facet normal -0.12533323356430362 -0.992114701314478 0
    outer loop
      vertex -7.162713633745696 1.7681170513116398 0
      vertex -7.162713633745696 1.7681170513116398 14
      vertex -7.386977064847236 1.7964481111708888 0
    endloop
  endfacet
  facet normal 0.9980267284282716 -0.06279051952931261 0
    outer loop
      vertex -9.3 0 0
      vertex -9.285806462366061 0.22559982041574733 14
      vertex -9.3 0 14
    endloop
  endfacet
  facet normal 0.9822872507286879 -0.1873813145857285 0
    outer loop
      vertex -9.285806462366061 0.22559982041574733 0
      vertex -9.243449690031536 0.4476417968967387 14
      vertex -9.285806462366061 0.22559982041574733 14
    endloop
  endfacet
  facet normal 0.9510565162951533 -0.3090169943749482 0
    outer loop
      vertex -9.243449690031536 0.4476417968967387 0
      vertex -9.173597674598852 0.6626241948324202 14
      vertex -9.243449690031536 0.4476417968967387 14
    endloop
  endfacet
  facet normal 0.9048270524660212 -0.4257792915650689 0
    outer loop
      vertex -9.173597674598852 0.6626241948324202 0
      vertex -9.077352024078955 0.8671566133830877 14
      vertex -9.173597674598852 0.6626241948324202 14
    endloop
  endfacet
  facet normal 0.8443279255020146 -0.5358267949789973 0
    outer loop
      vertex -9.077352024078955 0.8671566133830877 0
      vertex -8.956230589874906 1.0580134541264516 14
      vertex -9.077352024078955 0.8671566133830877 14
    endloop
  endfacet
  facet normal 0.7705132427757897 -0.6374239897486891 0
    outer loop
      vertex -8.956230589874906 1.0580134541264516 0
      vertex -8.812143529358542 1.2321847906716394 14
      vertex -8.956230589874906 1.0580134541264516 14
    endloop
  endfacet
  facet normal 0.6845471059286873 -0.7289686274214129 0
    outer loop
      vertex -8.812143529358542 1.2321847906716394 0
      vertex -8.647363181547641 1.386923836996421 14
      vertex -8.812143529358542 1.2321847906716394 14
    endloop
  endfacet
  facet normal 0.5877852522924729 -0.8090169943749476 0
    outer loop
      vertex -8.647363181547641 1.386923836996421 0
      vertex -8.464488230962194 1.5197902659036269 14
      vertex -8.647363181547641 1.386923836996421 14
    endloop
  endfacet
  facet normal 0.4817536741017135 -0.8763066800438647 0
    outer loop
      vertex -8.464488230962194 1.5197902659036269 0
      vertex -8.26640272481713 1.628688694438835 14
      vertex -8.464488230962194 1.5197902659036269 14
    endloop
  endfacet
  facet normal -0.9980267284282716 -0.06279051952931253 0
    outer loop
      vertex -5.71419353763394 0.22559982041574766 0
      vertex -5.7 0 14
      vertex -5.71419353763394 0.22559982041574766 14
    endloop
  endfacet
  facet normal -0.9822872507286885 -0.187381314585725 0
    outer loop
      vertex -5.756550309968464 0.44764179689673866 0
      vertex -5.71419353763394 0.22559982041574766 14
      vertex -5.756550309968464 0.44764179689673866 14
    endloop
  endfacet
  facet normal -0.9510565162951534 -0.3090169943749478 0
    outer loop
      vertex -5.826402325401148 0.6626241948324204 0
      vertex -5.756550309968464 0.44764179689673866 14
      vertex -5.826402325401148 0.6626241948324204 14
    endloop
  endfacet
  facet normal -0.9048270524660196 -0.42577929156507277 0
    outer loop
      vertex -5.922647975921046 0.8671566133830876 0
      vertex -5.826402325401148 0.6626241948324204 14
      vertex -5.922647975921046 0.8671566133830876 14
    endloop
  endfacet
  facet normal 0.3681245526846796 -0.9297764858882507 0
    outer loop
      vertex -8.26640272481713 1.628688694438835 0
      vertex -8.056230589874906 1.7119017293312764 14
      vertex -8.26640272481713 1.628688694438835 14
    endloop
  endfacet
  facet normal 0.24868988716485493 -0.9685831611286311 0
    outer loop
      vertex -8.056230589874906 1.7119017293312764 0
      vertex -7.837286366254304 1.7681170513116398 14
      vertex -8.056230589874906 1.7119017293312764 14
    endloop
  endfacet
  facet normal -0.8443279255020165 -0.5358267949789942 0
    outer loop
      vertex -6.043769410125094 1.0580134541264516 0
      vertex -5.922647975921046 0.8671566133830876 14
      vertex -6.043769410125094 1.0580134541264516 14
    endloop
  endfacet
  facet normal -0.7705132427757883 -0.6374239897486909 0
    outer loop
      vertex -6.187856470641459 1.2321847906716397 0
      vertex -6.043769410125094 1.0580134541264516 14
      vertex -6.187856470641459 1.2321847906716397 14
    endloop
  endfacet
  facet normal -0.6845471059286877 -0.7289686274214124 0
    outer loop
      vertex -6.352636818452359 1.3869238369964205 0
      vertex -6.187856470641459 1.2321847906716397 14
      vertex -6.352636818452359 1.3869238369964205 14
    endloop
  endfacet
  facet normal -0.5877852522924749 -0.8090169943749461 0
    outer loop
      vertex -6.5355117690378055 1.519790265903627 0
      vertex -6.352636818452359 1.3869238369964205 14
      vertex -6.5355117690378055 1.519790265903627 14
    endloop
  endfacet
  facet normal -0.4817536741017143 -0.876306680043864 0
    outer loop
      vertex -6.733597275182869 1.628688694438835 0
      vertex -6.5355117690378055 1.519790265903627 14
      vertex -6.733597275182869 1.628688694438835 14
    endloop
  endfacet
  facet normal -0.36812455268467825 -0.9297764858882512 0
    outer loop
      vertex -6.943769410125094 1.7119017293312764 0
      vertex -6.733597275182869 1.628688694438835 14
      vertex -6.943769410125094 1.7119017293312764 14
    endloop
  endfacet
  facet normal 0.12533323356430362 -0.992114701314478 0
    outer loop
      vertex -7.837286366254304 1.7681170513116398 0
      vertex -7.613022935152764 1.7964481111708888 14
      vertex -7.837286366254304 1.7681170513116398 14
    endloop
  endfacet
  facet normal 0 -1 0
    outer loop
      vertex -7.613022935152764 1.7964481111708888 0
      vertex -7.386977064847236 1.7964481111708888 14
      vertex -7.613022935152764 1.7964481111708888 14
    endloop
  endfacet
  facet normal -0.12533323356430362 -0.992114701314478 0
    outer loop
      vertex -7.386977064847236 1.7964481111708888 0
      vertex -7.162713633745696 1.7681170513116398 14
      vertex -7.386977064847236 1.7964481111708888 14
    endloop
  endfacet
  facet normal -0.24868988716485493 -0.9685831611286311 0
    outer loop
      vertex -7.162713633745696 1.7681170513116398 0
      vertex -6.943769410125094 1.7119017293312764 14
      vertex -7.162713633745696 1.7681170513116398 14
    endloop
  endfacet
  facet normal 0.48175367410171543 0 0.8763066800438634
    outer loop
      vertex -1.7414370836817394 -6.996053456856544 4.255934242118451
      vertex -1.3837826975864855 -6.996053456856544 4.059312079485436
      vertex -1.3837826975864855 6.996053456856544 4.059312079485436
    endloop
  endfacet
  facet normal 0.5877852522924718 0 0.8090169943749485
    outer loop
      vertex -2.0716279666832413 -6.996053456856544 4.495831960978684
      vertex -1.7414370836817394 -6.996053456856544 4.255934242118451
      vertex -1.7414370836817394 6.996053456856544 4.255934242118451
    endloop
  endfacet
  facet normal 0.2486898871648548 0 0.968583161128631
    outer loop
      vertex -1.004305231718579 -6.996053456856544 3.909066322040751
      vertex -0.6089892724036057 -6.996053456856544 3.807566435131762
      vertex -0.6089892724036057 6.996053456856544 3.807566435131762
    endloop
  endfacet
  facet normal 0.12533323356430498 0 0.9921147013144777
    outer loop
      vertex -0.6089892724036057 -6.996053456856544 3.807566435131762
      vertex -0.20406918847026972 -6.996053456856544 3.7564131326081176
      vertex -0.20406918847026972 6.996053456856544 3.7564131326081176
    endloop
  endfacet
  facet normal 0.3681245526846773 0 0.9297764858882517
    outer loop
      vertex -1.3837826975864855 -6.996053456856544 4.059312079485436
      vertex -1.004305231718579 -6.996053456856544 3.909066322040751
      vertex -1.004305231718579 6.996053456856544 3.909066322040751
    endloop
  endfacet
  facet normal 0.6845471059286886 0 0.7289686274214113
    outer loop
      vertex -2.369148039119588 -6.996053456856544 4.775221905731762
      vertex -2.0716279666832413 -6.996053456856544 4.495831960978684
      vertex -2.0716279666832413 6.996053456856544 4.495831960978684
    endloop
  endfacet
  facet normal 0.7705132427757903 0 0.6374239897486884
    outer loop
      vertex -2.369148039119588 -6.996053456856544 4.775221905731762
      vertex -2.369148039119588 6.996053456856544 4.775221905731762
      vertex -2.629305231718579 -6.996053456856544 5.0896979300494625
    endloop
  endfacet
  facet normal 0.8443279255020147 0 0.5358267949789972
    outer loop
      vertex -2.629305231718579 -6.996053456856544 5.0896979300494625
      vertex -2.629305231718579 6.996053456856544 5.0896979300494625
      vertex -2.8479967101425565 -6.996053456856544 5.434300559169425
    endloop
  endfacet
  facet normal 0.9048270524660195 0 0.42577929156507277
    outer loop
      vertex -2.8479967101425565 -6.996053456856544 5.434300559169425
      vertex -2.8479967101425565 6.996053456856544 5.434300559169425
      vertex -3.021773579136817 -6.996053456856544 5.803595203774797
    endloop
  endfacet
  facet normal 0.9510565162951535 0 0.30901699437494723
    outer loop
      vertex -3.021773579136817 -6.996053456856544 5.803595203774797
      vertex -3.021773579136817 6.996053456856544 5.803595203774797
      vertex -3.147895273668051 -6.996053456856544 6.191757866714221
    endloop
  endfacet
  facet normal 0.9822872507286887 0 0.18738131458572427
    outer loop
      vertex -3.147895273668051 -6.996053456856544 6.191757866714221
      vertex -3.147895273668051 6.996053456856544 6.191757866714221
      vertex -3.224372779272053 -6.996053456856544 6.592666990916012
    endloop
  endfacet
  facet normal 0.9980267284282716 0 0.0627905195293136
    outer loop
      vertex -3.224372779272053 -6.996053456856544 6.592666990916012
      vertex -3.224372779272053 6.996053456856544 6.592666990916012
      vertex -3.25 -6.996053456856544 7
    endloop
  endfacet
  facet normal 0.9980267284282716 0 -0.0627905195293136
    outer loop
      vertex -3.25 -6.996053456856544 7
      vertex -3.25 6.996053456856544 7
      vertex -3.224372779272053 -6.996053456856544 7.407333009083988
    endloop
  endfacet
  facet normal 0.9822872507286887 0 -0.18738131458572427
    outer loop
      vertex -3.224372779272053 -6.996053456856544 7.407333009083988
      vertex -3.224372779272053 6.996053456856544 7.407333009083988
      vertex -3.147895273668051 -6.996053456856544 7.808242133285779
    endloop
  endfacet
  facet normal 0.9510565162951534 0 -0.3090169943749479
    outer loop
      vertex -3.147895273668051 -6.996053456856544 7.808242133285779
      vertex -3.147895273668051 6.996053456856544 7.808242133285779
      vertex -3.021773579136817 -6.996053456856544 8.196404796225202
    endloop
  endfacet
  facet normal 0.9048270524660195 0 -0.42577929156507277
    outer loop
      vertex -3.021773579136817 6.996053456856544 8.196404796225202
      vertex -2.8479967101425565 -6.996053456856544 8.565699440830574
      vertex -3.021773579136817 -6.996053456856544 8.196404796225202
    endloop
  endfacet
  facet normal 0.8443279255020153 0 -0.5358267949789962
    outer loop
      vertex -2.8479967101425565 6.996053456856544 8.565699440830574
      vertex -2.629305231718579 -6.996053456856544 8.910302069950538
      vertex -2.8479967101425565 -6.996053456856544 8.565699440830574
    endloop
  endfacet
  facet normal 0.7705132427757903 0 -0.6374239897486884
    outer loop
      vertex -2.629305231718579 6.996053456856544 8.910302069950538
      vertex -2.369148039119588 -6.996053456856544 9.224778094268238
      vertex -2.629305231718579 -6.996053456856544 8.910302069950538
    endloop
  endfacet
  facet normal 0.6845471059286886 0 -0.7289686274214113
    outer loop
      vertex -2.369148039119588 -6.996053456856544 9.224778094268238
      vertex -2.369148039119588 6.996053456856544 9.224778094268238
      vertex -2.0716279666832413 -6.996053456856544 9.504168039021316
    endloop
  endfacet
  facet normal 0.5877852522924718 0 -0.8090169943749485
    outer loop
      vertex -2.0716279666832413 6.996053456856544 9.504168039021316
      vertex -1.7414370836817394 -6.996053456856544 9.744065757881549
      vertex -2.0716279666832413 -6.996053456856544 9.504168039021316
    endloop
  endfacet
  facet normal 0.48175367410171466 0 -0.8763066800438638
    outer loop
      vertex -1.7414370836817394 6.996053456856544 9.744065757881549
      vertex -1.3837826975864864 -6.996053456856544 9.940687920514563
      vertex -1.7414370836817394 -6.996053456856544 9.744065757881549
    endloop
  endfacet
  facet normal 0.36812455268467936 0 -0.9297764858882508
    outer loop
      vertex -1.3837826975864864 6.996053456856544 9.940687920514563
      vertex -1.004305231718579 -6.996053456856544 10.09093367795925
      vertex -1.3837826975864864 -6.996053456856544 9.940687920514563
    endloop
  endfacet
  facet normal 0.24868988716485538 0 -0.968583161128631
    outer loop
      vertex -1.004305231718579 6.996053456856544 10.09093367795925
      vertex -0.6089892724036049 -6.996053456856544 10.192433564868239
      vertex -1.004305231718579 -6.996053456856544 10.09093367795925
    endloop
  endfacet
  facet normal 0.12533323356430473 0 -0.9921147013144779
    outer loop
      vertex -0.6089892724036049 6.996053456856544 10.192433564868239
      vertex -0.20406918847026814 -6.996053456856544 10.243586867391883
      vertex -0.6089892724036049 -6.996053456856544 10.192433564868239
    endloop
  endfacet
  facet normal 0 0 -1
    outer loop
      vertex -0.20406918847026814 -6.996053456856544 10.243586867391883
      vertex -0.20406918847026814 6.996053456856544 10.243586867391883
      vertex 0.20406918847026814 -6.996053456856544 10.243586867391883
    endloop
  endfacet
  facet normal 0.48175367410171543 0 0.8763066800438634
    outer loop
      vertex -1.7414370836817394 -6.996053456856544 4.255934242118451
      vertex -1.3837826975864855 6.996053456856544 4.059312079485436
      vertex -1.7414370836817394 6.996053456856544 4.255934242118451
    endloop
  endfacet
  facet normal 0.2486898871648548 0 0.968583161128631
    outer loop
      vertex -1.004305231718579 -6.996053456856544 3.909066322040751
      vertex -0.6089892724036057 6.996053456856544 3.807566435131762
      vertex -1.004305231718579 6.996053456856544 3.909066322040751
    endloop
  endfacet
  facet normal 0.12533323356430498 0 0.9921147013144777
    outer loop
      vertex -0.6089892724036057 -6.996053456856544 3.807566435131762
      vertex -0.20406918847026972 6.996053456856544 3.7564131326081176
      vertex -0.6089892724036057 6.996053456856544 3.807566435131762
    endloop
  endfacet
  facet normal 0 0 1
    outer loop
      vertex -0.20406918847026972 6.996053456856544 3.7564131326081176
      vertex -0.20406918847026972 -6.996053456856544 3.7564131326081176
      vertex 0.20406918847026972 6.996053456856544 3.7564131326081176
    endloop
  endfacet
  facet normal 0.3681245526846773 0 0.9297764858882517
    outer loop
      vertex -1.3837826975864855 -6.996053456856544 4.059312079485436
      vertex -1.004305231718579 6.996053456856544 3.909066322040751
      vertex -1.3837826975864855 6.996053456856544 4.059312079485436
    endloop
  endfacet
  facet normal 0.6845471059286886 0 0.7289686274214113
    outer loop
      vertex -2.369148039119588 -6.996053456856544 4.775221905731762
      vertex -2.0716279666832413 6.996053456856544 4.495831960978684
      vertex -2.369148039119588 6.996053456856544 4.775221905731762
    endloop
  endfacet
  facet normal 0.5877852522924718 0 0.8090169943749485
    outer loop
      vertex -2.0716279666832413 -6.996053456856544 4.495831960978684
      vertex -1.7414370836817394 6.996053456856544 4.255934242118451
      vertex -2.0716279666832413 6.996053456856544 4.495831960978684
    endloop
  endfacet
  facet normal 0.7705132427757903 0 0.6374239897486884
    outer loop
      vertex -2.629305231718579 -6.996053456856544 5.0896979300494625
      vertex -2.369148039119588 6.996053456856544 4.775221905731762
      vertex -2.629305231718579 6.996053456856544 5.0896979300494625
    endloop
  endfacet
  facet normal 0.8443279255020147 0 0.5358267949789972
    outer loop
      vertex -2.8479967101425565 -6.996053456856544 5.434300559169425
      vertex -2.629305231718579 6.996053456856544 5.0896979300494625
      vertex -2.8479967101425565 6.996053456856544 5.434300559169425
    endloop
  endfacet
  facet normal 0.9048270524660195 0 0.42577929156507277
    outer loop
      vertex -3.021773579136817 -6.996053456856544 5.803595203774797
      vertex -2.8479967101425565 6.996053456856544 5.434300559169425
      vertex -3.021773579136817 6.996053456856544 5.803595203774797
    endloop
  endfacet
  facet normal 0.9510565162951535 0 0.30901699437494723
    outer loop
      vertex -3.147895273668051 -6.996053456856544 6.191757866714221
      vertex -3.021773579136817 6.996053456856544 5.803595203774797
      vertex -3.147895273668051 6.996053456856544 6.191757866714221
    endloop
  endfacet
  facet normal 0.9822872507286887 0 0.18738131458572427
    outer loop
      vertex -3.224372779272053 -6.996053456856544 6.592666990916012
      vertex -3.147895273668051 6.996053456856544 6.191757866714221
      vertex -3.224372779272053 6.996053456856544 6.592666990916012
    endloop
  endfacet
  facet normal 0.9980267284282716 0 0.0627905195293136
    outer loop
      vertex -3.25 -6.996053456856544 7
      vertex -3.224372779272053 6.996053456856544 6.592666990916012
      vertex -3.25 6.996053456856544 7
    endloop
  endfacet
  facet normal 0.9980267284282716 0 -0.0627905195293136
    outer loop
      vertex -3.224372779272053 -6.996053456856544 7.407333009083988
      vertex -3.25 6.996053456856544 7
      vertex -3.224372779272053 6.996053456856544 7.407333009083988
    endloop
  endfacet
  facet normal 0.9822872507286887 0 -0.18738131458572427
    outer loop
      vertex -3.147895273668051 -6.996053456856544 7.808242133285779
      vertex -3.224372779272053 6.996053456856544 7.407333009083988
      vertex -3.147895273668051 6.996053456856544 7.808242133285779
    endloop
  endfacet
  facet normal 0.9510565162951534 0 -0.3090169943749479
    outer loop
      vertex -3.021773579136817 6.996053456856544 8.196404796225202
      vertex -3.021773579136817 -6.996053456856544 8.196404796225202
      vertex -3.147895273668051 6.996053456856544 7.808242133285779
    endloop
  endfacet
  facet normal 0.9048270524660195 0 -0.42577929156507277
    outer loop
      vertex -2.8479967101425565 6.996053456856544 8.565699440830574
      vertex -2.8479967101425565 -6.996053456856544 8.565699440830574
      vertex -3.021773579136817 6.996053456856544 8.196404796225202
    endloop
  endfacet
  facet normal 0.8443279255020153 0 -0.5358267949789962
    outer loop
      vertex -2.629305231718579 6.996053456856544 8.910302069950538
      vertex -2.629305231718579 -6.996053456856544 8.910302069950538
      vertex -2.8479967101425565 6.996053456856544 8.565699440830574
    endloop
  endfacet
  facet normal 0.7705132427757903 0 -0.6374239897486884
    outer loop
      vertex -2.369148039119588 6.996053456856544 9.224778094268238
      vertex -2.369148039119588 -6.996053456856544 9.224778094268238
      vertex -2.629305231718579 6.996053456856544 8.910302069950538
    endloop
  endfacet
  facet normal 0.6845471059286886 0 -0.7289686274214113
    outer loop
      vertex -2.369148039119588 6.996053456856544 9.224778094268238
      vertex -2.0716279666832413 6.996053456856544 9.504168039021316
      vertex -2.0716279666832413 -6.996053456856544 9.504168039021316
    endloop
  endfacet
  facet normal 0.5877852522924718 0 -0.8090169943749485
    outer loop
      vertex -2.0716279666832413 6.996053456856544 9.504168039021316
      vertex -1.7414370836817394 6.996053456856544 9.744065757881549
      vertex -1.7414370836817394 -6.996053456856544 9.744065757881549
    endloop
  endfacet
  facet normal 0.48175367410171466 0 -0.8763066800438638
    outer loop
      vertex -1.7414370836817394 6.996053456856544 9.744065757881549
      vertex -1.3837826975864864 6.996053456856544 9.940687920514563
      vertex -1.3837826975864864 -6.996053456856544 9.940687920514563
    endloop
  endfacet
  facet normal 0.36812455268467936 0 -0.9297764858882508
    outer loop
      vertex -1.3837826975864864 6.996053456856544 9.940687920514563
      vertex -1.004305231718579 6.996053456856544 10.09093367795925
      vertex -1.004305231718579 -6.996053456856544 10.09093367795925
    endloop
  endfacet
  facet normal 0.24868988716485538 0 -0.968583161128631
    outer loop
      vertex -1.004305231718579 6.996053456856544 10.09093367795925
      vertex -0.6089892724036049 6.996053456856544 10.192433564868239
      vertex -0.6089892724036049 -6.996053456856544 10.192433564868239
    endloop
  endfacet
  facet normal 0.12533323356430473 0 -0.9921147013144779
    outer loop
      vertex -0.6089892724036049 6.996053456856544 10.192433564868239
      vertex -0.20406918847026814 6.996053456856544 10.243586867391883
      vertex -0.20406918847026814 -6.996053456856544 10.243586867391883
    endloop
  endfacet
  facet normal 0 0 1
    outer loop
      vertex -0.20406918847026972 -6.996053456856544 3.7564131326081176
      vertex 0.20406918847026972 -6.996053456856544 3.7564131326081176
      vertex 0.20406918847026972 6.996053456856544 3.7564131326081176
    endloop
  endfacet
  facet normal -0.12533323356430498 0 0.9921147013144777
    outer loop
      vertex 0.20406918847026972 -6.996053456856544 3.7564131326081176
      vertex 0.6089892724036057 -6.996053456856544 3.807566435131762
      vertex 0.6089892724036057 6.996053456856544 3.807566435131762
    endloop
  endfacet
  facet normal -0.2486898871648548 0 0.968583161128631
    outer loop
      vertex 0.6089892724036057 -6.996053456856544 3.807566435131762
      vertex 1.004305231718579 -6.996053456856544 3.909066322040751
      vertex 1.004305231718579 6.996053456856544 3.909066322040751
    endloop
  endfacet
  facet normal -0.3681245526846773 0 0.9297764858882517
    outer loop
      vertex 1.004305231718579 -6.996053456856544 3.909066322040751
      vertex 1.3837826975864855 -6.996053456856544 4.059312079485436
      vertex 1.3837826975864855 6.996053456856544 4.059312079485436
    endloop
  endfacet
  facet normal -0.48175367410171555 0 0.8763066800438633
    outer loop
      vertex 1.3837826975864855 -6.996053456856544 4.059312079485436
      vertex 1.7414370836817377 -6.996053456856544 4.2559342421184505
      vertex 1.7414370836817377 6.996053456856544 4.2559342421184505
    endloop
  endfacet
  facet normal -0.587785252292473 0 0.8090169943749477
    outer loop
      vertex 1.7414370836817377 -6.996053456856544 4.2559342421184505
      vertex 2.0716279666832422 -6.996053456856544 4.495831960978686
      vertex 2.0716279666832422 6.996053456856544 4.495831960978686
    endloop
  endfacet
  facet normal -0.6845471059286875 0 0.7289686274214126
    outer loop
      vertex 2.0716279666832422 -6.996053456856544 4.495831960978686
      vertex 2.369148039119588 -6.996053456856544 4.775221905731762
      vertex 2.369148039119588 6.996053456856544 4.775221905731762
    endloop
  endfacet
  facet normal -0.7705132427757903 0 0.6374239897486884
    outer loop
      vertex 2.629305231718579 -6.996053456856544 5.0896979300494625
      vertex 2.629305231718579 6.996053456856544 5.0896979300494625
      vertex 2.369148039119588 -6.996053456856544 4.775221905731762
    endloop
  endfacet
  facet normal -0.8443279255020147 0 0.5358267949789972
    outer loop
      vertex 2.8479967101425565 -6.996053456856544 5.434300559169425
      vertex 2.8479967101425565 6.996053456856544 5.434300559169425
      vertex 2.629305231718579 -6.996053456856544 5.0896979300494625
    endloop
  endfacet
  facet normal -0.9048270524660199 0 0.4257792915650718
    outer loop
      vertex 3.0217735791368163 -6.996053456856544 5.803595203774796
      vertex 3.0217735791368163 6.996053456856544 5.803595203774796
      vertex 2.8479967101425565 -6.996053456856544 5.434300559169425
    endloop
  endfacet
  facet normal -0.9510565162951532 0 0.3090169943749483
    outer loop
      vertex 3.1478952736680514 -6.996053456856544 6.191757866714223
      vertex 3.1478952736680514 6.996053456856544 6.191757866714223
      vertex 3.0217735791368163 -6.996053456856544 5.803595203774796
    endloop
  endfacet
  facet normal -0.9822872507286888 0 0.18738131458572402
    outer loop
      vertex 3.224372779272053 -6.996053456856544 6.592666990916012
      vertex 3.224372779272053 6.996053456856544 6.592666990916012
      vertex 3.1478952736680514 -6.996053456856544 6.191757866714223
    endloop
  endfacet
  facet normal -0.9980267284282716 0 0.0627905195293136
    outer loop
      vertex 3.25 -6.996053456856544 7
      vertex 3.25 6.996053456856544 7
      vertex 3.224372779272053 -6.996053456856544 6.592666990916012
    endloop
  endfacet
  facet normal -0.9980267284282717 0 -0.06279051952931347
    outer loop
      vertex 3.224372779272053 -6.996053456856544 7.407333009083989
      vertex 3.224372779272053 6.996053456856544 7.407333009083989
      vertex 3.25 -6.996053456856544 7
    endloop
  endfacet
  facet normal -0.9822872507286885 0 -0.18738131458572505
    outer loop
      vertex 3.147895273668051 -6.996053456856544 7.808242133285778
      vertex 3.147895273668051 6.996053456856544 7.808242133285778
      vertex 3.224372779272053 -6.996053456856544 7.407333009083989
    endloop
  endfacet
  facet normal -0.9510565162951532 0 -0.30901699437494823
    outer loop
      vertex 3.0217735791368168 6.996053456856544 8.196404796225202
      vertex 3.147895273668051 -6.996053456856544 7.808242133285778
      vertex 3.0217735791368168 -6.996053456856544 8.196404796225202
    endloop
  endfacet
  facet normal -0.9048270524660199 0 -0.4257792915650719
    outer loop
      vertex 2.8479967101425565 6.996053456856544 8.565699440830574
      vertex 3.0217735791368168 -6.996053456856544 8.196404796225202
      vertex 2.8479967101425565 -6.996053456856544 8.565699440830574
    endloop
  endfacet
  facet normal -0.8443279255020153 0 -0.5358267949789962
    outer loop
      vertex 2.629305231718579 6.996053456856544 8.910302069950538
      vertex 2.8479967101425565 -6.996053456856544 8.565699440830574
      vertex 2.629305231718579 -6.996053456856544 8.910302069950538
    endloop
  endfacet
  facet normal -0.7705132427757897 0 -0.6374239897486891
    outer loop
      vertex 2.629305231718579 -6.996053456856544 8.910302069950538
      vertex 2.3691480391195876 -6.996053456856544 9.224778094268238
      vertex 2.3691480391195876 6.996053456856544 9.224778094268238
    endloop
  endfacet
  facet normal -0.6845471059286875 0 -0.7289686274214126
    outer loop
      vertex 2.071627966683242 6.996053456856544 9.504168039021314
      vertex 2.3691480391195876 -6.996053456856544 9.224778094268238
      vertex 2.071627966683242 -6.996053456856544 9.504168039021314
    endloop
  endfacet
  facet normal -0.36812455268467936 0 -0.9297764858882508
    outer loop
      vertex 1.004305231718579 6.996053456856544 10.09093367795925
      vertex 1.3837826975864864 -6.996053456856544 9.940687920514563
      vertex 1.004305231718579 -6.996053456856544 10.09093367795925
    endloop
  endfacet
  facet normal -0.12533323356430473 0 -0.9921147013144779
    outer loop
      vertex 0.20406918847026814 6.996053456856544 10.243586867391883
      vertex 0.6089892724036049 -6.996053456856544 10.192433564868239
      vertex 0.20406918847026814 -6.996053456856544 10.243586867391883
    endloop
  endfacet
  facet normal -0.24868988716485538 0 -0.968583161128631
    outer loop
      vertex 0.6089892724036049 6.996053456856544 10.192433564868239
      vertex 1.004305231718579 -6.996053456856544 10.09093367795925
      vertex 0.6089892724036049 -6.996053456856544 10.192433564868239
    endloop
  endfacet
  facet normal -0.5877852522924738 0 -0.8090169943749468
    outer loop
      vertex 1.7414370836817392 6.996053456856544 9.744065757881549
      vertex 2.071627966683242 -6.996053456856544 9.504168039021314
      vertex 1.7414370836817392 -6.996053456856544 9.744065757881549
    endloop
  endfacet
  facet normal -0.481753674101715 0 -0.8763066800438638
    outer loop
      vertex 1.3837826975864864 6.996053456856544 9.940687920514563
      vertex 1.7414370836817392 -6.996053456856544 9.744065757881549
      vertex 1.3837826975864864 -6.996053456856544 9.940687920514563
    endloop
  endfacet
  facet normal -0.12533323356430498 0 0.9921147013144777
    outer loop
      vertex 0.20406918847026972 -6.996053456856544 3.7564131326081176
      vertex 0.6089892724036057 6.996053456856544 3.807566435131762
      vertex 0.20406918847026972 6.996053456856544 3.7564131326081176
    endloop
  endfacet
  facet normal -0.2486898871648548 0 0.968583161128631
    outer loop
      vertex 0.6089892724036057 -6.996053456856544 3.807566435131762
      vertex 1.004305231718579 6.996053456856544 3.909066322040751
      vertex 0.6089892724036057 6.996053456856544 3.807566435131762
    endloop
  endfacet
  facet normal -0.3681245526846773 0 0.9297764858882517
    outer loop
      vertex 1.004305231718579 -6.996053456856544 3.909066322040751
      vertex 1.3837826975864855 6.996053456856544 4.059312079485436
      vertex 1.004305231718579 6.996053456856544 3.909066322040751
    endloop
  endfacet
  facet normal -0.48175367410171555 0 0.8763066800438633
    outer loop
      vertex 1.3837826975864855 -6.996053456856544 4.059312079485436
      vertex 1.7414370836817377 6.996053456856544 4.2559342421184505
      vertex 1.3837826975864855 6.996053456856544 4.059312079485436
    endloop
  endfacet
  facet normal -0.587785252292473 0 0.8090169943749477
    outer loop
      vertex 1.7414370836817377 -6.996053456856544 4.2559342421184505
      vertex 2.0716279666832422 6.996053456856544 4.495831960978686
      vertex 1.7414370836817377 6.996053456856544 4.2559342421184505
    endloop
  endfacet
  facet normal -0.6845471059286875 0 0.7289686274214126
    outer loop
      vertex 2.0716279666832422 -6.996053456856544 4.495831960978686
      vertex 2.369148039119588 6.996053456856544 4.775221905731762
      vertex 2.0716279666832422 6.996053456856544 4.495831960978686
    endloop
  endfacet
  facet normal -0.7705132427757903 0 0.6374239897486884
    outer loop
      vertex 2.369148039119588 -6.996053456856544 4.775221905731762
      vertex 2.629305231718579 6.996053456856544 5.0896979300494625
      vertex 2.369148039119588 6.996053456856544 4.775221905731762
    endloop
  endfacet
  facet normal -0.8443279255020147 0 0.5358267949789972
    outer loop
      vertex 2.629305231718579 -6.996053456856544 5.0896979300494625
      vertex 2.8479967101425565 6.996053456856544 5.434300559169425
      vertex 2.629305231718579 6.996053456856544 5.0896979300494625
    endloop
  endfacet
  facet normal -0.9048270524660199 0 0.4257792915650718
    outer loop
      vertex 2.8479967101425565 -6.996053456856544 5.434300559169425
      vertex 3.0217735791368163 6.996053456856544 5.803595203774796
      vertex 2.8479967101425565 6.996053456856544 5.434300559169425
    endloop
  endfacet
  facet normal -0.9510565162951532 0 0.3090169943749483
    outer loop
      vertex 3.0217735791368163 -6.996053456856544 5.803595203774796
      vertex 3.1478952736680514 6.996053456856544 6.191757866714223
      vertex 3.0217735791368163 6.996053456856544 5.803595203774796
    endloop
  endfacet
  facet normal -0.9822872507286888 0 0.18738131458572402
    outer loop
      vertex 3.1478952736680514 -6.996053456856544 6.191757866714223
      vertex 3.224372779272053 6.996053456856544 6.592666990916012
      vertex 3.1478952736680514 6.996053456856544 6.191757866714223
    endloop
  endfacet
  facet normal -0.9980267284282716 0 0.0627905195293136
    outer loop
      vertex 3.224372779272053 -6.996053456856544 6.592666990916012
      vertex 3.25 6.996053456856544 7
      vertex 3.224372779272053 6.996053456856544 6.592666990916012
    endloop
  endfacet
  facet normal -0.9980267284282717 0 -0.06279051952931347
    outer loop
      vertex 3.25 -6.996053456856544 7
      vertex 3.224372779272053 6.996053456856544 7.407333009083989
      vertex 3.25 6.996053456856544 7
    endloop
  endfacet
  facet normal -0.9822872507286885 0 -0.18738131458572505
    outer loop
      vertex 3.224372779272053 -6.996053456856544 7.407333009083989
      vertex 3.147895273668051 6.996053456856544 7.808242133285778
      vertex 3.224372779272053 6.996053456856544 7.407333009083989
    endloop
  endfacet
  facet normal -0.9510565162951532 0 -0.30901699437494823
    outer loop
      vertex 3.147895273668051 -6.996053456856544 7.808242133285778
      vertex 3.0217735791368168 6.996053456856544 8.196404796225202
      vertex 3.147895273668051 6.996053456856544 7.808242133285778
    endloop
  endfacet
  facet normal -0.9048270524660199 0 -0.4257792915650719
    outer loop
      vertex 3.0217735791368168 6.996053456856544 8.196404796225202
      vertex 3.0217735791368168 -6.996053456856544 8.196404796225202
      vertex 2.8479967101425565 6.996053456856544 8.565699440830574
    endloop
  endfacet
  facet normal -0.8443279255020153 0 -0.5358267949789962
    outer loop
      vertex 2.8479967101425565 6.996053456856544 8.565699440830574
      vertex 2.8479967101425565 -6.996053456856544 8.565699440830574
      vertex 2.629305231718579 6.996053456856544 8.910302069950538
    endloop
  endfacet
  facet normal -0.7705132427757897 0 -0.6374239897486891
    outer loop
      vertex 2.629305231718579 6.996053456856544 8.910302069950538
      vertex 2.629305231718579 -6.996053456856544 8.910302069950538
      vertex 2.3691480391195876 6.996053456856544 9.224778094268238
    endloop
  endfacet
  facet normal -0.5877852522924738 0 -0.8090169943749468
    outer loop
      vertex 1.7414370836817392 6.996053456856544 9.744065757881549
      vertex 2.071627966683242 6.996053456856544 9.504168039021314
      vertex 2.071627966683242 -6.996053456856544 9.504168039021314
    endloop
  endfacet
  facet normal -0.6845471059286875 0 -0.7289686274214126
    outer loop
      vertex 2.071627966683242 6.996053456856544 9.504168039021314
      vertex 2.3691480391195876 6.996053456856544 9.224778094268238
      vertex 2.3691480391195876 -6.996053456856544 9.224778094268238
    endloop
  endfacet
  facet normal -0.36812455268467936 0 -0.9297764858882508
    outer loop
      vertex 1.004305231718579 6.996053456856544 10.09093367795925
      vertex 1.3837826975864864 6.996053456856544 9.940687920514563
      vertex 1.3837826975864864 -6.996053456856544 9.940687920514563
    endloop
  endfacet
  facet normal 0 0 -1
    outer loop
      vertex -0.20406918847026814 6.996053456856544 10.243586867391883
      vertex 0.20406918847026814 6.996053456856544 10.243586867391883
      vertex 0.20406918847026814 -6.996053456856544 10.243586867391883
    endloop
  endfacet
  facet normal -0.12533323356430473 0 -0.9921147013144779
    outer loop
      vertex 0.20406918847026814 6.996053456856544 10.243586867391883
      vertex 0.6089892724036049 6.996053456856544 10.192433564868239
      vertex 0.6089892724036049 -6.996053456856544 10.192433564868239
    endloop
  endfacet
  facet normal -0.24868988716485538 0 -0.968583161128631
    outer loop
      vertex 0.6089892724036049 6.996053456856544 10.192433564868239
      vertex 1.004305231718579 6.996053456856544 10.09093367795925
      vertex 1.004305231718579 -6.996053456856544 10.09093367795925
    endloop
  endfacet
  facet normal -0.481753674101715 0 -0.8763066800438638
    outer loop
      vertex 1.3837826975864864 6.996053456856544 9.940687920514563
      vertex 1.7414370836817392 6.996053456856544 9.744065757881549
      vertex 1.7414370836817392 -6.996053456856544 9.744065757881549
    endloop
  endfacet
  facet normal 0.1253332335643065 0 0.9921147013144777
    outer loop
      vertex 7.162713633745695 -6.996053456856544 5.2318829486883605
      vertex 7.386977064847235 -6.996053456856544 5.203551888829111
      vertex 7.386977064847235 6.996053456856544 5.203551888829111
    endloop
  endfacet
  facet normal 0 0 1
    outer loop
      vertex 7.386977064847235 -6.996053456856544 5.203551888829111
      vertex 7.613022935152765 -6.996053456856544 5.203551888829111
      vertex 7.613022935152765 6.996053456856544 5.203551888829111
    endloop
  endfacet
  facet normal -0.1253332335643065 0 0.9921147013144777
    outer loop
      vertex 7.613022935152765 -6.996053456856544 5.203551888829111
      vertex 7.837286366254305 -6.996053456856544 5.2318829486883605
      vertex 7.837286366254305 6.996053456856544 5.2318829486883605
    endloop
  endfacet
  facet normal 0.3681245526846771 0 0.9297764858882517
    outer loop
      vertex 6.73359727518287 -6.996053456856544 5.371311305561164
      vertex 6.943769410125094 -6.996053456856544 5.288098270668724
      vertex 6.943769410125094 6.996053456856544 5.288098270668724
    endloop
  endfacet
  facet normal 0.4817536741017165 0 0.8763066800438629
    outer loop
      vertex 6.5355117690378055 -6.996053456856544 5.480209734096373
      vertex 6.73359727518287 -6.996053456856544 5.371311305561164
      vertex 6.73359727518287 6.996053456856544 5.371311305561164
    endloop
  endfacet
  facet normal 0.5877852522924724 0 0.809016994374948
    outer loop
      vertex 6.352636818452359 -6.996053456856544 5.613076163003579
      vertex 6.5355117690378055 -6.996053456856544 5.480209734096373
      vertex 6.5355117690378055 6.996053456856544 5.480209734096373
    endloop
  endfacet
  facet normal 0.6845471059286893 0 0.7289686274214111
    outer loop
      vertex 6.187856470641459 -6.996053456856544 5.767815209328361
      vertex 6.352636818452359 -6.996053456856544 5.613076163003579
      vertex 6.352636818452359 6.996053456856544 5.613076163003579
    endloop
  endfacet
  facet normal 0.7705132427757874 0 0.6374239897486919
    outer loop
      vertex 6.187856470641459 -6.996053456856544 5.767815209328361
      vertex 6.187856470641459 6.996053456856544 5.767815209328361
      vertex 6.043769410125094 -6.996053456856544 5.941986545873548
    endloop
  endfacet
  facet normal 0.8443279255020164 0 0.5358267949789944
    outer loop
      vertex 6.043769410125094 -6.996053456856544 5.941986545873548
      vertex 6.043769410125094 6.996053456856544 5.941986545873548
      vertex 5.922647975921046 -6.996053456856544 6.132843386616912
    endloop
  endfacet
  facet normal 0.248689887164855 0 0.9685831611286311
    outer loop
      vertex 6.943769410125094 -6.996053456856544 5.288098270668724
      vertex 7.162713633745695 -6.996053456856544 5.2318829486883605
      vertex 7.162713633745695 6.996053456856544 5.2318829486883605
    endloop
  endfacet
  facet normal -0.248689887164855 0 0.9685831611286311
    outer loop
      vertex 7.837286366254305 -6.996053456856544 5.2318829486883605
      vertex 8.056230589874906 -6.996053456856544 5.288098270668724
      vertex 8.056230589874906 6.996053456856544 5.288098270668724
    endloop
  endfacet
  facet normal -0.3681245526846771 0 0.9297764858882517
    outer loop
      vertex 8.056230589874906 -6.996053456856544 5.288098270668724
      vertex 8.26640272481713 -6.996053456856544 5.371311305561164
      vertex 8.26640272481713 6.996053456856544 5.371311305561164
    endloop
  endfacet
  facet normal 0.9048270524660197 0 0.4257792915650724
    outer loop
      vertex 5.922647975921046 -6.996053456856544 6.132843386616912
      vertex 5.922647975921046 6.996053456856544 6.132843386616912
      vertex 5.826402325401148 -6.996053456856544 6.3373758051675795
    endloop
  endfacet
  facet normal 0.9510565162951534 0 0.30901699437494784
    outer loop
      vertex 5.826402325401148 -6.996053456856544 6.3373758051675795
      vertex 5.826402325401148 6.996053456856544 6.3373758051675795
      vertex 5.756550309968464 -6.996053456856544 6.552358203103261
    endloop
  endfacet
  facet normal 0.9822872507286886 0 0.1873813145857249
    outer loop
      vertex 5.756550309968464 -6.996053456856544 6.552358203103261
      vertex 5.756550309968464 6.996053456856544 6.552358203103261
      vertex 5.71419353763394 -6.996053456856544 6.774400179584252
    endloop
  endfacet
  facet normal 0.9980267284282716 0 0.06279051952931251
    outer loop
      vertex 5.71419353763394 -6.996053456856544 6.774400179584252
      vertex 5.71419353763394 6.996053456856544 6.774400179584252
      vertex 5.7 -6.996053456856544 7
    endloop
  endfacet
  facet normal -0.4817536741017168 0 0.8763066800438628
    outer loop
      vertex 8.26640272481713 -6.996053456856544 5.371311305561164
      vertex 8.464488230962193 -6.996053456856544 5.4802097340963725
      vertex 8.464488230962193 6.996053456856544 5.4802097340963725
    endloop
  endfacet
  facet normal -0.5877852522924737 0 0.809016994374947
    outer loop
      vertex 8.464488230962193 -6.996053456856544 5.4802097340963725
      vertex 8.647363181547641 -6.996053456856544 5.61307616300358
      vertex 8.647363181547641 6.996053456856544 5.61307616300358
    endloop
  endfacet
  facet normal -0.6845471059286852 0 0.7289686274214148
    outer loop
      vertex 8.647363181547641 -6.996053456856544 5.61307616300358
      vertex 8.812143529358542 -6.996053456856544 5.767815209328361
      vertex 8.812143529358542 6.996053456856544 5.767815209328361
    endloop
  endfacet
  facet normal -0.7705132427757894 0 0.6374239897486895
    outer loop
      vertex 8.956230589874906 -6.996053456856544 5.941986545873548
      vertex 8.956230589874906 6.996053456856544 5.941986545873548
      vertex 8.812143529358542 -6.996053456856544 5.767815209328361
    endloop
  endfacet
  facet normal -0.8443279255020146 0 0.5358267949789973
    outer loop
      vertex 9.077352024078955 -6.996053456856544 6.132843386616912
      vertex 9.077352024078955 6.996053456856544 6.132843386616912
      vertex 8.956230589874906 -6.996053456856544 5.941986545873548
    endloop
  endfacet
  facet normal -0.9048270524660205 0 0.42577929156507066
    outer loop
      vertex 9.173597674598852 -6.996053456856544 6.337375805167579
      vertex 9.173597674598852 6.996053456856544 6.337375805167579
      vertex 9.077352024078955 -6.996053456856544 6.132843386616912
    endloop
  endfacet
  facet normal -0.9510565162951542 0 0.3090169943749455
    outer loop
      vertex 9.243449690031536 -6.996053456856544 6.552358203103262
      vertex 9.243449690031536 6.996053456856544 6.552358203103262
      vertex 9.173597674598852 -6.996053456856544 6.337375805167579
    endloop
  endfacet
  facet normal -0.9822872507286878 0 0.18738131458572946
    outer loop
      vertex 9.285806462366061 -6.996053456856544 6.774400179584252
      vertex 9.285806462366061 6.996053456856544 6.774400179584252
      vertex 9.243449690031536 -6.996053456856544 6.552358203103262
    endloop
  endfacet
  facet normal -0.9980267284282716 0 0.06279051952931251
    outer loop
      vertex 9.3 -6.996053456856544 7
      vertex 9.3 6.996053456856544 7
      vertex 9.285806462366061 -6.996053456856544 6.774400179584252
    endloop
  endfacet
  facet normal 0.9980267284282716 0 -0.06279051952931251
    outer loop
      vertex 5.7 -6.996053456856544 7
      vertex 5.7 6.996053456856544 7
      vertex 5.71419353763394 -6.996053456856544 7.225599820415748
    endloop
  endfacet
  facet normal 0.9822872507286886 0 -0.1873813145857249
    outer loop
      vertex 5.71419353763394 -6.996053456856544 7.225599820415748
      vertex 5.71419353763394 6.996053456856544 7.225599820415748
      vertex 5.756550309968464 -6.996053456856544 7.447641796896739
    endloop
  endfacet
  facet normal 0.9510565162951534 0 -0.30901699437494784
    outer loop
      vertex 5.756550309968464 -6.996053456856544 7.447641796896739
      vertex 5.756550309968464 6.996053456856544 7.447641796896739
      vertex 5.826402325401148 -6.996053456856544 7.6626241948324205
    endloop
  endfacet
  facet normal 0.9048270524660197 0 -0.4257792915650724
    outer loop
      vertex 5.826402325401148 -6.996053456856544 7.6626241948324205
      vertex 5.826402325401148 6.996053456856544 7.6626241948324205
      vertex 5.922647975921046 -6.996053456856544 7.867156613383088
    endloop
  endfacet
  facet normal 0.8443279255020153 0 -0.5358267949789963
    outer loop
      vertex 5.922647975921046 -6.996053456856544 7.867156613383088
      vertex 5.922647975921046 6.996053456856544 7.867156613383088
      vertex 6.043769410125094 -6.996053456856544 8.058013454126451
    endloop
  endfacet
  facet normal 0.7705132427757874 0 -0.6374239897486919
    outer loop
      vertex 6.043769410125094 -6.996053456856544 8.058013454126451
      vertex 6.043769410125094 6.996053456856544 8.058013454126451
      vertex 6.187856470641459 -6.996053456856544 8.232184790671639
    endloop
  endfacet
  facet normal 0.6845471059286893 0 -0.7289686274214111
    outer loop
      vertex 6.187856470641459 -6.996053456856544 8.232184790671639
      vertex 6.187856470641459 6.996053456856544 8.232184790671639
      vertex 6.352636818452359 -6.996053456856544 8.38692383699642
    endloop
  endfacet
  facet normal 0.5877852522924749 0 -0.8090169943749462
    outer loop
      vertex 6.5355117690378055 -6.996053456856544 8.519790265903627
      vertex 6.352636818452359 -6.996053456856544 8.38692383699642
      vertex 6.352636818452359 6.996053456856544 8.38692383699642
    endloop
  endfacet
  facet normal 0.48175367410171815 0 -0.876306680043862
    outer loop
      vertex 6.733597275182869 -6.996053456856544 8.628688694438836
      vertex 6.5355117690378055 -6.996053456856544 8.519790265903627
      vertex 6.5355117690378055 6.996053456856544 8.519790265903627
    endloop
  endfacet
  facet normal 0.36812455268467914 0 -0.929776485888251
    outer loop
      vertex 6.943769410125094 -6.996053456856544 8.711901729331277
      vertex 6.733597275182869 -6.996053456856544 8.628688694438836
      vertex 6.733597275182869 6.996053456856544 8.628688694438836
    endloop
  endfacet
  facet normal 0.24868988716485033 0 -0.9685831611286322
    outer loop
      vertex 7.162713633745696 -6.996053456856544 8.76811705131164
      vertex 6.943769410125094 -6.996053456856544 8.711901729331277
      vertex 6.943769410125094 6.996053456856544 8.711901729331277
    endloop
  endfacet
  facet normal -0.24868988716485033 0 -0.9685831611286322
    outer loop
      vertex 8.056230589874906 -6.996053456856544 8.711901729331277
      vertex 7.837286366254304 -6.996053456856544 8.76811705131164
      vertex 7.837286366254304 6.996053456856544 8.76811705131164
    endloop
  endfacet
  facet normal -0.3681245526846805 0 -0.9297764858882505
    outer loop
      vertex 8.26640272481713 -6.996053456856544 8.628688694438836
      vertex 8.056230589874906 -6.996053456856544 8.711901729331277
      vertex 8.056230589874906 6.996053456856544 8.711901729331277
    endloop
  endfacet
  facet normal -0.9980267284282716 0 -0.06279051952931251
    outer loop
      vertex 9.285806462366061 -6.996053456856544 7.225599820415748
      vertex 9.285806462366061 6.996053456856544 7.225599820415748
      vertex 9.3 -6.996053456856544 7
    endloop
  endfacet
  facet normal -0.9822872507286878 0 -0.1873813145857287
    outer loop
      vertex 9.243449690031536 -6.996053456856544 7.447641796896739
      vertex 9.243449690031536 6.996053456856544 7.447641796896739
      vertex 9.285806462366061 -6.996053456856544 7.225599820415748
    endloop
  endfacet
  facet normal -0.9510565162951534 0 -0.30901699437494784
    outer loop
      vertex 9.173597674598852 -6.996053456856544 7.6626241948324205
      vertex 9.173597674598852 6.996053456856544 7.6626241948324205
      vertex 9.243449690031536 -6.996053456856544 7.447641796896739
    endloop
  endfacet
  facet normal -0.9048270524660211 0 -0.4257792915650691
    outer loop
      vertex 9.077352024078955 -6.996053456856544 7.867156613383088
      vertex 9.077352024078955 6.996053456856544 7.867156613383088
      vertex 9.173597674598852 -6.996053456856544 7.6626241948324205
    endloop
  endfacet
  facet normal -0.7705132427757888 0 -0.6374239897486904
    outer loop
      vertex 8.81214352935854 -6.996053456856544 8.23218479067164
      vertex 8.81214352935854 6.996053456856544 8.23218479067164
      vertex 8.956230589874906 -6.996053456856544 8.058013454126451
    endloop
  endfacet
  facet normal -0.8443279255020135 0 -0.5358267949789991
    outer loop
      vertex 8.956230589874906 -6.996053456856544 8.058013454126451
      vertex 8.956230589874906 6.996053456856544 8.058013454126451
      vertex 9.077352024078955 -6.996053456856544 7.867156613383088
    endloop
  endfacet
  facet normal -0.5877852522924749 0 -0.8090169943749462
    outer loop
      vertex 8.647363181547641 -6.996053456856544 8.38692383699642
      vertex 8.464488230962194 -6.996053456856544 8.519790265903627
      vertex 8.464488230962194 6.996053456856544 8.519790265903627
    endloop
  endfacet
  facet normal -0.6845471059286871 0 -0.7289686274214131
    outer loop
      vertex 8.81214352935854 -6.996053456856544 8.23218479067164
      vertex 8.647363181547641 -6.996053456856544 8.38692383699642
      vertex 8.647363181547641 6.996053456856544 8.38692383699642
    endloop
  endfacet
  facet normal -0.4817536741017165 0 -0.8763066800438629
    outer loop
      vertex 8.464488230962194 -6.996053456856544 8.519790265903627
      vertex 8.26640272481713 -6.996053456856544 8.628688694438836
      vertex 8.26640272481713 6.996053456856544 8.628688694438836
    endloop
  endfacet
  facet normal 0.1253332335643065 0 -0.9921147013144777
    outer loop
      vertex 7.386977064847236 -6.996053456856544 8.79644811117089
      vertex 7.162713633745696 -6.996053456856544 8.76811705131164
      vertex 7.162713633745696 6.996053456856544 8.76811705131164
    endloop
  endfacet
  facet normal 0 0 -1
    outer loop
      vertex 7.613022935152764 -6.996053456856544 8.79644811117089
      vertex 7.386977064847236 -6.996053456856544 8.79644811117089
      vertex 7.386977064847236 6.996053456856544 8.79644811117089
    endloop
  endfacet
  facet normal -0.1253332335643065 0 -0.9921147013144777
    outer loop
      vertex 7.837286366254304 -6.996053456856544 8.76811705131164
      vertex 7.613022935152764 -6.996053456856544 8.79644811117089
      vertex 7.613022935152764 6.996053456856544 8.79644811117089
    endloop
  endfacet
  facet normal 0.1253332335643065 0 0.9921147013144777
    outer loop
      vertex 7.162713633745695 -6.996053456856544 5.2318829486883605
      vertex 7.386977064847235 6.996053456856544 5.203551888829111
      vertex 7.162713633745695 6.996053456856544 5.2318829486883605
    endloop
  endfacet
  facet normal 0 0 1
    outer loop
      vertex 7.386977064847235 -6.996053456856544 5.203551888829111
      vertex 7.613022935152765 6.996053456856544 5.203551888829111
      vertex 7.386977064847235 6.996053456856544 5.203551888829111
    endloop
  endfacet
  facet normal -0.1253332335643065 0 0.9921147013144777
    outer loop
      vertex 7.613022935152765 -6.996053456856544 5.203551888829111
      vertex 7.837286366254305 6.996053456856544 5.2318829486883605
      vertex 7.613022935152765 6.996053456856544 5.203551888829111
    endloop
  endfacet
  facet normal 0.3681245526846771 0 0.9297764858882517
    outer loop
      vertex 6.73359727518287 -6.996053456856544 5.371311305561164
      vertex 6.943769410125094 6.996053456856544 5.288098270668724
      vertex 6.73359727518287 6.996053456856544 5.371311305561164
    endloop
  endfacet
  facet normal 0.4817536741017165 0 0.8763066800438629
    outer loop
      vertex 6.5355117690378055 -6.996053456856544 5.480209734096373
      vertex 6.73359727518287 6.996053456856544 5.371311305561164
      vertex 6.5355117690378055 6.996053456856544 5.480209734096373
    endloop
  endfacet
  facet normal 0.5877852522924724 0 0.809016994374948
    outer loop
      vertex 6.352636818452359 -6.996053456856544 5.613076163003579
      vertex 6.5355117690378055 6.996053456856544 5.480209734096373
      vertex 6.352636818452359 6.996053456856544 5.613076163003579
    endloop
  endfacet
  facet normal 0.7705132427757874 0 0.6374239897486919
    outer loop
      vertex 6.043769410125094 -6.996053456856544 5.941986545873548
      vertex 6.187856470641459 6.996053456856544 5.767815209328361
      vertex 6.043769410125094 6.996053456856544 5.941986545873548
    endloop
  endfacet
  facet normal 0.8443279255020164 0 0.5358267949789944
    outer loop
      vertex 5.922647975921046 -6.996053456856544 6.132843386616912
      vertex 6.043769410125094 6.996053456856544 5.941986545873548
      vertex 5.922647975921046 6.996053456856544 6.132843386616912
    endloop
  endfacet
  facet normal 0.6845471059286893 0 0.7289686274214111
    outer loop
      vertex 6.187856470641459 -6.996053456856544 5.767815209328361
      vertex 6.352636818452359 6.996053456856544 5.613076163003579
      vertex 6.187856470641459 6.996053456856544 5.767815209328361
    endloop
  endfacet
  facet normal 0.248689887164855 0 0.9685831611286311
    outer loop
      vertex 6.943769410125094 -6.996053456856544 5.288098270668724
      vertex 7.162713633745695 6.996053456856544 5.2318829486883605
      vertex 6.943769410125094 6.996053456856544 5.288098270668724
    endloop
  endfacet
  facet normal -0.248689887164855 0 0.9685831611286311
    outer loop
      vertex 7.837286366254305 -6.996053456856544 5.2318829486883605
      vertex 8.056230589874906 6.996053456856544 5.288098270668724
      vertex 7.837286366254305 6.996053456856544 5.2318829486883605
    endloop
  endfacet
  facet normal -0.3681245526846771 0 0.9297764858882517
    outer loop
      vertex 8.056230589874906 -6.996053456856544 5.288098270668724
      vertex 8.26640272481713 6.996053456856544 5.371311305561164
      vertex 8.056230589874906 6.996053456856544 5.288098270668724
    endloop
  endfacet
  facet normal 0.9048270524660197 0 0.4257792915650724
    outer loop
      vertex 5.826402325401148 -6.996053456856544 6.3373758051675795
      vertex 5.922647975921046 6.996053456856544 6.132843386616912
      vertex 5.826402325401148 6.996053456856544 6.3373758051675795
    endloop
  endfacet
  facet normal 0.9510565162951534 0 0.30901699437494784
    outer loop
      vertex 5.756550309968464 -6.996053456856544 6.552358203103261
      vertex 5.826402325401148 6.996053456856544 6.3373758051675795
      vertex 5.756550309968464 6.996053456856544 6.552358203103261
    endloop
  endfacet
  facet normal 0.9822872507286886 0 0.1873813145857249
    outer loop
      vertex 5.71419353763394 -6.996053456856544 6.774400179584252
      vertex 5.756550309968464 6.996053456856544 6.552358203103261
      vertex 5.71419353763394 6.996053456856544 6.774400179584252
    endloop
  endfacet
  facet normal 0.9980267284282716 0 0.06279051952931251
    outer loop
      vertex 5.7 -6.996053456856544 7
      vertex 5.71419353763394 6.996053456856544 6.774400179584252
      vertex 5.7 6.996053456856544 7
    endloop
  endfacet
  facet normal -0.4817536741017168 0 0.8763066800438628
    outer loop
      vertex 8.26640272481713 -6.996053456856544 5.371311305561164
      vertex 8.464488230962193 6.996053456856544 5.4802097340963725
      vertex 8.26640272481713 6.996053456856544 5.371311305561164
    endloop
  endfacet
  facet normal -0.5877852522924737 0 0.809016994374947
    outer loop
      vertex 8.464488230962193 -6.996053456856544 5.4802097340963725
      vertex 8.647363181547641 6.996053456856544 5.61307616300358
      vertex 8.464488230962193 6.996053456856544 5.4802097340963725
    endloop
  endfacet
  facet normal -0.6845471059286852 0 0.7289686274214148
    outer loop
      vertex 8.647363181547641 -6.996053456856544 5.61307616300358
      vertex 8.812143529358542 6.996053456856544 5.767815209328361
      vertex 8.647363181547641 6.996053456856544 5.61307616300358
    endloop
  endfacet
  facet normal -0.7705132427757894 0 0.6374239897486895
    outer loop
      vertex 8.812143529358542 -6.996053456856544 5.767815209328361
      vertex 8.956230589874906 6.996053456856544 5.941986545873548
      vertex 8.812143529358542 6.996053456856544 5.767815209328361
    endloop
  endfacet
  facet normal -0.8443279255020146 0 0.5358267949789973
    outer loop
      vertex 8.956230589874906 -6.996053456856544 5.941986545873548
      vertex 9.077352024078955 6.996053456856544 6.132843386616912
      vertex 8.956230589874906 6.996053456856544 5.941986545873548
    endloop
  endfacet
  facet normal -0.9048270524660205 0 0.42577929156507066
    outer loop
      vertex 9.077352024078955 -6.996053456856544 6.132843386616912
      vertex 9.173597674598852 6.996053456856544 6.337375805167579
      vertex 9.077352024078955 6.996053456856544 6.132843386616912
    endloop
  endfacet
  facet normal -0.9510565162951542 0 0.3090169943749455
    outer loop
      vertex 9.173597674598852 -6.996053456856544 6.337375805167579
      vertex 9.243449690031536 6.996053456856544 6.552358203103262
      vertex 9.173597674598852 6.996053456856544 6.337375805167579
    endloop
  endfacet
  facet normal -0.9822872507286878 0 0.18738131458572946
    outer loop
      vertex 9.243449690031536 -6.996053456856544 6.552358203103262
      vertex 9.285806462366061 6.996053456856544 6.774400179584252
      vertex 9.243449690031536 6.996053456856544 6.552358203103262
    endloop
  endfacet
  facet normal -0.9980267284282716 0 0.06279051952931251
    outer loop
      vertex 9.285806462366061 -6.996053456856544 6.774400179584252
      vertex 9.3 6.996053456856544 7
      vertex 9.285806462366061 6.996053456856544 6.774400179584252
    endloop
  endfacet
  facet normal 0.9980267284282716 0 -0.06279051952931251
    outer loop
      vertex 5.71419353763394 -6.996053456856544 7.225599820415748
      vertex 5.7 6.996053456856544 7
      vertex 5.71419353763394 6.996053456856544 7.225599820415748
    endloop
  endfacet
  facet normal 0.9822872507286886 0 -0.1873813145857249
    outer loop
      vertex 5.756550309968464 -6.996053456856544 7.447641796896739
      vertex 5.71419353763394 6.996053456856544 7.225599820415748
      vertex 5.756550309968464 6.996053456856544 7.447641796896739
    endloop
  endfacet
  facet normal 0.9510565162951534 0 -0.30901699437494784
    outer loop
      vertex 5.826402325401148 -6.996053456856544 7.6626241948324205
      vertex 5.756550309968464 6.996053456856544 7.447641796896739
      vertex 5.826402325401148 6.996053456856544 7.6626241948324205
    endloop
  endfacet
  facet normal 0.9048270524660197 0 -0.4257792915650724
    outer loop
      vertex 5.922647975921046 -6.996053456856544 7.867156613383088
      vertex 5.826402325401148 6.996053456856544 7.6626241948324205
      vertex 5.922647975921046 6.996053456856544 7.867156613383088
    endloop
  endfacet
  facet normal 0.8443279255020153 0 -0.5358267949789963
    outer loop
      vertex 6.043769410125094 -6.996053456856544 8.058013454126451
      vertex 5.922647975921046 6.996053456856544 7.867156613383088
      vertex 6.043769410125094 6.996053456856544 8.058013454126451
    endloop
  endfacet
  facet normal 0.7705132427757874 0 -0.6374239897486919
    outer loop
      vertex 6.187856470641459 -6.996053456856544 8.232184790671639
      vertex 6.043769410125094 6.996053456856544 8.058013454126451
      vertex 6.187856470641459 6.996053456856544 8.232184790671639
    endloop
  endfacet
  facet normal 0.6845471059286893 0 -0.7289686274214111
    outer loop
      vertex 6.352636818452359 -6.996053456856544 8.38692383699642
      vertex 6.187856470641459 6.996053456856544 8.232184790671639
      vertex 6.352636818452359 6.996053456856544 8.38692383699642
    endloop
  endfacet
  facet normal 0.5877852522924749 0 -0.8090169943749462
    outer loop
      vertex 6.5355117690378055 -6.996053456856544 8.519790265903627
      vertex 6.352636818452359 6.996053456856544 8.38692383699642
      vertex 6.5355117690378055 6.996053456856544 8.519790265903627
    endloop
  endfacet
  facet normal 0.48175367410171815 0 -0.876306680043862
    outer loop
      vertex 6.733597275182869 -6.996053456856544 8.628688694438836
      vertex 6.5355117690378055 6.996053456856544 8.519790265903627
      vertex 6.733597275182869 6.996053456856544 8.628688694438836
    endloop
  endfacet
  facet normal 0.36812455268467914 0 -0.929776485888251
    outer loop
      vertex 6.943769410125094 -6.996053456856544 8.711901729331277
      vertex 6.733597275182869 6.996053456856544 8.628688694438836
      vertex 6.943769410125094 6.996053456856544 8.711901729331277
    endloop
  endfacet
  facet normal 0.24868988716485033 0 -0.9685831611286322
    outer loop
      vertex 7.162713633745696 -6.996053456856544 8.76811705131164
      vertex 6.943769410125094 6.996053456856544 8.711901729331277
      vertex 7.162713633745696 6.996053456856544 8.76811705131164
    endloop
  endfacet
  facet normal -0.24868988716485033 0 -0.9685831611286322
    outer loop
      vertex 8.056230589874906 -6.996053456856544 8.711901729331277
      vertex 7.837286366254304 6.996053456856544 8.76811705131164
      vertex 8.056230589874906 6.996053456856544 8.711901729331277
    endloop
  endfacet
  facet normal -0.3681245526846805 0 -0.9297764858882505
    outer loop
      vertex 8.26640272481713 -6.996053456856544 8.628688694438836
      vertex 8.056230589874906 6.996053456856544 8.711901729331277
      vertex 8.26640272481713 6.996053456856544 8.628688694438836
    endloop
  endfacet
  facet normal -0.9980267284282716 0 -0.06279051952931251
    outer loop
      vertex 9.3 -6.996053456856544 7
      vertex 9.285806462366061 6.996053456856544 7.225599820415748
      vertex 9.3 6.996053456856544 7
    endloop
  endfacet
  facet normal -0.9822872507286878 0 -0.1873813145857287
    outer loop
      vertex 9.285806462366061 -6.996053456856544 7.225599820415748
      vertex 9.243449690031536 6.996053456856544 7.447641796896739
      vertex 9.285806462366061 6.996053456856544 7.225599820415748
    endloop
  endfacet
  facet normal -0.9510565162951534 0 -0.30901699437494784
    outer loop
      vertex 9.243449690031536 -6.996053456856544 7.447641796896739
      vertex 9.173597674598852 6.996053456856544 7.6626241948324205
      vertex 9.243449690031536 6.996053456856544 7.447641796896739
    endloop
  endfacet
  facet normal -0.9048270524660211 0 -0.4257792915650691
    outer loop
      vertex 9.173597674598852 -6.996053456856544 7.6626241948324205
      vertex 9.077352024078955 6.996053456856544 7.867156613383088
      vertex 9.173597674598852 6.996053456856544 7.6626241948324205
    endloop
  endfacet
  facet normal -0.7705132427757888 0 -0.6374239897486904
    outer loop
      vertex 8.956230589874906 -6.996053456856544 8.058013454126451
      vertex 8.81214352935854 6.996053456856544 8.23218479067164
      vertex 8.956230589874906 6.996053456856544 8.058013454126451
    endloop
  endfacet
  facet normal -0.6845471059286871 0 -0.7289686274214131
    outer loop
      vertex 8.81214352935854 -6.996053456856544 8.23218479067164
      vertex 8.647363181547641 6.996053456856544 8.38692383699642
      vertex 8.81214352935854 6.996053456856544 8.23218479067164
    endloop
  endfacet
  facet normal -0.8443279255020135 0 -0.5358267949789991
    outer loop
      vertex 9.077352024078955 -6.996053456856544 7.867156613383088
      vertex 8.956230589874906 6.996053456856544 8.058013454126451
      vertex 9.077352024078955 6.996053456856544 7.867156613383088
    endloop
  endfacet
  facet normal -0.5877852522924749 0 -0.8090169943749462
    outer loop
      vertex 8.647363181547641 -6.996053456856544 8.38692383699642
      vertex 8.464488230962194 6.996053456856544 8.519790265903627
      vertex 8.647363181547641 6.996053456856544 8.38692383699642
    endloop
  endfacet
  facet normal -0.4817536741017165 0 -0.8763066800438629
    outer loop
      vertex 8.464488230962194 -6.996053456856544 8.519790265903627
      vertex 8.26640272481713 6.996053456856544 8.628688694438836
      vertex 8.464488230962194 6.996053456856544 8.519790265903627
    endloop
  endfacet
  facet normal 0.1253332335643065 0 -0.9921147013144777
    outer loop
      vertex 7.386977064847236 -6.996053456856544 8.79644811117089
      vertex 7.162713633745696 6.996053456856544 8.76811705131164
      vertex 7.386977064847236 6.996053456856544 8.79644811117089
    endloop
  endfacet
  facet normal 0 0 -1
    outer loop
      vertex 7.613022935152764 -6.996053456856544 8.79644811117089
      vertex 7.386977064847236 6.996053456856544 8.79644811117089
      vertex 7.613022935152764 6.996053456856544 8.79644811117089
    endloop
  endfacet
  facet normal -0.1253332335643065 0 -0.9921147013144777
    outer loop
      vertex 7.837286366254304 -6.996053456856544 8.76811705131164
      vertex 7.613022935152764 6.996053456856544 8.79644811117089
      vertex 7.837286366254304 6.996053456856544 8.76811705131164
    endloop
  endfacet
  facet normal 0.36812455268467653 0.9297764858882519 0
    outer loop
      vertex 13.616217302413514 -2.9406879205145637 0
      vertex 13.616217302413514 -2.9406879205145637 14
      vertex 13.995694768281421 -3.090933677959249 0
    endloop
  endfacet
  facet normal 0.4817536741017157 0.8763066800438634 0
    outer loop
      vertex 13.25856291631826 -2.7440657578815486 0
      vertex 13.25856291631826 -2.7440657578815486 14
      vertex 13.616217302413514 -2.9406879205145637 0
    endloop
  endfacet
  facet normal 0.5877852522924732 0.8090169943749472 0
    outer loop
      vertex 12.928372033316759 -2.5041680390213155 0
      vertex 12.928372033316759 -2.5041680390213155 14
      vertex 13.25856291631826 -2.7440657578815486 0
    endloop
  endfacet
  facet normal 0.6845471059286882 0.7289686274214119 0
    outer loop
      vertex 12.928372033316759 -2.5041680390213155 0
      vertex 12.630851960880412 -2.224778094268238 0
      vertex 12.630851960880412 -2.224778094268238 14
    endloop
  endfacet
  facet normal 0.7705132427757903 0.6374239897486885 0
    outer loop
      vertex 12.630851960880412 -2.224778094268238 0
      vertex 12.370694768281421 -1.9103020699505378 0
      vertex 12.370694768281421 -1.9103020699505378 14
    endloop
  endfacet
  facet normal 0.24868988716485427 0.9685831611286312 0
    outer loop
      vertex 13.995694768281421 -3.090933677959249 0
      vertex 13.995694768281421 -3.090933677959249 14
      vertex 14.391010727596395 -3.192433564868238 0
    endloop
  endfacet
  facet normal 0.1253332335643051 0.9921147013144777 0
    outer loop
      vertex 14.391010727596395 -3.192433564868238 0
      vertex 14.391010727596395 -3.192433564868238 14
      vertex 14.79593081152973 -3.2435868673918824 0
    endloop
  endfacet
  facet normal 0 1 0
    outer loop
      vertex 14.79593081152973 -3.2435868673918824 0
      vertex 14.79593081152973 -3.2435868673918824 14
      vertex 15.20406918847027 -3.2435868673918824 0
    endloop
  endfacet
  facet normal -0.1253332335643051 0.9921147013144777 0
    outer loop
      vertex 15.20406918847027 -3.2435868673918824 0
      vertex 15.20406918847027 -3.2435868673918824 14
      vertex 15.608989272403605 -3.192433564868238 0
    endloop
  endfacet
  facet normal -0.24868988716485427 0.9685831611286312 0
    outer loop
      vertex 15.608989272403605 -3.192433564868238 0
      vertex 15.608989272403605 -3.192433564868238 14
      vertex 16.00430523171858 -3.090933677959249 0
    endloop
  endfacet
  facet normal -0.36812455268467653 0.9297764858882519 0
    outer loop
      vertex 16.00430523171858 -3.090933677959249 0
      vertex 16.00430523171858 -3.090933677959249 14
      vertex 16.383782697586486 -2.9406879205145637 0
    endloop
  endfacet
  facet normal 0.844327925502015 0.5358267949789968 0
    outer loop
      vertex 12.370694768281421 -1.9103020699505378 0
      vertex 12.152003289857443 -1.5656994408305749 0
      vertex 12.152003289857443 -1.5656994408305749 14
    endloop
  endfacet
  facet normal 0.9048270524660204 0.42577929156507105 0
    outer loop
      vertex 12.152003289857443 -1.5656994408305749 0
      vertex 11.978226420863184 -1.1964047962252031 0
      vertex 11.978226420863184 -1.1964047962252031 14
    endloop
  endfacet
  facet normal 0.9510565162951524 0.30901699437495106 0
    outer loop
      vertex 11.978226420863184 -1.1964047962252031 0
      vertex 11.852104726331948 -0.8082421332857783 0
      vertex 11.852104726331948 -0.8082421332857783 14
    endloop
  endfacet
  facet normal 0.9822872507286895 0.18738131458572027 0
    outer loop
      vertex 11.852104726331948 -0.8082421332857783 0
      vertex 11.775627220727948 -0.40733300908398823 0
      vertex 11.775627220727948 -0.40733300908398823 14
    endloop
  endfacet
  facet normal 0.9980267284282713 0.06279051952931575 0
    outer loop
      vertex 11.775627220727948 -0.40733300908398823 0
      vertex 11.75 0 0
      vertex 11.75 0 14
    endloop
  endfacet
  facet normal -0.4817536741017159 0.8763066800438633 0
    outer loop
      vertex 16.383782697586486 -2.9406879205145637 0
      vertex 16.383782697586486 -2.9406879205145637 14
      vertex 16.74143708368174 -2.7440657578815495 0
    endloop
  endfacet
  facet normal -0.5877852522924748 0.8090169943749463 0
    outer loop
      vertex 16.74143708368174 -2.7440657578815495 0
      vertex 16.74143708368174 -2.7440657578815495 14
      vertex 17.07162796668324 -2.504168039021314 0
    endloop
  endfacet
  facet normal -0.6845471059286887 0.7289686274214116 0
    outer loop
      vertex 17.07162796668324 -2.504168039021314 0
      vertex 17.07162796668324 -2.504168039021314 14
      vertex 17.369148039119587 -2.224778094268238 0
    endloop
  endfacet
  facet normal -0.770513242775788 0.6374239897486911 0
    outer loop
      vertex 17.369148039119587 -2.224778094268238 0
      vertex 17.369148039119587 -2.224778094268238 14
      vertex 17.62930523171858 -1.9103020699505378 0
    endloop
  endfacet
  facet normal -0.844327925502015 0.5358267949789968 0
    outer loop
      vertex 17.847996710142557 -1.5656994408305749 0
      vertex 17.62930523171858 -1.9103020699505378 0
      vertex 17.62930523171858 -1.9103020699505378 14
    endloop
  endfacet
  facet normal -0.9048270524660197 0.4257792915650725 0
    outer loop
      vertex 18.021773579136816 -1.1964047962252047 0
      vertex 17.847996710142557 -1.5656994408305749 0
      vertex 17.847996710142557 -1.5656994408305749 14
    endloop
  endfacet
  facet normal -0.9510565162951531 0.3090169943749489 0
    outer loop
      vertex 18.147895273668052 -0.8082421332857769 0
      vertex 18.021773579136816 -1.1964047962252047 0
      vertex 18.021773579136816 -1.1964047962252047 14
    endloop
  endfacet
  facet normal -0.9822872507286893 0.1873813145857209 0
    outer loop
      vertex 18.224372779272052 -0.40733300908398823 0
      vertex 18.147895273668052 -0.8082421332857769 0
      vertex 18.147895273668052 -0.8082421332857769 14
    endloop
  endfacet
  facet normal -0.9980267284282713 0.06279051952931575 0
    outer loop
      vertex 18.224372779272052 -0.40733300908398823 0
      vertex 18.224372779272052 -0.40733300908398823 14
      vertex 18.25 0 0
    endloop
  endfacet
  facet normal 0.4817536741017157 0.8763066800438634 0
    outer loop
      vertex 13.616217302413514 -2.9406879205145637 0
      vertex 13.25856291631826 -2.7440657578815486 14
      vertex 13.616217302413514 -2.9406879205145637 14
    endloop
  endfacet
  facet normal 0.5877852522924732 0.8090169943749472 0
    outer loop
      vertex 13.25856291631826 -2.7440657578815486 0
      vertex 12.928372033316759 -2.5041680390213155 14
      vertex 13.25856291631826 -2.7440657578815486 14
    endloop
  endfacet
  facet normal 0.844327925502015 0.5358267949789968 0
    outer loop
      vertex 12.370694768281421 -1.9103020699505378 0
      vertex 12.152003289857443 -1.5656994408305749 14
      vertex 12.370694768281421 -1.9103020699505378 14
    endloop
  endfacet
  facet normal 0.6845471059286882 0.7289686274214119 0
    outer loop
      vertex 12.928372033316759 -2.5041680390213155 0
      vertex 12.630851960880412 -2.224778094268238 14
      vertex 12.928372033316759 -2.5041680390213155 14
    endloop
  endfacet
  facet normal 0.7705132427757903 0.6374239897486885 0
    outer loop
      vertex 12.630851960880412 -2.224778094268238 0
      vertex 12.370694768281421 -1.9103020699505378 14
      vertex 12.630851960880412 -2.224778094268238 14
    endloop
  endfacet
  facet normal 0.24868988716485427 0.9685831611286312 0
    outer loop
      vertex 14.391010727596395 -3.192433564868238 0
      vertex 13.995694768281421 -3.090933677959249 14
      vertex 14.391010727596395 -3.192433564868238 14
    endloop
  endfacet
  facet normal 0.1253332335643051 0.9921147013144777 0
    outer loop
      vertex 14.79593081152973 -3.2435868673918824 0
      vertex 14.391010727596395 -3.192433564868238 14
      vertex 14.79593081152973 -3.2435868673918824 14
    endloop
  endfacet
  facet normal 0 1 0
    outer loop
      vertex 15.20406918847027 -3.2435868673918824 0
      vertex 14.79593081152973 -3.2435868673918824 14
      vertex 15.20406918847027 -3.2435868673918824 14
    endloop
  endfacet
  facet normal 0.36812455268467653 0.9297764858882519 0
    outer loop
      vertex 13.995694768281421 -3.090933677959249 0
      vertex 13.616217302413514 -2.9406879205145637 14
      vertex 13.995694768281421 -3.090933677959249 14
    endloop
  endfacet
  facet normal -0.1253332335643051 0.9921147013144777 0
    outer loop
      vertex 15.608989272403605 -3.192433564868238 0
      vertex 15.20406918847027 -3.2435868673918824 14
      vertex 15.608989272403605 -3.192433564868238 14
    endloop
  endfacet
  facet normal -0.24868988716485427 0.9685831611286312 0
    outer loop
      vertex 16.00430523171858 -3.090933677959249 0
      vertex 15.608989272403605 -3.192433564868238 14
      vertex 16.00430523171858 -3.090933677959249 14
    endloop
  endfacet
  facet normal -0.36812455268467653 0.9297764858882519 0
    outer loop
      vertex 16.383782697586486 -2.9406879205145637 0
      vertex 16.00430523171858 -3.090933677959249 14
      vertex 16.383782697586486 -2.9406879205145637 14
    endloop
  endfacet
  facet normal 0.9048270524660204 0.42577929156507105 0
    outer loop
      vertex 12.152003289857443 -1.5656994408305749 0
      vertex 11.978226420863184 -1.1964047962252031 14
      vertex 12.152003289857443 -1.5656994408305749 14
    endloop
  endfacet
  facet normal 0.9510565162951524 0.30901699437495106 0
    outer loop
      vertex 11.978226420863184 -1.1964047962252031 0
      vertex 11.852104726331948 -0.8082421332857783 14
      vertex 11.978226420863184 -1.1964047962252031 14
    endloop
  endfacet
  facet normal 0.9822872507286895 0.18738131458572027 0
    outer loop
      vertex 11.852104726331948 -0.8082421332857783 0
      vertex 11.775627220727948 -0.40733300908398823 14
      vertex 11.852104726331948 -0.8082421332857783 14
    endloop
  endfacet
  facet normal 0.9980267284282713 0.06279051952931575 0
    outer loop
      vertex 11.775627220727948 -0.40733300908398823 0
      vertex 11.75 0 14
      vertex 11.775627220727948 -0.40733300908398823 14
    endloop
  endfacet
  facet normal -0.4817536741017159 0.8763066800438633 0
    outer loop
      vertex 16.74143708368174 -2.7440657578815495 0
      vertex 16.383782697586486 -2.9406879205145637 14
      vertex 16.74143708368174 -2.7440657578815495 14
    endloop
  endfacet
  facet normal -0.5877852522924748 0.8090169943749463 0
    outer loop
      vertex 17.07162796668324 -2.504168039021314 0
      vertex 16.74143708368174 -2.7440657578815495 14
      vertex 17.07162796668324 -2.504168039021314 14
    endloop
  endfacet
  facet normal -0.6845471059286887 0.7289686274214116 0
    outer loop
      vertex 17.369148039119587 -2.224778094268238 0
      vertex 17.07162796668324 -2.504168039021314 14
      vertex 17.369148039119587 -2.224778094268238 14
    endloop
  endfacet
  facet normal -0.770513242775788 0.6374239897486911 0
    outer loop
      vertex 17.62930523171858 -1.9103020699505378 0
      vertex 17.369148039119587 -2.224778094268238 14
      vertex 17.62930523171858 -1.9103020699505378 14
    endloop
  endfacet
  facet normal -0.844327925502015 0.5358267949789968 0
    outer loop
      vertex 17.847996710142557 -1.5656994408305749 0
      vertex 17.62930523171858 -1.9103020699505378 14
      vertex 17.847996710142557 -1.5656994408305749 14
    endloop
  endfacet
  facet normal -0.9048270524660197 0.4257792915650725 0
    outer loop
      vertex 18.021773579136816 -1.1964047962252047 0
      vertex 17.847996710142557 -1.5656994408305749 14
      vertex 18.021773579136816 -1.1964047962252047 14
    endloop
  endfacet
  facet normal -0.9510565162951531 0.3090169943749489 0
    outer loop
      vertex 18.147895273668052 -0.8082421332857769 0
      vertex 18.021773579136816 -1.1964047962252047 14
      vertex 18.147895273668052 -0.8082421332857769 14
    endloop
  endfacet
  facet normal -0.9822872507286893 0.1873813145857209 0
    outer loop
      vertex 18.224372779272052 -0.40733300908398823 0
      vertex 18.147895273668052 -0.8082421332857769 14
      vertex 18.224372779272052 -0.40733300908398823 14
    endloop
  endfacet
  facet normal -0.9980267284282713 0.06279051952931575 0
    outer loop
      vertex 18.25 0 0
      vertex 18.224372779272052 -0.40733300908398823 14
      vertex 18.25 0 14
    endloop
  endfacet
  facet normal 0.9980267284282713 -0.06279051952931575 0
    outer loop
      vertex 11.75 0 0
      vertex 11.775627220727948 0.40733300908398823 0
      vertex 11.775627220727948 0.40733300908398823 14
    endloop
  endfacet
  facet normal 0.9822872507286895 -0.18738131458572027 0
    outer loop
      vertex 11.775627220727948 0.40733300908398823 0
      vertex 11.852104726331948 0.8082421332857783 0
      vertex 11.852104726331948 0.8082421332857783 14
    endloop
  endfacet
  facet normal 0.9510565162951524 -0.30901699437495106 0
    outer loop
      vertex 11.852104726331948 0.8082421332857783 0
      vertex 11.978226420863184 1.1964047962252031 0
      vertex 11.978226420863184 1.1964047962252031 14
    endloop
  endfacet
  facet normal 0.9048270524660204 -0.42577929156507105 0
    outer loop
      vertex 11.978226420863184 1.1964047962252031 0
      vertex 12.152003289857443 1.5656994408305749 0
      vertex 12.152003289857443 1.5656994408305749 14
    endloop
  endfacet
  facet normal 0.844327925502015 -0.5358267949789968 0
    outer loop
      vertex 12.152003289857443 1.5656994408305749 0
      vertex 12.370694768281421 1.9103020699505378 0
      vertex 12.370694768281421 1.9103020699505378 14
    endloop
  endfacet
  facet normal 0.7705132427757903 -0.6374239897486885 0
    outer loop
      vertex 12.370694768281421 1.9103020699505378 0
      vertex 12.630851960880412 2.224778094268238 0
      vertex 12.630851960880412 2.224778094268238 14
    endloop
  endfacet
  facet normal 0.6845471059286882 -0.7289686274214119 0
    outer loop
      vertex 12.928372033316759 2.5041680390213155 0
      vertex 12.928372033316759 2.5041680390213155 14
      vertex 12.630851960880412 2.224778094268238 0
    endloop
  endfacet
  facet normal 0.5877852522924732 -0.8090169943749472 0
    outer loop
      vertex 13.25856291631826 2.7440657578815486 0
      vertex 13.25856291631826 2.7440657578815486 14
      vertex 12.928372033316759 2.5041680390213155 0
    endloop
  endfacet
  facet normal 0.4817536741017149 -0.8763066800438638 0
    outer loop
      vertex 13.616217302413514 2.9406879205145633 0
      vertex 13.616217302413514 2.9406879205145633 14
      vertex 13.25856291631826 2.7440657578815486 0
    endloop
  endfacet
  facet normal 0.3681245526846775 -0.9297764858882516 0
    outer loop
      vertex 13.995694768281421 3.090933677959249 0
      vertex 13.995694768281421 3.090933677959249 14
      vertex 13.616217302413514 2.9406879205145633 0
    endloop
  endfacet
  facet normal 0.24868988716485532 -0.9685831611286311 0
    outer loop
      vertex 14.391010727596395 3.1924335648682383 0
      vertex 14.391010727596395 3.1924335648682383 14
      vertex 13.995694768281421 3.090933677959249 0
    endloop
  endfacet
  facet normal 0.12533323356430348 -0.992114701314478 0
    outer loop
      vertex 14.795930811529733 3.2435868673918824 0
      vertex 14.795930811529733 3.2435868673918824 14
      vertex 14.391010727596395 3.1924335648682383 0
    endloop
  endfacet
  facet normal 0 -1 0
    outer loop
      vertex 15.204069188470267 3.2435868673918824 0
      vertex 15.204069188470267 3.2435868673918824 14
      vertex 14.795930811529733 3.2435868673918824 0
    endloop
  endfacet
  facet normal -0.3681245526846775 -0.9297764858882516 0
    outer loop
      vertex 16.383782697586486 2.9406879205145633 0
      vertex 16.383782697586486 2.9406879205145633 14
      vertex 16.00430523171858 3.090933677959249 0
    endloop
  endfacet
  facet normal -0.12533323356430348 -0.992114701314478 0
    outer loop
      vertex 15.608989272403605 3.1924335648682383 0
      vertex 15.608989272403605 3.1924335648682383 14
      vertex 15.204069188470267 3.2435868673918824 0
    endloop
  endfacet
  facet normal -0.24868988716485532 -0.9685831611286311 0
    outer loop
      vertex 16.00430523171858 3.090933677959249 0
      vertex 16.00430523171858 3.090933677959249 14
      vertex 15.608989272403605 3.1924335648682383 0
    endloop
  endfacet
  facet normal -0.9980267284282713 -0.06279051952931565 0
    outer loop
      vertex 18.25 0 0
      vertex 18.25 0 14
      vertex 18.224372779272052 0.40733300908398884 0
    endloop
  endfacet
  facet normal -0.9822872507286895 -0.18738131458572066 0
    outer loop
      vertex 18.147895273668052 0.8082421332857781 0
      vertex 18.224372779272052 0.40733300908398884 0
      vertex 18.224372779272052 0.40733300908398884 14
    endloop
  endfacet
  facet normal -0.844327925502015 -0.5358267949789968 0
    outer loop
      vertex 17.62930523171858 1.9103020699505378 0
      vertex 17.847996710142557 1.5656994408305749 0
      vertex 17.847996710142557 1.5656994408305749 14
    endloop
  endfacet
  facet normal -0.9510565162951525 -0.3090169943749508 0
    outer loop
      vertex 18.021773579136816 1.1964047962252033 0
      vertex 18.147895273668052 0.8082421332857781 0
      vertex 18.147895273668052 0.8082421332857781 14
    endloop
  endfacet
  facet normal -0.9048270524660201 -0.4257792915650712 0
    outer loop
      vertex 17.847996710142557 1.5656994408305749 0
      vertex 18.021773579136816 1.1964047962252033 0
      vertex 18.021773579136816 1.1964047962252033 14
    endloop
  endfacet
  facet normal -0.7705132427757884 -0.6374239897486906 0
    outer loop
      vertex 17.369148039119587 2.2247780942682382 0
      vertex 17.62930523171858 1.9103020699505378 0
      vertex 17.62930523171858 1.9103020699505378 14
    endloop
  endfacet
  facet normal -0.5877852522924734 -0.8090169943749472 0
    outer loop
      vertex 17.07162796668324 2.5041680390213146 0
      vertex 17.07162796668324 2.5041680390213146 14
      vertex 16.74143708368174 2.744065757881549 0
    endloop
  endfacet
  facet normal -0.6845471059286887 -0.7289686274214116 0
    outer loop
      vertex 17.369148039119587 2.2247780942682382 0
      vertex 17.369148039119587 2.2247780942682382 14
      vertex 17.07162796668324 2.5041680390213146 0
    endloop
  endfacet
  facet normal -0.4817536741017159 -0.8763066800438633 0
    outer loop
      vertex 16.74143708368174 2.744065757881549 0
      vertex 16.74143708368174 2.744065757881549 14
      vertex 16.383782697586486 2.9406879205145633 0
    endloop
  endfacet
  facet normal 0.9980267284282713 -0.06279051952931575 0
    outer loop
      vertex 11.75 0 0
      vertex 11.775627220727948 0.40733300908398823 14
      vertex 11.75 0 14
    endloop
  endfacet
  facet normal 0.9822872507286895 -0.18738131458572027 0
    outer loop
      vertex 11.775627220727948 0.40733300908398823 0
      vertex 11.852104726331948 0.8082421332857783 14
      vertex 11.775627220727948 0.40733300908398823 14
    endloop
  endfacet
  facet normal 0.9510565162951524 -0.30901699437495106 0
    outer loop
      vertex 11.852104726331948 0.8082421332857783 0
      vertex 11.978226420863184 1.1964047962252031 14
      vertex 11.852104726331948 0.8082421332857783 14
    endloop
  endfacet
  facet normal 0.9048270524660204 -0.42577929156507105 0
    outer loop
      vertex 11.978226420863184 1.1964047962252031 0
      vertex 12.152003289857443 1.5656994408305749 14
      vertex 11.978226420863184 1.1964047962252031 14
    endloop
  endfacet
  facet normal 0.844327925502015 -0.5358267949789968 0
    outer loop
      vertex 12.152003289857443 1.5656994408305749 0
      vertex 12.370694768281421 1.9103020699505378 14
      vertex 12.152003289857443 1.5656994408305749 14
    endloop
  endfacet
  facet normal 0.7705132427757903 -0.6374239897486885 0
    outer loop
      vertex 12.370694768281421 1.9103020699505378 0
      vertex 12.630851960880412 2.224778094268238 14
      vertex 12.370694768281421 1.9103020699505378 14
    endloop
  endfacet
  facet normal 0.6845471059286882 -0.7289686274214119 0
    outer loop
      vertex 12.630851960880412 2.224778094268238 0
      vertex 12.928372033316759 2.5041680390213155 14
      vertex 12.630851960880412 2.224778094268238 14
    endloop
  endfacet
  facet normal 0.5877852522924732 -0.8090169943749472 0
    outer loop
      vertex 12.928372033316759 2.5041680390213155 0
      vertex 13.25856291631826 2.7440657578815486 14
      vertex 12.928372033316759 2.5041680390213155 14
    endloop
  endfacet
  facet normal 0.4817536741017149 -0.8763066800438638 0
    outer loop
      vertex 13.25856291631826 2.7440657578815486 0
      vertex 13.616217302413514 2.9406879205145633 14
      vertex 13.25856291631826 2.7440657578815486 14
    endloop
  endfacet
  facet normal 0.3681245526846775 -0.9297764858882516 0
    outer loop
      vertex 13.616217302413514 2.9406879205145633 0
      vertex 13.995694768281421 3.090933677959249 14
      vertex 13.616217302413514 2.9406879205145633 14
    endloop
  endfacet
  facet normal 0.24868988716485532 -0.9685831611286311 0
    outer loop
      vertex 13.995694768281421 3.090933677959249 0
      vertex 14.391010727596395 3.1924335648682383 14
      vertex 13.995694768281421 3.090933677959249 14
    endloop
  endfacet
  facet normal 0.12533323356430348 -0.992114701314478 0
    outer loop
      vertex 14.391010727596395 3.1924335648682383 0
      vertex 14.795930811529733 3.2435868673918824 14
      vertex 14.391010727596395 3.1924335648682383 14
    endloop
  endfacet
  facet normal 0 -1 0
    outer loop
      vertex 14.795930811529733 3.2435868673918824 0
      vertex 15.204069188470267 3.2435868673918824 14
      vertex 14.795930811529733 3.2435868673918824 14
    endloop
  endfacet
  facet normal -0.3681245526846775 -0.9297764858882516 0
    outer loop
      vertex 16.00430523171858 3.090933677959249 0
      vertex 16.383782697586486 2.9406879205145633 14
      vertex 16.00430523171858 3.090933677959249 14
    endloop
  endfacet
  facet normal -0.12533323356430348 -0.992114701314478 0
    outer loop
      vertex 15.204069188470267 3.2435868673918824 0
      vertex 15.608989272403605 3.1924335648682383 14
      vertex 15.204069188470267 3.2435868673918824 14
    endloop
  endfacet
  facet normal -0.24868988716485532 -0.9685831611286311 0
    outer loop
      vertex 16.00430523171858 3.090933677959249 14
      vertex 15.608989272403605 3.1924335648682383 14
      vertex 15.608989272403605 3.1924335648682383 0
    endloop
  endfacet
  facet normal -0.9980267284282713 -0.06279051952931565 0
    outer loop
      vertex 18.224372779272052 0.40733300908398884 0
      vertex 18.25 0 14
      vertex 18.224372779272052 0.40733300908398884 14
    endloop
  endfacet
  facet normal -0.9822872507286895 -0.18738131458572066 0
    outer loop
      vertex 18.147895273668052 0.8082421332857781 0
      vertex 18.224372779272052 0.40733300908398884 14
      vertex 18.147895273668052 0.8082421332857781 14
    endloop
  endfacet
  facet normal -0.9510565162951525 -0.3090169943749508 0
    outer loop
      vertex 18.021773579136816 1.1964047962252033 0
      vertex 18.147895273668052 0.8082421332857781 14
      vertex 18.021773579136816 1.1964047962252033 14
    endloop
  endfacet
  facet normal -0.9048270524660201 -0.4257792915650712 0
    outer loop
      vertex 17.847996710142557 1.5656994408305749 0
      vertex 18.021773579136816 1.1964047962252033 14
      vertex 17.847996710142557 1.5656994408305749 14
    endloop
  endfacet
  facet normal -0.844327925502015 -0.5358267949789968 0
    outer loop
      vertex 17.62930523171858 1.9103020699505378 0
      vertex 17.847996710142557 1.5656994408305749 14
      vertex 17.62930523171858 1.9103020699505378 14
    endloop
  endfacet
  facet normal -0.7705132427757884 -0.6374239897486906 0
    outer loop
      vertex 17.369148039119587 2.2247780942682382 0
      vertex 17.62930523171858 1.9103020699505378 14
      vertex 17.369148039119587 2.2247780942682382 14
    endloop
  endfacet
  facet normal -0.6845471059286887 -0.7289686274214116 0
    outer loop
      vertex 17.07162796668324 2.5041680390213146 0
      vertex 17.369148039119587 2.2247780942682382 14
      vertex 17.07162796668324 2.5041680390213146 14
    endloop
  endfacet
  facet normal -0.5877852522924734 -0.8090169943749472 0
    outer loop
      vertex 16.74143708368174 2.744065757881549 0
      vertex 17.07162796668324 2.5041680390213146 14
      vertex 16.74143708368174 2.744065757881549 14
    endloop
  endfacet
  facet normal -0.4817536741017159 -0.8763066800438633 0
    outer loop
      vertex 16.383782697586486 2.9406879205145633 0
      vertex 16.74143708368174 2.744065757881549 14
      vertex 16.383782697586486 2.9406879205145633 14
    endloop
  endfacet
endsolid OpenSCAD_Model
