solid OpenSCAD_Model
  facet normal 0 0 -1
    outer loop
      vertex -35.85155858313014 -6.809654104932039 0
      vertex -36.071653589958 -6.68865585100403 0
      vertex -36.27484797949738 -6.541026485551579 0
    endloop
  endfacet
  facet normal 0 0 -1
    outer loop
      vertex -35.85155858313014 -6.809654104932039 0
      vertex -36.27484797949738 -6.541026485551579 0
      vertex -36.457937254842825 -6.369094211857377 0
    endloop
  endfacet
  facet normal 0 0 -1
    outer loop
      vertex -35.61803398874989 -6.902113032590307 0
      vertex -35.12558103905863 -6.996053456856544 0
      vertex -35.37476262917145 -6.964574501457378 0
    endloop
  endfacet
  facet normal 0 0 -1
    outer loop
      vertex -35.85155858313014 -6.809654104932039 0
      vertex -35.12558103905863 -6.996053456856544 0
      vertex -35.61803398874989 -6.902113032590307 0
    endloop
  endfacet
  facet normal 0 0 -1
    outer loop
      vertex -35.85155858313014 -6.809654104932039 0
      vertex -36.457937254842825 -6.369094211857377 0
      vertex -35.12558103905863 -6.996053456856544 0
    endloop
  endfacet
  facet normal 0 0 -1
    outer loop
      vertex -36.457937254842825 -6.369094211857377 0
      vertex -36.61803398874989 -6.175570504584947 0
      vertex -36.75261336008773 -5.96350734820343 0
    endloop
  endfacet
  facet normal 0 0 -1
    outer loop
      vertex -35.12558103905863 -6.996053456856544 0
      vertex -36.457937254842825 -6.369094211857377 0
      vertex -36.984229402628955 -5.2506664671286085 0
    endloop
  endfacet
  facet normal 0 0 -1
    outer loop
      vertex -36.457937254842825 -6.369094211857377 0
      vertex -36.75261336008773 -5.96350734820343 0
      vertex -36.984229402628955 -5.2506664671286085 0
    endloop
  endfacet
  facet normal 0 0 -1
    outer loop
      vertex -36.75261336008773 -5.96350734820343 0
      vertex -36.8595529717765 -5.736249105369356 0
      vertex -36.93716632225726 -5.49737977432971 0
    endloop
  endfacet
  facet normal 0 0 -1
    outer loop
      vertex -36.75261336008773 -5.96350734820343 0
      vertex -36.93716632225726 -5.49737977432971 0
      vertex -36.984229402628955 -5.2506664671286085 0
    endloop
  endfacet
  facet normal 0 0 -1
    outer loop
      vertex -35.12558103905863 -6.996053456856544 0
      vertex -31.383782697586486 -2.9406879205145637 0
      vertex -31.00430523171858 -3.090933677959249 0
    endloop
  endfacet
  facet normal 0 0 -1
    outer loop
      vertex -35.12558103905863 -6.996053456856544 0
      vertex -31.74143708368174 -2.7440657578815486 0
      vertex -31.383782697586486 -2.9406879205145637 0
    endloop
  endfacet
  facet normal 0 0 -1
    outer loop
      vertex -35.12558103905863 -6.996053456856544 0
      vertex -32.07162796668324 -2.5041680390213155 0
      vertex -31.74143708368174 -2.7440657578815486 0
    endloop
  endfacet
  facet normal 0 0 -1
    outer loop
      vertex -35.12558103905863 -6.996053456856544 0
      vertex -32.36914803911959 -2.224778094268238 0
      vertex -32.07162796668324 -2.5041680390213155 0
    endloop
  endfacet
  facet normal 0 0 -1
    outer loop
      vertex -35.12558103905863 -6.996053456856544 0
      vertex -32.629305231718575 -1.9103020699505378 0
      vertex -32.36914803911959 -2.224778094268238 0
    endloop
  endfacet
  facet normal 0 0 -1
    outer loop
      vertex -35.12558103905863 -6.996053456856544 0
      vertex -31.00430523171858 -3.090933677959249 0
      vertex -30.608989272403605 -3.192433564868238 0
    endloop
  endfacet
  facet normal 0 0 -1
    outer loop
      vertex -35.12558103905863 -6.996053456856544 0
      vertex -30.608989272403605 -3.192433564868238 0
      vertex -30.20406918847027 -3.2435868673918824 0
    endloop
  endfacet
  facet normal 0 0 -1
    outer loop
      vertex -35.12558103905863 -6.996053456856544 0
      vertex -30.20406918847027 -3.2435868673918824 0
      vertex -29.79593081152973 -3.2435868673918824 0
    endloop
  endfacet
  facet normal 0 -1 0
    outer loop
      vertex -35.12558103905863 -6.996053456856544 0
      vertex -17.07162796668324 -6.996053456856544 4.495831960978684
      vertex -17.369148039119587 -6.996053456856544 4.775221905731762
    endloop
  endfacet
  facet normal 0 -1 0
    outer loop
      vertex -35.12558103905863 -6.996053456856544 0
      vertex -17.369148039119587 -6.996053456856544 4.775221905731762
      vertex -17.62930523171858 -6.996053456856544 5.0896979300494625
    endloop
  endfacet
  facet normal 0 -1 0
    outer loop
      vertex -35.12558103905863 -6.996053456856544 0
      vertex -15.20406918847027 -6.996053456856544 3.7564131326081176
      vertex -15.608989272403605 -6.996053456856544 3.807566435131762
    endloop
  endfacet
  facet normal 0 -1 0
    outer loop
      vertex -35.12558103905863 -6.996053456856544 0
      vertex -15.608989272403605 -6.996053456856544 3.807566435131762
      vertex -16.00430523171858 -6.996053456856544 3.909066322040751
    endloop
  endfacet
  facet normal 0 -1 0
    outer loop
      vertex -35.12558103905863 -6.996053456856544 0
      vertex -16.383782697586486 -6.996053456856544 4.059312079485436
      vertex -16.74143708368174 -6.996053456856544 4.255934242118451
    endloop
  endfacet
  facet normal 0 -1 0
    outer loop
      vertex -35.12558103905863 -6.996053456856544 0
      vertex -16.00430523171858 -6.996053456856544 3.909066322040751
      vertex -16.383782697586486 -6.996053456856544 4.059312079485436
    endloop
  endfacet
  facet normal 0 -1 0
    outer loop
      vertex -35.12558103905863 -6.996053456856544 0
      vertex -16.74143708368174 -6.996053456856544 4.255934242118451
      vertex -17.07162796668324 -6.996053456856544 4.495831960978684
    endloop
  endfacet
  facet normal 0 0 -1
    outer loop
      vertex -35.12558103905863 -6.996053456856544 0
      vertex -29.79593081152973 -3.2435868673918824 0
      vertex -2.629305231718579 -1.9103020699505378 0
    endloop
  endfacet
  facet normal -0.4817536741017061 -0.8763066800438688 0
    outer loop
      vertex -35.85155858313014 -6.809654104932039 0
      vertex -36.071653589958 -6.68865585100403 14
      vertex -36.071653589958 -6.68865585100403 0
    endloop
  endfacet
  facet normal -0.5877852522924752 -0.8090169943749458 0
    outer loop
      vertex -36.071653589958 -6.68865585100403 0
      vertex -36.071653589958 -6.68865585100403 14
      vertex -36.27484797949738 -6.541026485551579 0
    endloop
  endfacet
  facet normal -0.2486898871648574 -0.9685831611286304 0
    outer loop
      vertex -35.61803398874989 -6.902113032590307 0
      vertex -35.37476262917145 -6.964574501457378 0
      vertex -35.37476262917145 -6.964574501457378 14
    endloop
  endfacet
  facet normal -0.12533323356430642 -0.9921147013144775 0
    outer loop
      vertex -35.37476262917145 -6.964574501457378 0
      vertex -35.12558103905863 -6.996053456856544 0
      vertex -35.37476262917145 -6.964574501457378 14
    endloop
  endfacet
  facet normal -0.36812455268468 -0.9297764858882507 0
    outer loop
      vertex -35.85155858313014 -6.809654104932039 0
      vertex -35.61803398874989 -6.902113032590307 0
      vertex -35.61803398874989 -6.902113032590307 14
    endloop
  endfacet
  facet normal -0.6845471059286887 -0.7289686274214114 0
    outer loop
      vertex -36.457937254842825 -6.369094211857377 0
      vertex -36.27484797949738 -6.541026485551579 0
      vertex -36.27484797949738 -6.541026485551579 14
    endloop
  endfacet
  facet normal -0.7705132427757951 -0.6374239897486828 0
    outer loop
      vertex -36.457937254842825 -6.369094211857377 0
      vertex -36.61803398874989 -6.175570504584947 14
      vertex -36.61803398874989 -6.175570504584947 0
    endloop
  endfacet
  facet normal -0.8443279255020099 -0.5358267949790049 0
    outer loop
      vertex -36.61803398874989 -6.175570504584947 0
      vertex -36.61803398874989 -6.175570504584947 14
      vertex -36.75261336008773 -5.96350734820343 0
    endloop
  endfacet
  facet normal -0.9048270524660235 -0.42577929156506444 0
    outer loop
      vertex -36.75261336008773 -5.96350734820343 0
      vertex -36.75261336008773 -5.96350734820343 14
      vertex -36.8595529717765 -5.736249105369356 0
    endloop
  endfacet
  facet normal -0.9510565162951523 -0.3090169943749515 0
    outer loop
      vertex -36.8595529717765 -5.736249105369356 0
      vertex -36.93716632225726 -5.49737977432971 14
      vertex -36.93716632225726 -5.49737977432971 0
    endloop
  endfacet
  facet normal -0.982287250728689 -0.18738131458572235 0
    outer loop
      vertex -36.93716632225726 -5.49737977432971 0
      vertex -36.93716632225726 -5.49737977432971 14
      vertex -36.984229402628955 -5.2506664671286085 0
    endloop
  endfacet
  facet normal -0.9980267284282714 -0.06279051952931565 0
    outer loop
      vertex -36.984229402628955 -5.2506664671286085 0
      vertex -37 -5 14
      vertex -37 -5 0
    endloop
  endfacet
  facet normal 0 -1 0
    outer loop
      vertex -35.12558103905863 -6.996053456856544 0
      vertex -17.62930523171858 -6.996053456856544 5.0896979300494625
      vertex -17.847996710142557 -6.996053456856544 5.434300559169425
    endloop
  endfacet
  facet normal 0 -1 0
    outer loop
      vertex -35.12558103905863 -6.996053456856544 0
      vertex -17.847996710142557 -6.996053456856544 5.434300559169425
      vertex -18.021773579136816 -6.996053456856544 5.803595203774797
    endloop
  endfacet
  facet normal 0 -1 0
    outer loop
      vertex -35.12558103905863 -6.996053456856544 0
      vertex -18.021773579136816 -6.996053456856544 5.803595203774797
      vertex -18.147895273668052 -6.996053456856544 6.191757866714221
    endloop
  endfacet
  facet normal 0 -1 0
    outer loop
      vertex -35.12558103905863 -6.996053456856544 0
      vertex -18.147895273668052 -6.996053456856544 6.191757866714221
      vertex -18.224372779272052 -6.996053456856544 6.592666990916012
    endloop
  endfacet
  facet normal 0 -1 0
    outer loop
      vertex -35.12558103905863 -6.996053456856544 0
      vertex -18.224372779272052 -6.996053456856544 6.592666990916012
      vertex -18.25 -6.996053456856544 7
    endloop
  endfacet
  facet normal 0 -1 0
    outer loop
      vertex -35.12558103905863 -6.996053456856544 0
      vertex -18.25 -6.996053456856544 7
      vertex -18.224372779272052 -6.996053456856544 7.407333009083988
    endloop
  endfacet
  facet normal 0 -1 0
    outer loop
      vertex -35.12558103905863 -6.996053456856544 0
      vertex -18.224372779272052 -6.996053456856544 7.407333009083988
      vertex -18.147895273668052 -6.996053456856544 7.808242133285779
    endloop
  endfacet
  facet normal 0 0 -1
    outer loop
      vertex -35.12558103905863 -6.996053456856544 0
      vertex -32.84799671014255 -1.5656994408305749 0
      vertex -32.629305231718575 -1.9103020699505378 0
    endloop
  endfacet
  facet normal 0 0 -1
    outer loop
      vertex -35.12558103905863 -6.996053456856544 0
      vertex -33.02177357913682 -1.1964047962252031 0
      vertex -32.84799671014255 -1.5656994408305749 0
    endloop
  endfacet
  facet normal 0 0 -1
    outer loop
      vertex -35.12558103905863 -6.996053456856544 0
      vertex -33.14789527366805 -0.8082421332857783 0
      vertex -33.02177357913682 -1.1964047962252031 0
    endloop
  endfacet
  facet normal 0 0 -1
    outer loop
      vertex -35.12558103905863 -6.996053456856544 0
      vertex -33.22437277927205 -0.40733300908398823 0
      vertex -33.14789527366805 -0.8082421332857783 0
    endloop
  endfacet
  facet normal 0 0 -1
    outer loop
      vertex -35.12558103905863 -6.996053456856544 0
      vertex -36.984229402628955 -5.2506664671286085 0
      vertex -37 5 0
    endloop
  endfacet
  facet normal 0 0 -1
    outer loop
      vertex -36.984229402628955 -5.2506664671286085 0
      vertex -37 -5 0
      vertex -37 5 0
    endloop
  endfacet
  facet normal 0 0 -1
    outer loop
      vertex -35.12558103905863 -6.996053456856544 0
      vertex -33.25 0 0
      vertex -33.22437277927205 -0.40733300908398823 0
    endloop
  endfacet
  facet normal 0 0 -1
    outer loop
      vertex -35.12558103905863 -6.996053456856544 0
      vertex -37 5 0
      vertex -33.25 0 0
    endloop
  endfacet
  facet normal 0 0 -1
    outer loop
      vertex -27.92837203331676 -2.504168039021314 0
      vertex -27.630851960880413 -2.224778094268238 0
      vertex -23.26640272481713 -1.6286886944388352 0
    endloop
  endfacet
  facet normal 0 0 -1
    outer loop
      vertex -27.630851960880413 -2.224778094268238 0
      vertex -27.37069476828142 -1.9103020699505378 0
      vertex -23.464488230962193 -1.5197902659036269 0
    endloop
  endfacet
  facet normal 0 0 -1
    outer loop
      vertex -27.92837203331676 -2.504168039021314 0
      vertex -23.056230589874904 -1.7119017293312764 0
      vertex -22.837286366254304 -1.7681170513116395 0
    endloop
  endfacet
  facet normal 0 0 -1
    outer loop
      vertex -27.92837203331676 -2.504168039021314 0
      vertex -22.837286366254304 -1.7681170513116395 0
      vertex -22.613022935152763 -1.7964481111708888 0
    endloop
  endfacet
  facet normal 0 0 -1
    outer loop
      vertex -27.92837203331676 -2.504168039021314 0
      vertex -22.613022935152763 -1.7964481111708888 0
      vertex -22.386977064847237 -1.7964481111708888 0
    endloop
  endfacet
  facet normal 0 0 -1
    outer loop
      vertex -27.92837203331676 -2.504168039021314 0
      vertex -23.26640272481713 -1.6286886944388352 0
      vertex -23.056230589874904 -1.7119017293312764 0
    endloop
  endfacet
  facet normal 0 0 -1
    outer loop
      vertex -27.630851960880413 -2.224778094268238 0
      vertex -23.464488230962193 -1.5197902659036269 0
      vertex -23.26640272481713 -1.6286886944388352 0
    endloop
  endfacet
  facet normal 0 0 -1
    outer loop
      vertex -27.92837203331676 -2.504168039021314 0
      vertex -22.386977064847237 -1.7964481111708888 0
      vertex -22.162713633745696 -1.7681170513116395 0
    endloop
  endfacet
  facet normal 0 0 -1
    outer loop
      vertex -2.629305231718579 -1.9103020699505378 0
      vertex -29.79593081152973 -3.2435868673918824 0
      vertex -29.391010727596395 -3.192433564868238 0
    endloop
  endfacet
  facet normal 0 0 -1
    outer loop
      vertex -2.629305231718579 -1.9103020699505378 0
      vertex -29.391010727596395 -3.192433564868238 0
      vertex -28.99569476828142 -3.090933677959249 0
    endloop
  endfacet
  facet normal 0 0 -1
    outer loop
      vertex -2.629305231718579 -1.9103020699505378 0
      vertex -28.99569476828142 -3.090933677959249 0
      vertex -28.616217302413514 -2.9406879205145637 0
    endloop
  endfacet
  facet normal 0 0 -1
    outer loop
      vertex -2.629305231718579 -1.9103020699505378 0
      vertex -28.616217302413514 -2.9406879205145637 0
      vertex -28.25856291631826 -2.7440657578815495 0
    endloop
  endfacet
  facet normal 0 0 -1
    outer loop
      vertex -2.629305231718579 -1.9103020699505378 0
      vertex -28.25856291631826 -2.7440657578815495 0
      vertex -27.92837203331676 -2.504168039021314 0
    endloop
  endfacet
  facet normal 0 0 -1
    outer loop
      vertex -27.152003289857443 -1.5656994408305749 0
      vertex -23.81214352935854 -1.2321847906716394 0
      vertex -27.37069476828142 -1.9103020699505378 0
    endloop
  endfacet
  facet normal 0 0 -1
    outer loop
      vertex -26.978226420863184 -1.1964047962252047 0
      vertex -23.956230589874906 -1.0580134541264516 0
      vertex -27.152003289857443 -1.5656994408305749 0
    endloop
  endfacet
  facet normal 0 0 -1
    outer loop
      vertex -26.852104726331948 -0.8082421332857769 0
      vertex -24.077352024078955 -0.8671566133830877 0
      vertex -26.978226420863184 -1.1964047962252047 0
    endloop
  endfacet
  facet normal 0 0 -1
    outer loop
      vertex -23.64736318154764 -1.386923836996421 0
      vertex -23.464488230962193 -1.5197902659036269 0
      vertex -27.37069476828142 -1.9103020699505378 0
    endloop
  endfacet
  facet normal 0 0 -1
    outer loop
      vertex -27.37069476828142 -1.9103020699505378 0
      vertex -23.81214352935854 -1.2321847906716394 0
      vertex -23.64736318154764 -1.386923836996421 0
    endloop
  endfacet
  facet normal 0 0 -1
    outer loop
      vertex -23.81214352935854 -1.2321847906716394 0
      vertex -27.152003289857443 -1.5656994408305749 0
      vertex -23.956230589874906 -1.0580134541264516 0
    endloop
  endfacet
  facet normal 0 0 -1
    outer loop
      vertex -23.956230589874906 -1.0580134541264516 0
      vertex -26.978226420863184 -1.1964047962252047 0
      vertex -24.077352024078955 -0.8671566133830877 0
    endloop
  endfacet
  facet normal 0 0 -1
    outer loop
      vertex -26.775627220727948 -0.40733300908398823 0
      vertex -24.243449690031536 -0.4476417968967387 0
      vertex -26.852104726331948 -0.8082421332857769 0
    endloop
  endfacet
  facet normal 0 0 -1
    outer loop
      vertex -24.28580646236606 -0.22559982041574733 0
      vertex -26.775627220727948 -0.40733300908398823 0
      vertex -26.75 0 0
    endloop
  endfacet
  facet normal 0 0 -1
    outer loop
      vertex -26.852104726331948 -0.8082421332857769 0
      vertex -24.173597674598852 -0.6626241948324202 0
      vertex -24.077352024078955 -0.8671566133830877 0
    endloop
  endfacet
  facet normal 0 0 -1
    outer loop
      vertex -24.173597674598852 -0.6626241948324202 0
      vertex -26.852104726331948 -0.8082421332857769 0
      vertex -24.243449690031536 -0.4476417968967387 0
    endloop
  endfacet
  facet normal 0 0 -1
    outer loop
      vertex -24.243449690031536 -0.4476417968967387 0
      vertex -26.775627220727948 -0.40733300908398823 0
      vertex -24.28580646236606 -0.22559982041574733 0
    endloop
  endfacet
  facet normal 0 0 -1
    outer loop
      vertex -24.28580646236606 -0.22559982041574733 0
      vertex -26.75 0 0
      vertex -24.3 0 0
    endloop
  endfacet
  facet normal -1 0 0
    outer loop
      vertex -37 -5 0
      vertex -37 -5 14
      vertex -37 5 0
    endloop
  endfacet
  facet normal 0 0 -1
    outer loop
      vertex -35.12558103905863 -6.996053456856544 0
      vertex -1.004305231718579 -3.090933677959249 0
      vertex -0.6089892724036057 -3.192433564868238 0
    endloop
  endfacet
  facet normal 0 0 -1
    outer loop
      vertex -35.12558103905863 -6.996053456856544 0
      vertex -0.6089892724036057 -3.192433564868238 0
      vertex -0.20406918847026972 -3.2435868673918824 0
    endloop
  endfacet
  facet normal 0 0 -1
    outer loop
      vertex -35.12558103905863 -6.996053456856544 0
      vertex -1.7414370836817394 -2.7440657578815486 0
      vertex -1.3837826975864855 -2.9406879205145637 0
    endloop
  endfacet
  facet normal 0 0 -1
    outer loop
      vertex -35.12558103905863 -6.996053456856544 0
      vertex -2.0716279666832413 -2.5041680390213155 0
      vertex -1.7414370836817394 -2.7440657578815486 0
    endloop
  endfacet
  facet normal 0 0 -1
    outer loop
      vertex -35.12558103905863 -6.996053456856544 0
      vertex -1.3837826975864855 -2.9406879205145637 0
      vertex -1.004305231718579 -3.090933677959249 0
    endloop
  endfacet
  facet normal 0 0 -1
    outer loop
      vertex -35.12558103905863 -6.996053456856544 0
      vertex -2.369148039119588 -2.224778094268238 0
      vertex -2.0716279666832413 -2.5041680390213155 0
    endloop
  endfacet
  facet normal 0 0 -1
    outer loop
      vertex -35.12558103905863 -6.996053456856544 0
      vertex -2.629305231718579 -1.9103020699505378 0
      vertex -2.369148039119588 -2.224778094268238 0
    endloop
  endfacet
  facet normal 0 -1 0
    outer loop
      vertex -35.12558103905863 -6.996053456856544 0
      vertex 35.12558103905863 -6.996053456856544 0
      vertex -15.20406918847027 -6.996053456856544 3.7564131326081176
    endloop
  endfacet
  facet normal 0 -1 0
    outer loop
      vertex -13.616217302413514 -6.996053456856544 4.059312079485436
      vertex -7.837286366254305 -6.996053456856544 5.2318829486883605
      vertex -13.258562916318262 -6.996053456856544 4.2559342421184505
    endloop
  endfacet
  facet normal 0 -1 0
    outer loop
      vertex -13.258562916318262 -6.996053456856544 4.2559342421184505
      vertex -8.056230589874906 -6.996053456856544 5.288098270668724
      vertex -12.928372033316759 -6.996053456856544 4.495831960978686
    endloop
  endfacet
  facet normal 0 -1 0
    outer loop
      vertex -12.928372033316759 -6.996053456856544 4.495831960978686
      vertex -8.26640272481713 -6.996053456856544 5.371311305561164
      vertex -12.630851960880412 -6.996053456856544 4.775221905731762
    endloop
  endfacet
  facet normal 0 -1 0
    outer loop
      vertex -12.370694768281421 -6.996053456856544 5.0896979300494625
      vertex -12.630851960880412 -6.996053456856544 4.775221905731762
      vertex -8.464488230962194 -6.996053456856544 5.480209734096373
    endloop
  endfacet
  facet normal 0 -1 0
    outer loop
      vertex -13.616217302413514 -6.996053456856544 4.059312079485436
      vertex -7.613022935152765 -6.996053456856544 5.203551888829111
      vertex -7.837286366254305 -6.996053456856544 5.2318829486883605
    endloop
  endfacet
  facet normal 0 -1 0
    outer loop
      vertex -7.613022935152765 -6.996053456856544 5.203551888829111
      vertex -13.616217302413514 -6.996053456856544 4.059312079485436
      vertex -7.386977064847235 -6.996053456856544 5.203551888829111
    endloop
  endfacet
  facet normal 0 -1 0
    outer loop
      vertex -13.258562916318262 -6.996053456856544 4.2559342421184505
      vertex -7.837286366254305 -6.996053456856544 5.2318829486883605
      vertex -8.056230589874906 -6.996053456856544 5.288098270668724
    endloop
  endfacet
  facet normal 0 -1 0
    outer loop
      vertex -8.26640272481713 -6.996053456856544 5.371311305561164
      vertex -12.928372033316759 -6.996053456856544 4.495831960978686
      vertex -8.056230589874906 -6.996053456856544 5.288098270668724
    endloop
  endfacet
  facet normal 0 -1 0
    outer loop
      vertex -12.630851960880412 -6.996053456856544 4.775221905731762
      vertex -8.26640272481713 -6.996053456856544 5.371311305561164
      vertex -8.464488230962194 -6.996053456856544 5.480209734096373
    endloop
  endfacet
  facet normal 0 -1 0
    outer loop
      vertex -12.152003289857443 -6.996053456856544 5.434300559169425
      vertex -12.370694768281421 -6.996053456856544 5.0896979300494625
      vertex -8.812143529358542 -6.996053456856544 5.767815209328361
    endloop
  endfacet
  facet normal 0 -1 0
    outer loop
      vertex -12.370694768281421 -6.996053456856544 5.0896979300494625
      vertex -8.464488230962194 -6.996053456856544 5.480209734096373
      vertex -8.647363181547641 -6.996053456856544 5.613076163003579
    endloop
  endfacet
  facet normal 0 -1 0
    outer loop
      vertex -12.370694768281421 -6.996053456856544 5.0896979300494625
      vertex -8.647363181547641 -6.996053456856544 5.613076163003579
      vertex -8.812143529358542 -6.996053456856544 5.767815209328361
    endloop
  endfacet
  facet normal 0 -1 0
    outer loop
      vertex -11.978226420863184 -6.996053456856544 5.803595203774796
      vertex -12.152003289857443 -6.996053456856544 5.434300559169425
      vertex -9.077352024078955 -6.996053456856544 6.132843386616912
    endloop
  endfacet
  facet normal 0 -1 0
    outer loop
      vertex -11.852104726331948 -6.996053456856544 6.191757866714223
      vertex -11.978226420863184 -6.996053456856544 5.803595203774796
      vertex -9.173597674598852 -6.996053456856544 6.3373758051675795
    endloop
  endfacet
  facet normal 0 -1 0
    outer loop
      vertex -12.152003289857443 -6.996053456856544 5.434300559169425
      vertex -8.812143529358542 -6.996053456856544 5.767815209328361
      vertex -8.956230589874906 -6.996053456856544 5.941986545873548
    endloop
  endfacet
  facet normal 0 -1 0
    outer loop
      vertex -8.956230589874906 -6.996053456856544 5.941986545873548
      vertex -9.077352024078955 -6.996053456856544 6.132843386616912
      vertex -12.152003289857443 -6.996053456856544 5.434300559169425
    endloop
  endfacet
  facet normal 0 -1 0
    outer loop
      vertex -11.978226420863184 -6.996053456856544 5.803595203774796
      vertex -9.077352024078955 -6.996053456856544 6.132843386616912
      vertex -9.173597674598852 -6.996053456856544 6.3373758051675795
    endloop
  endfacet
  facet normal 0 -1 0
    outer loop
      vertex -11.775627220727948 -6.996053456856544 6.592666990916012
      vertex -11.852104726331948 -6.996053456856544 6.191757866714223
      vertex -9.285806462366061 -6.996053456856544 6.774400179584252
    endloop
  endfacet
  facet normal 0 -1 0
    outer loop
      vertex -11.852104726331948 -6.996053456856544 6.191757866714223
      vertex -9.173597674598852 -6.996053456856544 6.3373758051675795
      vertex -9.243449690031536 -6.996053456856544 6.552358203103261
    endloop
  endfacet
  facet normal 0 -1 0
    outer loop
      vertex -9.243449690031536 -6.996053456856544 6.552358203103261
      vertex -9.285806462366061 -6.996053456856544 6.774400179584252
      vertex -11.852104726331948 -6.996053456856544 6.191757866714223
    endloop
  endfacet
  facet normal 0 -1 0
    outer loop
      vertex -11.75 -6.996053456856544 7
      vertex -11.775627220727948 -6.996053456856544 6.592666990916012
      vertex -9.3 -6.996053456856544 7
    endloop
  endfacet
  facet normal 0 -1 0
    outer loop
      vertex -11.775627220727948 -6.996053456856544 6.592666990916012
      vertex -9.285806462366061 -6.996053456856544 6.774400179584252
      vertex -9.3 -6.996053456856544 7
    endloop
  endfacet
  facet normal 0 -1 0
    outer loop
      vertex -13.616217302413514 -6.996053456856544 4.059312079485436
      vertex 14.391010727596395 -6.996053456856544 3.807566435131762
      vertex -7.386977064847235 -6.996053456856544 5.203551888829111
    endloop
  endfacet
  facet normal 0 -1 0
    outer loop
      vertex -7.386977064847235 -6.996053456856544 5.203551888829111
      vertex 13.995694768281421 -6.996053456856544 3.909066322040751
      vertex -7.162713633745695 -6.996053456856544 5.2318829486883605
    endloop
  endfacet
  facet normal 0 -1 0
    outer loop
      vertex -7.162713633745695 -6.996053456856544 5.2318829486883605
      vertex 13.995694768281421 -6.996053456856544 3.909066322040751
      vertex -6.943769410125094 -6.996053456856544 5.288098270668724
    endloop
  endfacet
  facet normal 0 -1 0
    outer loop
      vertex -6.943769410125094 -6.996053456856544 5.288098270668724
      vertex 13.616217302413514 -6.996053456856544 4.059312079485436
      vertex -6.73359727518287 -6.996053456856544 5.371311305561164
    endloop
  endfacet
  facet normal 0 -1 0
    outer loop
      vertex -6.73359727518287 -6.996053456856544 5.371311305561164
      vertex 13.25856291631826 -6.996053456856544 4.255934242118451
      vertex -6.535511769037807 -6.996053456856544 5.4802097340963725
    endloop
  endfacet
  facet normal 0 0 -1
    outer loop
      vertex -2.629305231718579 -1.9103020699505378 0
      vertex -27.92837203331676 -2.504168039021314 0
      vertex -2.8479967101425565 -1.5656994408305749 0
    endloop
  endfacet
  facet normal 0 0 -1
    outer loop
      vertex -27.92837203331676 -2.504168039021314 0
      vertex -3.021773579136817 -1.1964047962252031 0
      vertex -2.8479967101425565 -1.5656994408305749 0
    endloop
  endfacet
  facet normal 0 0 -1
    outer loop
      vertex -27.92837203331676 -2.504168039021314 0
      vertex -22.162713633745696 -1.7681170513116395 0
      vertex -3.224372779272053 0.40733300908398823 0
    endloop
  endfacet
  facet normal 0 0 -1
    outer loop
      vertex -22.162713633745696 -1.7681170513116395 0
      vertex -21.943769410125096 -1.7119017293312764 0
      vertex -3.224372779272053 0.40733300908398823 0
    endloop
  endfacet
  facet normal 0 0 -1
    outer loop
      vertex -21.943769410125096 -1.7119017293312764 0
      vertex -21.73359727518287 -1.6286886944388352 0
      vertex -3.224372779272053 0.40733300908398823 0
    endloop
  endfacet
  facet normal 0 0 -1
    outer loop
      vertex -21.73359727518287 -1.6286886944388352 0
      vertex -21.535511769037807 -1.5197902659036275 0
      vertex -3.224372779272053 0.40733300908398823 0
    endloop
  endfacet
  facet normal 0 0 -1
    outer loop
      vertex -21.535511769037807 -1.5197902659036275 0
      vertex -21.352636818452357 -1.3869238369964203 0
      vertex -3.224372779272053 0.40733300908398823 0
    endloop
  endfacet
  facet normal 0 0 -1
    outer loop
      vertex -21.352636818452357 -1.3869238369964203 0
      vertex -21.18785647064146 -1.2321847906716394 0
      vertex -3.224372779272053 0.40733300908398823 0
    endloop
  endfacet
  facet normal 0 0 -1
    outer loop
      vertex -21.18785647064146 -1.2321847906716394 0
      vertex -21.043769410125094 -1.0580134541264516 0
      vertex -3.224372779272053 0.40733300908398823 0
    endloop
  endfacet
  facet normal 0 0 -1
    outer loop
      vertex -20.922647975921045 -0.8671566133830877 0
      vertex -3.224372779272053 0.40733300908398823 0
      vertex -21.043769410125094 -1.0580134541264516 0
    endloop
  endfacet
  facet normal 0 0 -1
    outer loop
      vertex -20.826402325401148 -0.6626241948324211 0
      vertex -3.224372779272053 0.40733300908398823 0
      vertex -20.922647975921045 -0.8671566133830877 0
    endloop
  endfacet
  facet normal 0 0 -1
    outer loop
      vertex -20.756550309968464 -0.447641796896738 0
      vertex -3.224372779272053 0.40733300908398823 0
      vertex -20.826402325401148 -0.6626241948324211 0
    endloop
  endfacet
  facet normal 0 0 -1
    outer loop
      vertex -20.71419353763394 -0.22559982041574733 0
      vertex -3.224372779272053 0.40733300908398823 0
      vertex -20.756550309968464 -0.447641796896738 0
    endloop
  endfacet
  facet normal 0 0 -1
    outer loop
      vertex -27.92837203331676 -2.504168039021314 0
      vertex -3.147895273668051 -0.8082421332857783 0
      vertex -3.021773579136817 -1.1964047962252031 0
    endloop
  endfacet
  facet normal 0 0 -1
    outer loop
      vertex -27.92837203331676 -2.504168039021314 0
      vertex -3.224372779272053 -0.40733300908398823 0
      vertex -3.147895273668051 -0.8082421332857783 0
    endloop
  endfacet
  facet normal 0 0 -1
    outer loop
      vertex -27.92837203331676 -2.504168039021314 0
      vertex -3.25 0 0
      vertex -3.224372779272053 -0.40733300908398823 0
    endloop
  endfacet
  facet normal 0 0 -1
    outer loop
      vertex -27.92837203331676 -2.504168039021314 0
      vertex -3.224372779272053 0.40733300908398823 0
      vertex -3.25 0 0
    endloop
  endfacet
  facet normal 0 -1 0
    outer loop
      vertex -35.12558103905863 -6.996053456856544 0
      vertex -18.147895273668052 -6.996053456856544 7.808242133285779
      vertex -34.87441896094137 -6.996053456856544 14
    endloop
  endfacet
  facet normal -0.4817536741017061 -0.8763066800438688 0
    outer loop
      vertex -35.85155858313014 -6.809654104932039 0
      vertex -35.85155858313014 -6.809654104932039 14
      vertex -36.071653589958 -6.68865585100403 14
    endloop
  endfacet
  facet normal -0.5877852522924752 -0.8090169943749458 0
    outer loop
      vertex -36.27484797949738 -6.541026485551579 0
      vertex -36.071653589958 -6.68865585100403 14
      vertex -36.27484797949738 -6.541026485551579 14
    endloop
  endfacet
  facet normal -0.2486898871648574 -0.9685831611286304 0
    outer loop
      vertex -35.61803398874989 -6.902113032590307 0
      vertex -35.37476262917145 -6.964574501457378 14
      vertex -35.61803398874989 -6.902113032590307 14
    endloop
  endfacet
  facet normal -0.36812455268468 -0.9297764858882507 0
    outer loop
      vertex -35.85155858313014 -6.809654104932039 0
      vertex -35.61803398874989 -6.902113032590307 14
      vertex -35.85155858313014 -6.809654104932039 14
    endloop
  endfacet
  facet normal -0.12533323356430642 -0.9921147013144775 0
    outer loop
      vertex -35.12558103905863 -6.996053456856544 0
      vertex -35.12558103905863 -6.996053456856544 14
      vertex -35.37476262917145 -6.964574501457378 14
    endloop
  endfacet
  facet normal 0 -1 0
    outer loop
      vertex -35.12558103905863 -6.996053456856544 0
      vertex -34.87441896094137 -6.996053456856544 14
      vertex -35.12558103905863 -6.996053456856544 14
    endloop
  endfacet
  facet normal -0.6845471059286887 -0.7289686274214114 0
    outer loop
      vertex -36.457937254842825 -6.369094211857377 0
      vertex -36.27484797949738 -6.541026485551579 14
      vertex -36.457937254842825 -6.369094211857377 14
    endloop
  endfacet
  facet normal -0.7705132427757951 -0.6374239897486828 0
    outer loop
      vertex -36.457937254842825 -6.369094211857377 0
      vertex -36.457937254842825 -6.369094211857377 14
      vertex -36.61803398874989 -6.175570504584947 14
    endloop
  endfacet
  facet normal -0.8443279255020099 -0.5358267949790049 0
    outer loop
      vertex -36.75261336008773 -5.96350734820343 0
      vertex -36.61803398874989 -6.175570504584947 14
      vertex -36.75261336008773 -5.96350734820343 14
    endloop
  endfacet
  facet normal -0.9048270524660235 -0.42577929156506444 0
    outer loop
      vertex -36.8595529717765 -5.736249105369356 0
      vertex -36.75261336008773 -5.96350734820343 14
      vertex -36.8595529717765 -5.736249105369356 14
    endloop
  endfacet
  facet normal -0.9510565162951523 -0.3090169943749515 0
    outer loop
      vertex -36.8595529717765 -5.736249105369356 0
      vertex -36.8595529717765 -5.736249105369356 14
      vertex -36.93716632225726 -5.49737977432971 14
    endloop
  endfacet
  facet normal -0.982287250728689 -0.18738131458572235 0
    outer loop
      vertex -36.984229402628955 -5.2506664671286085 0
      vertex -36.93716632225726 -5.49737977432971 14
      vertex -36.984229402628955 -5.2506664671286085 14
    endloop
  endfacet
  facet normal -0.9980267284282714 -0.06279051952931565 0
    outer loop
      vertex -36.984229402628955 -5.2506664671286085 0
      vertex -36.984229402628955 -5.2506664671286085 14
      vertex -37 -5 14
    endloop
  endfacet
  facet normal 0 -1 0
    outer loop
      vertex -34.87441896094137 -6.996053456856544 14
      vertex -18.147895273668052 -6.996053456856544 7.808242133285779
      vertex -18.021773579136816 -6.996053456856544 8.196404796225202
    endloop
  endfacet
  facet normal 0 -1 0
    outer loop
      vertex -34.87441896094137 -6.996053456856544 14
      vertex -18.021773579136816 -6.996053456856544 8.196404796225202
      vertex -17.847996710142557 -6.996053456856544 8.565699440830574
    endloop
  endfacet
  facet normal 0 -1 0
    outer loop
      vertex -34.87441896094137 -6.996053456856544 14
      vertex -17.847996710142557 -6.996053456856544 8.565699440830574
      vertex -17.62930523171858 -6.996053456856544 8.910302069950538
    endloop
  endfacet
  facet normal 0 0 1
    outer loop
      vertex -35.85155858313014 -6.809654104932039 14
      vertex -35.61803398874989 -6.902113032590307 14
      vertex -36.071653589958 -6.68865585100403 14
    endloop
  endfacet
  facet normal 0 0 1
    outer loop
      vertex -36.071653589958 -6.68865585100403 14
      vertex -35.61803398874989 -6.902113032590307 14
      vertex -36.27484797949738 -6.541026485551579 14
    endloop
  endfacet
  facet normal 0 0 1
    outer loop
      vertex -35.61803398874989 -6.902113032590307 14
      vertex -35.37476262917145 -6.964574501457378 14
      vertex -35.12558103905863 -6.996053456856544 14
    endloop
  endfacet
  facet normal 0 0 1
    outer loop
      vertex -35.61803398874989 -6.902113032590307 14
      vertex -34.87441896094137 -6.996053456856544 14
      vertex -36.27484797949738 -6.541026485551579 14
    endloop
  endfacet
  facet normal 0 0 1
    outer loop
      vertex -35.61803398874989 -6.902113032590307 14
      vertex -35.12558103905863 -6.996053456856544 14
      vertex -34.87441896094137 -6.996053456856544 14
    endloop
  endfacet
  facet normal 0 0 1
    outer loop
      vertex -36.457937254842825 -6.369094211857377 14
      vertex -36.27484797949738 -6.541026485551579 14
      vertex -36.61803398874989 -6.175570504584947 14
    endloop
  endfacet
  facet normal 0 0 1
    outer loop
      vertex -36.27484797949738 -6.541026485551579 14
      vertex -36.75261336008773 -5.96350734820343 14
      vertex -36.61803398874989 -6.175570504584947 14
    endloop
  endfacet
  facet normal 0 0 1
    outer loop
      vertex -34.87441896094137 -6.996053456856544 14
      vertex -36.984229402628955 -5.2506664671286085 14
      vertex -36.27484797949738 -6.541026485551579 14
    endloop
  endfacet
  facet normal 0 0 1
    outer loop
      vertex -36.27484797949738 -6.541026485551579 14
      vertex -36.984229402628955 -5.2506664671286085 14
      vertex -36.75261336008773 -5.96350734820343 14
    endloop
  endfacet
  facet normal 0 0 1
    outer loop
      vertex -36.75261336008773 -5.96350734820343 14
      vertex -36.93716632225726 -5.49737977432971 14
      vertex -36.8595529717765 -5.736249105369356 14
    endloop
  endfacet
  facet normal 0 0 1
    outer loop
      vertex -36.75261336008773 -5.96350734820343 14
      vertex -36.984229402628955 -5.2506664671286085 14
      vertex -36.93716632225726 -5.49737977432971 14
    endloop
  endfacet
  facet normal 0 0 1
    outer loop
      vertex -34.87441896094137 -6.996053456856544 14
      vertex -31.00430523171858 -3.090933677959249 14
      vertex -31.383782697586486 -2.9406879205145637 14
    endloop
  endfacet
  facet normal 0 0 1
    outer loop
      vertex -34.87441896094137 -6.996053456856544 14
      vertex -31.383782697586486 -2.9406879205145637 14
      vertex -31.74143708368174 -2.7440657578815486 14
    endloop
  endfacet
  facet normal 0 0 1
    outer loop
      vertex -34.87441896094137 -6.996053456856544 14
      vertex -31.74143708368174 -2.7440657578815486 14
      vertex -32.07162796668324 -2.5041680390213155 14
    endloop
  endfacet
  facet normal 0 0 1
    outer loop
      vertex -34.87441896094137 -6.996053456856544 14
      vertex -32.07162796668324 -2.5041680390213155 14
      vertex -32.36914803911959 -2.224778094268238 14
    endloop
  endfacet
  facet normal 0 0 1
    outer loop
      vertex -34.87441896094137 -6.996053456856544 14
      vertex -32.36914803911959 -2.224778094268238 14
      vertex -32.629305231718575 -1.9103020699505378 14
    endloop
  endfacet
  facet normal 0 0 1
    outer loop
      vertex -34.87441896094137 -6.996053456856544 14
      vertex -30.608989272403605 -3.192433564868238 14
      vertex -31.00430523171858 -3.090933677959249 14
    endloop
  endfacet
  facet normal 0 0 1
    outer loop
      vertex -34.87441896094137 -6.996053456856544 14
      vertex -30.20406918847027 -3.2435868673918824 14
      vertex -30.608989272403605 -3.192433564868238 14
    endloop
  endfacet
  facet normal 0 0 1
    outer loop
      vertex -34.87441896094137 -6.996053456856544 14
      vertex -29.79593081152973 -3.2435868673918824 14
      vertex -30.20406918847027 -3.2435868673918824 14
    endloop
  endfacet
  facet normal 0 0 1
    outer loop
      vertex -34.87441896094137 -6.996053456856544 14
      vertex -29.391010727596395 -3.192433564868238 14
      vertex -29.79593081152973 -3.2435868673918824 14
    endloop
  endfacet
  facet normal 0 0 1
    outer loop
      vertex -34.87441896094137 -6.996053456856544 14
      vertex -28.99569476828142 -3.090933677959249 14
      vertex -29.391010727596395 -3.192433564868238 14
    endloop
  endfacet
  facet normal 0 0 1
    outer loop
      vertex -34.87441896094137 -6.996053456856544 14
      vertex -28.616217302413514 -2.9406879205145637 14
      vertex -28.99569476828142 -3.090933677959249 14
    endloop
  endfacet
  facet normal 0 0 1
    outer loop
      vertex -34.87441896094137 -6.996053456856544 14
      vertex -22.613022935152763 -1.7964481111708888 14
      vertex -28.616217302413514 -2.9406879205145637 14
    endloop
  endfacet
  facet normal 0 -1 0
    outer loop
      vertex -34.87441896094137 -6.996053456856544 14
      vertex -17.62930523171858 -6.996053456856544 8.910302069950538
      vertex -17.369148039119587 -6.996053456856544 9.224778094268238
    endloop
  endfacet
  facet normal 0 -1 0
    outer loop
      vertex -34.87441896094137 -6.996053456856544 14
      vertex -17.369148039119587 -6.996053456856544 9.224778094268238
      vertex -17.07162796668324 -6.996053456856544 9.504168039021316
    endloop
  endfacet
  facet normal 0 -1 0
    outer loop
      vertex -34.87441896094137 -6.996053456856544 14
      vertex -17.07162796668324 -6.996053456856544 9.504168039021316
      vertex -16.74143708368174 -6.996053456856544 9.744065757881549
    endloop
  endfacet
  facet normal 0 -1 0
    outer loop
      vertex -34.87441896094137 -6.996053456856544 14
      vertex -16.74143708368174 -6.996053456856544 9.744065757881549
      vertex -16.383782697586486 -6.996053456856544 9.940687920514563
    endloop
  endfacet
  facet normal 0 -1 0
    outer loop
      vertex -34.87441896094137 -6.996053456856544 14
      vertex -16.383782697586486 -6.996053456856544 9.940687920514563
      vertex -16.00430523171858 -6.996053456856544 10.09093367795925
    endloop
  endfacet
  facet normal 0 -1 0
    outer loop
      vertex -34.87441896094137 -6.996053456856544 14
      vertex -16.00430523171858 -6.996053456856544 10.09093367795925
      vertex -15.608989272403605 -6.996053456856544 10.192433564868239
    endloop
  endfacet
  facet normal 0 -1 0
    outer loop
      vertex -34.87441896094137 -6.996053456856544 14
      vertex -15.608989272403605 -6.996053456856544 10.192433564868239
      vertex -15.204069188470267 -6.996053456856544 10.243586867391883
    endloop
  endfacet
  facet normal 0 0 1
    outer loop
      vertex -34.87441896094137 -6.996053456856544 14
      vertex -22.386977064847237 -1.7964481111708888 14
      vertex -22.613022935152763 -1.7964481111708888 14
    endloop
  endfacet
  facet normal 0 0 1
    outer loop
      vertex -34.87441896094137 -6.996053456856544 14
      vertex -22.162713633745696 -1.7681170513116395 14
      vertex -22.386977064847237 -1.7964481111708888 14
    endloop
  endfacet
  facet normal 0 0 1
    outer loop
      vertex -34.87441896094137 -6.996053456856544 14
      vertex -32.84799671014255 -1.5656994408305749 14
      vertex -33.02177357913682 -1.1964047962252031 14
    endloop
  endfacet
  facet normal 0 0 1
    outer loop
      vertex -34.87441896094137 -6.996053456856544 14
      vertex -32.629305231718575 -1.9103020699505378 14
      vertex -32.84799671014255 -1.5656994408305749 14
    endloop
  endfacet
  facet normal 0 0 1
    outer loop
      vertex -34.87441896094137 -6.996053456856544 14
      vertex -33.02177357913682 -1.1964047962252031 14
      vertex -33.14789527366805 -0.8082421332857783 14
    endloop
  endfacet
  facet normal 0 0 1
    outer loop
      vertex -34.87441896094137 -6.996053456856544 14
      vertex -37 5 14
      vertex -36.984229402628955 -5.2506664671286085 14
    endloop
  endfacet
  facet normal 0 0 1
    outer loop
      vertex -36.984229402628955 -5.2506664671286085 14
      vertex -37 5 14
      vertex -37 -5 14
    endloop
  endfacet
  facet normal 0 0 1
    outer loop
      vertex -34.87441896094137 -6.996053456856544 14
      vertex -33.14789527366805 -0.8082421332857783 14
      vertex -34.87441896094138 6.996053456856544 14
    endloop
  endfacet
  facet normal 0 0 1
    outer loop
      vertex -34.87441896094137 -6.996053456856544 14
      vertex -21.943769410125096 -1.7119017293312764 14
      vertex -22.162713633745696 -1.7681170513116395 14
    endloop
  endfacet
  facet normal 0 0 1
    outer loop
      vertex -28.25856291631826 -2.7440657578815495 14
      vertex -28.616217302413514 -2.9406879205145637 14
      vertex -22.837286366254304 -1.7681170513116395 14
    endloop
  endfacet
  facet normal 0 0 1
    outer loop
      vertex -27.92837203331676 -2.504168039021314 14
      vertex -28.25856291631826 -2.7440657578815495 14
      vertex -23.056230589874904 -1.7119017293312764 14
    endloop
  endfacet
  facet normal 0 0 1
    outer loop
      vertex -27.630851960880413 -2.224778094268238 14
      vertex -27.92837203331676 -2.504168039021314 14
      vertex -23.26640272481713 -1.6286886944388352 14
    endloop
  endfacet
  facet normal 0 0 1
    outer loop
      vertex -27.630851960880413 -2.224778094268238 14
      vertex -23.64736318154764 -1.386923836996421 14
      vertex -27.37069476828142 -1.9103020699505378 14
    endloop
  endfacet
  facet normal 0 0 1
    outer loop
      vertex -28.616217302413514 -2.9406879205145637 14
      vertex -22.613022935152763 -1.7964481111708888 14
      vertex -22.837286366254304 -1.7681170513116395 14
    endloop
  endfacet
  facet normal 0 0 1
    outer loop
      vertex -28.25856291631826 -2.7440657578815495 14
      vertex -22.837286366254304 -1.7681170513116395 14
      vertex -23.056230589874904 -1.7119017293312764 14
    endloop
  endfacet
  facet normal 0 0 1
    outer loop
      vertex -27.92837203331676 -2.504168039021314 14
      vertex -23.056230589874904 -1.7119017293312764 14
      vertex -23.26640272481713 -1.6286886944388352 14
    endloop
  endfacet
  facet normal 0 0 1
    outer loop
      vertex -27.630851960880413 -2.224778094268238 14
      vertex -23.26640272481713 -1.6286886944388352 14
      vertex -23.464488230962193 -1.5197902659036269 14
    endloop
  endfacet
  facet normal 0 0 1
    outer loop
      vertex -34.87441896094137 -6.996053456856544 14
      vertex -2.8479967101425565 -1.5656994408305749 14
      vertex -21.943769410125096 -1.7119017293312764 14
    endloop
  endfacet
  facet normal 0 0 1
    outer loop
      vertex -27.37069476828142 -1.9103020699505378 14
      vertex -23.81214352935854 -1.2321847906716394 14
      vertex -27.152003289857443 -1.5656994408305749 14
    endloop
  endfacet
  facet normal 0 0 1
    outer loop
      vertex -27.152003289857443 -1.5656994408305749 14
      vertex -23.956230589874906 -1.0580134541264516 14
      vertex -26.978226420863184 -1.1964047962252047 14
    endloop
  endfacet
  facet normal 0 0 1
    outer loop
      vertex -26.978226420863184 -1.1964047962252047 14
      vertex -24.173597674598852 -0.6626241948324202 14
      vertex -26.852104726331948 -0.8082421332857769 14
    endloop
  endfacet
  facet normal 0 0 1
    outer loop
      vertex -27.630851960880413 -2.224778094268238 14
      vertex -23.464488230962193 -1.5197902659036269 14
      vertex -23.64736318154764 -1.386923836996421 14
    endloop
  endfacet
  facet normal 0 0 1
    outer loop
      vertex -27.37069476828142 -1.9103020699505378 14
      vertex -23.64736318154764 -1.386923836996421 14
      vertex -23.81214352935854 -1.2321847906716394 14
    endloop
  endfacet
  facet normal 0 0 1
    outer loop
      vertex -27.152003289857443 -1.5656994408305749 14
      vertex -23.81214352935854 -1.2321847906716394 14
      vertex -23.956230589874906 -1.0580134541264516 14
    endloop
  endfacet
  facet normal 0 0 1
    outer loop
      vertex -24.077352024078955 -0.8671566133830877 14
      vertex -26.978226420863184 -1.1964047962252047 14
      vertex -23.956230589874906 -1.0580134541264516 14
    endloop
  endfacet
  facet normal 0 0 1
    outer loop
      vertex -26.978226420863184 -1.1964047962252047 14
      vertex -24.077352024078955 -0.8671566133830877 14
      vertex -24.173597674598852 -0.6626241948324202 14
    endloop
  endfacet
  facet normal 0 0 1
    outer loop
      vertex -26.852104726331948 -0.8082421332857769 14
      vertex -24.243449690031536 -0.4476417968967387 14
      vertex -26.775627220727948 -0.40733300908398823 14
    endloop
  endfacet
  facet normal 0 0 1
    outer loop
      vertex -26.775627220727948 -0.40733300908398823 14
      vertex -24.3 0 14
      vertex -26.75 0 14
    endloop
  endfacet
  facet normal 0 0 1
    outer loop
      vertex -26.852104726331948 -0.8082421332857769 14
      vertex -24.173597674598852 -0.6626241948324202 14
      vertex -24.243449690031536 -0.4476417968967387 14
    endloop
  endfacet
  facet normal 0 0 1
    outer loop
      vertex -24.28580646236606 -0.22559982041574733 14
      vertex -26.775627220727948 -0.40733300908398823 14
      vertex -24.243449690031536 -0.4476417968967387 14
    endloop
  endfacet
  facet normal 0 0 1
    outer loop
      vertex -24.3 0 14
      vertex -26.775627220727948 -0.40733300908398823 14
      vertex -24.28580646236606 -0.22559982041574733 14
    endloop
  endfacet
  facet normal 0 -1 0
    outer loop
      vertex -11.775627220727948 -6.996053456856544 7.407333009083989
      vertex -11.75 -6.996053456856544 7
      vertex -9.243449690031536 -6.996053456856544 7.447641796896739
    endloop
  endfacet
  facet normal 0 -1 0
    outer loop
      vertex -9.3 -6.996053456856544 7
      vertex -9.285806462366061 -6.996053456856544 7.225599820415748
      vertex -11.75 -6.996053456856544 7
    endloop
  endfacet
  facet normal 0 -1 0
    outer loop
      vertex -9.285806462366061 -6.996053456856544 7.225599820415748
      vertex -9.243449690031536 -6.996053456856544 7.447641796896739
      vertex -11.75 -6.996053456856544 7
    endloop
  endfacet
  facet normal 0 -1 0
    outer loop
      vertex -11.852104726331948 -6.996053456856544 7.808242133285778
      vertex -11.775627220727948 -6.996053456856544 7.407333009083989
      vertex -9.173597674598852 -6.996053456856544 7.6626241948324205
    endloop
  endfacet
  facet normal 0 -1 0
    outer loop
      vertex -11.775627220727948 -6.996053456856544 7.407333009083989
      vertex -9.243449690031536 -6.996053456856544 7.447641796896739
      vertex -9.173597674598852 -6.996053456856544 7.6626241948324205
    endloop
  endfacet
  facet normal 0 -1 0
    outer loop
      vertex -11.852104726331948 -6.996053456856544 7.808242133285778
      vertex -9.173597674598852 -6.996053456856544 7.6626241948324205
      vertex -9.077352024078955 -6.996053456856544 7.867156613383088
    endloop
  endfacet
  facet normal 0 -1 0
    outer loop
      vertex -11.978226420863184 -6.996053456856544 8.196404796225202
      vertex -11.852104726331948 -6.996053456856544 7.808242133285778
      vertex -8.956230589874906 -6.996053456856544 8.058013454126451
    endloop
  endfacet
  facet normal 0 -1 0
    outer loop
      vertex -9.077352024078955 -6.996053456856544 7.867156613383088
      vertex -8.956230589874906 -6.996053456856544 8.058013454126451
      vertex -11.852104726331948 -6.996053456856544 7.808242133285778
    endloop
  endfacet
  facet normal 0 -1 0
    outer loop
      vertex -8.956230589874906 -6.996053456856544 8.058013454126451
      vertex -8.812143529358542 -6.996053456856544 8.232184790671639
      vertex -11.978226420863184 -6.996053456856544 8.196404796225202
    endloop
  endfacet
  facet normal 0 -1 0
    outer loop
      vertex -12.152003289857443 -6.996053456856544 8.565699440830574
      vertex -11.978226420863184 -6.996053456856544 8.196404796225202
      vertex -8.812143529358542 -6.996053456856544 8.232184790671639
    endloop
  endfacet
  facet normal 0 -1 0
    outer loop
      vertex -12.370694768281421 -6.996053456856544 8.910302069950538
      vertex -12.152003289857443 -6.996053456856544 8.565699440830574
      vertex -8.647363181547641 -6.996053456856544 8.38692383699642
    endloop
  endfacet
  facet normal 0 -1 0
    outer loop
      vertex -12.152003289857443 -6.996053456856544 8.565699440830574
      vertex -8.812143529358542 -6.996053456856544 8.232184790671639
      vertex -8.647363181547641 -6.996053456856544 8.38692383699642
    endloop
  endfacet
  facet normal 0 -1 0
    outer loop
      vertex -12.370694768281421 -6.996053456856544 8.910302069950538
      vertex -8.647363181547641 -6.996053456856544 8.38692383699642
      vertex -8.464488230962194 -6.996053456856544 8.519790265903627
    endloop
  endfacet
  facet normal 0 -1 0
    outer loop
      vertex -8.26640272481713 -6.996053456856544 8.628688694438836
      vertex -12.370694768281421 -6.996053456856544 8.910302069950538
      vertex -8.464488230962194 -6.996053456856544 8.519790265903627
    endloop
  endfacet
  facet normal 0 -1 0
    outer loop
      vertex -13.258562916318262 -6.996053456856544 9.744065757881549
      vertex -7.837286366254304 -6.996053456856544 8.76811705131164
      vertex -13.616217302413514 -6.996053456856544 9.940687920514563
    endloop
  endfacet
  facet normal 0 -1 0
    outer loop
      vertex -12.370694768281421 -6.996053456856544 8.910302069950538
      vertex -8.26640272481713 -6.996053456856544 8.628688694438836
      vertex -12.630851960880413 -6.996053456856544 9.224778094268238
    endloop
  endfacet
  facet normal 0 -1 0
    outer loop
      vertex -8.056230589874906 -6.996053456856544 8.711901729331277
      vertex -12.928372033316759 -6.996053456856544 9.504168039021314
      vertex -12.630851960880413 -6.996053456856544 9.224778094268238
    endloop
  endfacet
  facet normal 0 -1 0
    outer loop
      vertex -8.056230589874906 -6.996053456856544 8.711901729331277
      vertex -12.630851960880413 -6.996053456856544 9.224778094268238
      vertex -8.26640272481713 -6.996053456856544 8.628688694438836
    endloop
  endfacet
  facet normal 0 -1 0
    outer loop
      vertex -7.837286366254304 -6.996053456856544 8.76811705131164
      vertex -13.258562916318262 -6.996053456856544 9.744065757881549
      vertex -8.056230589874906 -6.996053456856544 8.711901729331277
    endloop
  endfacet
  facet normal 0 -1 0
    outer loop
      vertex -7.613022935152764 -6.996053456856544 8.79644811117089
      vertex -13.616217302413514 -6.996053456856544 9.940687920514563
      vertex -7.837286366254304 -6.996053456856544 8.76811705131164
    endloop
  endfacet
  facet normal 0 -1 0
    outer loop
      vertex -7.386977064847236 -6.996053456856544 8.79644811117089
      vertex -13.616217302413514 -6.996053456856544 9.940687920514563
      vertex -7.613022935152764 -6.996053456856544 8.79644811117089
    endloop
  endfacet
  facet normal 0 -1 0
    outer loop
      vertex -12.928372033316759 -6.996053456856544 9.504168039021314
      vertex -8.056230589874906 -6.996053456856544 8.711901729331277
      vertex -13.258562916318262 -6.996053456856544 9.744065757881549
    endloop
  endfacet
  facet normal 0 -1 0
    outer loop
      vertex -6.5355117690378055 -6.996053456856544 8.519790265903627
      vertex 13.25856291631826 -6.996053456856544 9.744065757881549
      vertex -6.733597275182869 -6.996053456856544 8.628688694438836
    endloop
  endfacet
  facet normal 0 -1 0
    outer loop
      vertex -6.733597275182869 -6.996053456856544 8.628688694438836
      vertex 13.616217302413514 -6.996053456856544 9.940687920514563
      vertex -6.943769410125094 -6.996053456856544 8.711901729331277
    endloop
  endfacet
  facet normal 0 -1 0
    outer loop
      vertex -6.943769410125094 -6.996053456856544 8.711901729331277
      vertex 13.995694768281421 -6.996053456856544 10.09093367795925
      vertex -7.162713633745696 -6.996053456856544 8.76811705131164
    endloop
  endfacet
  facet normal 0 -1 0
    outer loop
      vertex -7.162713633745696 -6.996053456856544 8.76811705131164
      vertex 14.391010727596395 -6.996053456856544 10.192433564868239
      vertex -7.386977064847236 -6.996053456856544 8.79644811117089
    endloop
  endfacet
  facet normal 0 -1 0
    outer loop
      vertex -7.386977064847236 -6.996053456856544 8.79644811117089
      vertex 14.795930811529733 -6.996053456856544 10.243586867391883
      vertex -13.616217302413514 -6.996053456856544 9.940687920514563
    endloop
  endfacet
  facet normal 0 0 1
    outer loop
      vertex -34.87441896094137 -6.996053456856544 14
      vertex -0.6089892724036057 -3.192433564868238 14
      vertex -1.004305231718579 -3.090933677959249 14
    endloop
  endfacet
  facet normal 0 0 1
    outer loop
      vertex -34.87441896094137 -6.996053456856544 14
      vertex -0.20406918847026972 -3.2435868673918824 14
      vertex -0.6089892724036057 -3.192433564868238 14
    endloop
  endfacet
  facet normal 0 0 1
    outer loop
      vertex -34.87441896094137 -6.996053456856544 14
      vertex -1.7414370836817394 -2.7440657578815486 14
      vertex -2.0716279666832413 -2.5041680390213155 14
    endloop
  endfacet
  facet normal 0 0 1
    outer loop
      vertex -34.87441896094137 -6.996053456856544 14
      vertex -1.004305231718579 -3.090933677959249 14
      vertex -1.3837826975864855 -2.9406879205145637 14
    endloop
  endfacet
  facet normal 0 0 1
    outer loop
      vertex -34.87441896094137 -6.996053456856544 14
      vertex -1.3837826975864855 -2.9406879205145637 14
      vertex -1.7414370836817394 -2.7440657578815486 14
    endloop
  endfacet
  facet normal 0 0 1
    outer loop
      vertex -34.87441896094137 -6.996053456856544 14
      vertex -2.0716279666832413 -2.5041680390213155 14
      vertex -2.369148039119588 -2.224778094268238 14
    endloop
  endfacet
  facet normal 0 0 1
    outer loop
      vertex -34.87441896094137 -6.996053456856544 14
      vertex -2.369148039119588 -2.224778094268238 14
      vertex -2.629305231718579 -1.9103020699505378 14
    endloop
  endfacet
  facet normal 0 -1 0
    outer loop
      vertex -34.87441896094137 -6.996053456856544 14
      vertex -15.204069188470267 -6.996053456856544 10.243586867391883
      vertex 35.12558103905863 -6.996053456856544 14
    endloop
  endfacet
  facet normal 0 0 1
    outer loop
      vertex -34.87441896094137 -6.996053456856544 14
      vertex -2.629305231718579 -1.9103020699505378 14
      vertex -2.8479967101425565 -1.5656994408305749 14
    endloop
  endfacet
  facet normal 0 0 1
    outer loop
      vertex -2.8479967101425565 -1.5656994408305749 14
      vertex -21.73359727518287 -1.6286886944388352 14
      vertex -21.943769410125096 -1.7119017293312764 14
    endloop
  endfacet
  facet normal 0 0 1
    outer loop
      vertex -2.8479967101425565 -1.5656994408305749 14
      vertex -21.535511769037807 -1.5197902659036275 14
      vertex -21.73359727518287 -1.6286886944388352 14
    endloop
  endfacet
  facet normal 0 0 1
    outer loop
      vertex -2.8479967101425565 -1.5656994408305749 14
      vertex -21.352636818452357 -1.3869238369964203 14
      vertex -21.535511769037807 -1.5197902659036275 14
    endloop
  endfacet
  facet normal 0 0 1
    outer loop
      vertex -2.8479967101425565 -1.5656994408305749 14
      vertex -21.18785647064146 -1.2321847906716394 14
      vertex -21.352636818452357 -1.3869238369964203 14
    endloop
  endfacet
  facet normal 0 0 1
    outer loop
      vertex -2.8479967101425565 -1.5656994408305749 14
      vertex -21.043769410125094 -1.0580134541264516 14
      vertex -21.18785647064146 -1.2321847906716394 14
    endloop
  endfacet
  facet normal 0 0 1
    outer loop
      vertex -21.043769410125094 -1.0580134541264516 14
      vertex -2.8479967101425565 -1.5656994408305749 14
      vertex -20.922647975921045 -0.8671566133830877 14
    endloop
  endfacet
  facet normal 0 0 1
    outer loop
      vertex -20.922647975921045 -0.8671566133830877 14
      vertex -3.021773579136817 -1.1964047962252031 14
      vertex -20.826402325401148 -0.6626241948324211 14
    endloop
  endfacet
  facet normal 0 0 1
    outer loop
      vertex -20.826402325401148 -0.6626241948324211 14
      vertex -3.147895273668051 -0.8082421332857783 14
      vertex -20.756550309968464 -0.447641796896738 14
    endloop
  endfacet
  facet normal 0 0 1
    outer loop
      vertex -20.756550309968464 -0.447641796896738 14
      vertex -3.224372779272053 -0.40733300908398823 14
      vertex -20.71419353763394 -0.22559982041574733 14
    endloop
  endfacet
  facet normal 0 0 1
    outer loop
      vertex -20.71419353763394 -0.22559982041574733 14
      vertex -3.25 0 14
      vertex -20.7 0 14
    endloop
  endfacet
  facet normal 0 0 1
    outer loop
      vertex -3.021773579136817 -1.1964047962252031 14
      vertex -20.922647975921045 -0.8671566133830877 14
      vertex -2.8479967101425565 -1.5656994408305749 14
    endloop
  endfacet
  facet normal 0 0 1
    outer loop
      vertex -3.147895273668051 -0.8082421332857783 14
      vertex -20.826402325401148 -0.6626241948324211 14
      vertex -3.021773579136817 -1.1964047962252031 14
    endloop
  endfacet
  facet normal 0 0 1
    outer loop
      vertex -3.224372779272053 -0.40733300908398823 14
      vertex -20.756550309968464 -0.447641796896738 14
      vertex -3.147895273668051 -0.8082421332857783 14
    endloop
  endfacet
  facet normal 0 0 1
    outer loop
      vertex -3.25 0 14
      vertex -20.71419353763394 -0.22559982041574733 14
      vertex -3.224372779272053 -0.40733300908398823 14
    endloop
  endfacet
  facet normal 0 0 -1
    outer loop
      vertex -37 5 0
      vertex -33.22437277927205 0.40733300908398823 0
      vertex -33.25 0 0
    endloop
  endfacet
  facet normal 0 0 -1
    outer loop
      vertex -37 5 0
      vertex -33.14789527366805 0.8082421332857783 0
      vertex -33.22437277927205 0.40733300908398823 0
    endloop
  endfacet
  facet normal 0 0 -1
    outer loop
      vertex -37 5 0
      vertex -33.02177357913682 1.1964047962252031 0
      vertex -33.14789527366805 0.8082421332857783 0
    endloop
  endfacet
  facet normal 0 0 -1
    outer loop
      vertex -37 5 0
      vertex -32.84799671014255 1.5656994408305749 0
      vertex -33.02177357913682 1.1964047962252031 0
    endloop
  endfacet
  facet normal 0 0 -1
    outer loop
      vertex -37 5 0
      vertex -32.629305231718575 1.9103020699505378 0
      vertex -32.84799671014255 1.5656994408305749 0
    endloop
  endfacet
  facet normal 0 0 -1
    outer loop
      vertex -37 5 0
      vertex -32.36914803911959 2.224778094268238 0
      vertex -32.629305231718575 1.9103020699505378 0
    endloop
  endfacet
  facet normal 0 0 -1
    outer loop
      vertex -37 5 0
      vertex -32.07162796668324 2.5041680390213155 0
      vertex -32.36914803911959 2.224778094268238 0
    endloop
  endfacet
  facet normal 0 0 -1
    outer loop
      vertex -37 5 0
      vertex -31.74143708368174 2.7440657578815486 0
      vertex -32.07162796668324 2.5041680390213155 0
    endloop
  endfacet
  facet normal 0 0 -1
    outer loop
      vertex -26.75 0 0
      vertex -26.775627220727948 0.40733300908398884 0
      vertex -24.3 0 0
    endloop
  endfacet
  facet normal 0 0 -1
    outer loop
      vertex -26.852104726331948 0.8082421332857781 0
      vertex -24.243449690031536 0.4476417968967387 0
      vertex -26.775627220727948 0.40733300908398884 0
    endloop
  endfacet
  facet normal 0 0 -1
    outer loop
      vertex -26.775627220727948 0.40733300908398884 0
      vertex -24.28580646236606 0.22559982041574733 0
      vertex -24.3 0 0
    endloop
  endfacet
  facet normal 0 0 -1
    outer loop
      vertex -24.28580646236606 0.22559982041574733 0
      vertex -26.775627220727948 0.40733300908398884 0
      vertex -24.243449690031536 0.4476417968967387 0
    endloop
  endfacet
  facet normal 0 0 -1
    outer loop
      vertex -26.852104726331948 0.8082421332857781 0
      vertex -24.173597674598852 0.6626241948324202 0
      vertex -24.243449690031536 0.4476417968967387 0
    endloop
  endfacet
  facet normal 0 0 -1
    outer loop
      vertex -26.978226420863184 1.1964047962252033 0
      vertex -24.173597674598852 0.6626241948324202 0
      vertex -26.852104726331948 0.8082421332857781 0
    endloop
  endfacet
  facet normal 0 0 -1
    outer loop
      vertex -27.152003289857443 1.5656994408305749 0
      vertex -23.956230589874906 1.0580134541264516 0
      vertex -26.978226420863184 1.1964047962252033 0
    endloop
  endfacet
  facet normal 0 0 -1
    outer loop
      vertex -27.37069476828142 1.9103020699505378 0
      vertex -23.81214352935854 1.2321847906716394 0
      vertex -27.152003289857443 1.5656994408305749 0
    endloop
  endfacet
  facet normal 0 0 -1
    outer loop
      vertex -26.978226420863184 1.1964047962252033 0
      vertex -24.077352024078955 0.8671566133830877 0
      vertex -24.173597674598852 0.6626241948324202 0
    endloop
  endfacet
  facet normal 0 0 -1
    outer loop
      vertex -24.077352024078955 0.8671566133830877 0
      vertex -26.978226420863184 1.1964047962252033 0
      vertex -23.956230589874906 1.0580134541264516 0
    endloop
  endfacet
  facet normal 0 0 -1
    outer loop
      vertex -27.152003289857443 1.5656994408305749 0
      vertex -23.81214352935854 1.2321847906716394 0
      vertex -23.956230589874906 1.0580134541264516 0
    endloop
  endfacet
  facet normal 0 0 -1
    outer loop
      vertex -27.37069476828142 1.9103020699505378 0
      vertex -23.64736318154764 1.386923836996421 0
      vertex -23.81214352935854 1.2321847906716394 0
    endloop
  endfacet
  facet normal 0 0 -1
    outer loop
      vertex -27.630851960880413 2.2247780942682382 0
      vertex -23.464488230962193 1.5197902659036269 0
      vertex -23.64736318154764 1.386923836996421 0
    endloop
  endfacet
  facet normal 0 0 -1
    outer loop
      vertex -27.630851960880413 2.2247780942682382 0
      vertex -23.64736318154764 1.386923836996421 0
      vertex -27.37069476828142 1.9103020699505378 0
    endloop
  endfacet
  facet normal 0 0 -1
    outer loop
      vertex -23.26640272481713 1.628688694438835 0
      vertex -27.630851960880413 2.2247780942682382 0
      vertex -27.92837203331676 2.5041680390213146 0
    endloop
  endfacet
  facet normal 0 0 -1
    outer loop
      vertex -28.616217302413514 2.9406879205145633 0
      vertex -28.99569476828142 3.090933677959249 0
      vertex -22.613022935152763 1.7964481111708888 0
    endloop
  endfacet
  facet normal 0 0 -1
    outer loop
      vertex -27.92837203331676 2.5041680390213146 0
      vertex -28.25856291631826 2.744065757881549 0
      vertex -23.056230589874904 1.7119017293312764 0
    endloop
  endfacet
  facet normal 0 0 -1
    outer loop
      vertex -28.25856291631826 2.744065757881549 0
      vertex -28.616217302413514 2.9406879205145633 0
      vertex -22.837286366254304 1.7681170513116398 0
    endloop
  endfacet
  facet normal 0 0 -1
    outer loop
      vertex -23.26640272481713 1.628688694438835 0
      vertex -23.464488230962193 1.5197902659036269 0
      vertex -27.630851960880413 2.2247780942682382 0
    endloop
  endfacet
  facet normal 0 0 -1
    outer loop
      vertex -27.92837203331676 2.5041680390213146 0
      vertex -23.056230589874904 1.7119017293312764 0
      vertex -23.26640272481713 1.628688694438835 0
    endloop
  endfacet
  facet normal 0 0 -1
    outer loop
      vertex -28.25856291631826 2.744065757881549 0
      vertex -22.837286366254304 1.7681170513116398 0
      vertex -23.056230589874904 1.7119017293312764 0
    endloop
  endfacet
  facet normal 0 0 -1
    outer loop
      vertex -28.616217302413514 2.9406879205145633 0
      vertex -22.613022935152763 1.7964481111708888 0
      vertex -22.837286366254304 1.7681170513116398 0
    endloop
  endfacet
  facet normal 0 0 -1
    outer loop
      vertex -28.99569476828142 3.090933677959249 0
      vertex -22.386977064847237 1.7964481111708888 0
      vertex -22.613022935152763 1.7964481111708888 0
    endloop
  endfacet
  facet normal 0 0 -1
    outer loop
      vertex -29.391010727596395 3.1924335648682383 0
      vertex -29.795930811529733 3.2435868673918824 0
      vertex -0.20406918847026814 3.2435868673918824 0
    endloop
  endfacet
  facet normal 0 0 -1
    outer loop
      vertex -28.99569476828142 3.090933677959249 0
      vertex -29.391010727596395 3.1924335648682383 0
      vertex -0.20406918847026814 3.2435868673918824 0
    endloop
  endfacet
  facet normal 0 0 -1
    outer loop
      vertex -37 5 0
      vertex -31.383782697586486 2.9406879205145633 0
      vertex -31.74143708368174 2.7440657578815486 0
    endloop
  endfacet
  facet normal 0 0 -1
    outer loop
      vertex -37 5 0
      vertex -31.00430523171858 3.090933677959249 0
      vertex -31.383782697586486 2.9406879205145633 0
    endloop
  endfacet
  facet normal 0 0 -1
    outer loop
      vertex -37 5 0
      vertex -30.608989272403605 3.1924335648682383 0
      vertex -31.00430523171858 3.090933677959249 0
    endloop
  endfacet
  facet normal 0 0 -1
    outer loop
      vertex -37 5 0
      vertex -30.204069188470267 3.2435868673918824 0
      vertex -30.608989272403605 3.1924335648682383 0
    endloop
  endfacet
  facet normal 0 0 -1
    outer loop
      vertex -37 5 0
      vertex -29.795930811529733 3.2435868673918824 0
      vertex -30.204069188470267 3.2435868673918824 0
    endloop
  endfacet
  facet normal 0 0 -1
    outer loop
      vertex -37 5 0
      vertex -36.984229402628955 5.2506664671286085 0
      vertex -36.93716632225726 5.49737977432971 0
    endloop
  endfacet
  facet normal 0 0 -1
    outer loop
      vertex -37 5 0
      vertex -36.93716632225726 5.49737977432971 0
      vertex -36.75261336008773 5.96350734820343 0
    endloop
  endfacet
  facet normal 0 0 -1
    outer loop
      vertex -36.93716632225726 5.49737977432971 0
      vertex -36.8595529717765 5.736249105369356 0
      vertex -36.75261336008773 5.96350734820343 0
    endloop
  endfacet
  facet normal 0 0 -1
    outer loop
      vertex -37 5 0
      vertex -36.75261336008773 5.96350734820343 0
      vertex -36.27484797949738 6.541026485551579 0
    endloop
  endfacet
  facet normal 0 0 -1
    outer loop
      vertex -36.75261336008773 5.96350734820343 0
      vertex -36.61803398874989 6.175570504584947 0
      vertex -36.457937254842825 6.369094211857377 0
    endloop
  endfacet
  facet normal 0 0 -1
    outer loop
      vertex -36.75261336008773 5.96350734820343 0
      vertex -36.457937254842825 6.369094211857377 0
      vertex -36.27484797949738 6.541026485551579 0
    endloop
  endfacet
  facet normal 0 0 -1
    outer loop
      vertex -37 5 0
      vertex -36.27484797949738 6.541026485551579 0
      vertex -34.87441896094138 6.996053456856544 0
    endloop
  endfacet
  facet normal 0 0 -1
    outer loop
      vertex -36.27484797949738 6.541026485551579 0
      vertex -36.071653589958 6.68865585100403 0
      vertex -35.61803398874989 6.902113032590307 0
    endloop
  endfacet
  facet normal 0 0 -1
    outer loop
      vertex -36.071653589958 6.68865585100403 0
      vertex -35.85155858313014 6.809654104932039 0
      vertex -35.61803398874989 6.902113032590307 0
    endloop
  endfacet
  facet normal 0 0 -1
    outer loop
      vertex -36.27484797949738 6.541026485551579 0
      vertex -35.61803398874989 6.902113032590307 0
      vertex -34.87441896094138 6.996053456856544 0
    endloop
  endfacet
  facet normal 0 0 -1
    outer loop
      vertex -35.61803398874989 6.902113032590307 0
      vertex -35.37476262917145 6.964574501457378 0
      vertex -34.87441896094138 6.996053456856544 0
    endloop
  endfacet
  facet normal 0 0 -1
    outer loop
      vertex -35.37476262917145 6.964574501457378 0
      vertex -35.12558103905862 6.996053456856544 0
      vertex -34.87441896094138 6.996053456856544 0
    endloop
  endfacet
  facet normal 0 0 -1
    outer loop
      vertex -37 5 0
      vertex -0.20406918847026814 3.2435868673918824 0
      vertex -29.795930811529733 3.2435868673918824 0
    endloop
  endfacet
  facet normal 0 1 0
    outer loop
      vertex -34.87441896094138 6.996053456856544 0
      vertex -17.62930523171858 6.996053456856544 5.0896979300494625
      vertex -17.369148039119587 6.996053456856544 4.775221905731762
    endloop
  endfacet
  facet normal 0 1 0
    outer loop
      vertex -34.87441896094138 6.996053456856544 0
      vertex -16.00430523171858 6.996053456856544 3.909066322040751
      vertex -15.608989272403605 6.996053456856544 3.807566435131762
    endloop
  endfacet
  facet normal 0 1 0
    outer loop
      vertex -34.87441896094138 6.996053456856544 0
      vertex -15.608989272403605 6.996053456856544 3.807566435131762
      vertex -15.20406918847027 6.996053456856544 3.7564131326081176
    endloop
  endfacet
  facet normal 0 1 0
    outer loop
      vertex -34.87441896094138 6.996053456856544 0
      vertex -16.74143708368174 6.996053456856544 4.255934242118451
      vertex -16.383782697586486 6.996053456856544 4.059312079485436
    endloop
  endfacet
  facet normal 0 1 0
    outer loop
      vertex -34.87441896094138 6.996053456856544 0
      vertex -16.383782697586486 6.996053456856544 4.059312079485436
      vertex -16.00430523171858 6.996053456856544 3.909066322040751
    endloop
  endfacet
  facet normal 0 1 0
    outer loop
      vertex -34.87441896094138 6.996053456856544 0
      vertex -17.07162796668324 6.996053456856544 4.495831960978684
      vertex -16.74143708368174 6.996053456856544 4.255934242118451
    endloop
  endfacet
  facet normal 0 1 0
    outer loop
      vertex -34.87441896094138 6.996053456856544 0
      vertex -17.369148039119587 6.996053456856544 4.775221905731762
      vertex -17.07162796668324 6.996053456856544 4.495831960978684
    endloop
  endfacet
  facet normal -0.9980267284282714 0.06279051952931565 0
    outer loop
      vertex -37 5 0
      vertex -36.984229402628955 5.2506664671286085 14
      vertex -36.984229402628955 5.2506664671286085 0
    endloop
  endfacet
  facet normal -0.982287250728689 0.18738131458572235 0
    outer loop
      vertex -36.984229402628955 5.2506664671286085 0
      vertex -36.984229402628955 5.2506664671286085 14
      vertex -36.93716632225726 5.49737977432971 0
    endloop
  endfacet
  facet normal -0.9510565162951523 0.3090169943749515 0
    outer loop
      vertex -36.93716632225726 5.49737977432971 0
      vertex -36.8595529717765 5.736249105369356 14
      vertex -36.8595529717765 5.736249105369356 0
    endloop
  endfacet
  facet normal -0.9048270524660235 0.42577929156506444 0
    outer loop
      vertex -36.8595529717765 5.736249105369356 0
      vertex -36.8595529717765 5.736249105369356 14
      vertex -36.75261336008773 5.96350734820343 0
    endloop
  endfacet
  facet normal -0.8443279255020099 0.5358267949790049 0
    outer loop
      vertex -36.75261336008773 5.96350734820343 0
      vertex -36.61803398874989 6.175570504584947 14
      vertex -36.61803398874989 6.175570504584947 0
    endloop
  endfacet
  facet normal -0.7705132427757951 0.6374239897486828 0
    outer loop
      vertex -36.61803398874989 6.175570504584947 0
      vertex -36.61803398874989 6.175570504584947 14
      vertex -36.457937254842825 6.369094211857377 0
    endloop
  endfacet
  facet normal -0.6845471059286887 0.7289686274214114 0
    outer loop
      vertex -36.457937254842825 6.369094211857377 0
      vertex -36.457937254842825 6.369094211857377 14
      vertex -36.27484797949738 6.541026485551579 0
    endloop
  endfacet
  facet normal -0.5877852522924752 0.8090169943749458 0
    outer loop
      vertex -36.27484797949738 6.541026485551579 0
      vertex -36.27484797949738 6.541026485551579 14
      vertex -36.071653589958 6.68865585100403 0
    endloop
  endfacet
  facet normal -0.4817536741017061 0.8763066800438688 0
    outer loop
      vertex -36.071653589958 6.68865585100403 0
      vertex -36.071653589958 6.68865585100403 14
      vertex -35.85155858313014 6.809654104932039 0
    endloop
  endfacet
  facet normal -0.36812455268468 0.9297764858882507 0
    outer loop
      vertex -35.85155858313014 6.809654104932039 0
      vertex -35.61803398874989 6.902113032590307 14
      vertex -35.61803398874989 6.902113032590307 0
    endloop
  endfacet
  facet normal -0.2486898871648574 0.9685831611286304 0
    outer loop
      vertex -35.61803398874989 6.902113032590307 0
      vertex -35.37476262917145 6.964574501457378 14
      vertex -35.37476262917145 6.964574501457378 0
    endloop
  endfacet
  facet normal -0.12533323356430293 0.992114701314478 0
    outer loop
      vertex -35.37476262917145 6.964574501457378 0
      vertex -35.12558103905862 6.996053456856544 14
      vertex -35.12558103905862 6.996053456856544 0
    endloop
  endfacet
  facet normal 0 1 0
    outer loop
      vertex -35.12558103905862 6.996053456856544 0
      vertex -35.12558103905862 6.996053456856544 14
      vertex -34.87441896094138 6.996053456856544 0
    endloop
  endfacet
  facet normal 0 1 0
    outer loop
      vertex -34.87441896094138 6.996053456856544 0
      vertex -17.847996710142557 6.996053456856544 5.434300559169425
      vertex -17.62930523171858 6.996053456856544 5.0896979300494625
    endloop
  endfacet
  facet normal 0 1 0
    outer loop
      vertex -34.87441896094138 6.996053456856544 0
      vertex -18.021773579136816 6.996053456856544 5.803595203774797
      vertex -17.847996710142557 6.996053456856544 5.434300559169425
    endloop
  endfacet
  facet normal 0 1 0
    outer loop
      vertex -34.87441896094138 6.996053456856544 0
      vertex -18.147895273668052 6.996053456856544 6.191757866714221
      vertex -18.021773579136816 6.996053456856544 5.803595203774797
    endloop
  endfacet
  facet normal 0 1 0
    outer loop
      vertex -34.87441896094138 6.996053456856544 0
      vertex -18.224372779272052 6.996053456856544 6.592666990916012
      vertex -18.147895273668052 6.996053456856544 6.191757866714221
    endloop
  endfacet
  facet normal 0 1 0
    outer loop
      vertex -34.87441896094138 6.996053456856544 0
      vertex -18.25 6.996053456856544 7
      vertex -18.224372779272052 6.996053456856544 6.592666990916012
    endloop
  endfacet
  facet normal 0 1 0
    outer loop
      vertex -34.87441896094138 6.996053456856544 0
      vertex -18.224372779272052 6.996053456856544 7.407333009083988
      vertex -18.25 6.996053456856544 7
    endloop
  endfacet
  facet normal 0 1 0
    outer loop
      vertex -34.87441896094138 6.996053456856544 0
      vertex -18.147895273668052 6.996053456856544 7.808242133285779
      vertex -18.224372779272052 6.996053456856544 7.407333009083988
    endloop
  endfacet
  facet normal 0 0 -1
    outer loop
      vertex -20.71419353763394 -0.22559982041574733 0
      vertex -20.7 0 0
      vertex -3.224372779272053 0.40733300908398823 0
    endloop
  endfacet
  facet normal 0 0 -1
    outer loop
      vertex -20.7 0 0
      vertex -20.71419353763394 0.22559982041574766 0
      vertex -3.224372779272053 0.40733300908398823 0
    endloop
  endfacet
  facet normal 0 0 -1
    outer loop
      vertex -20.756550309968464 0.44764179689673866 0
      vertex -3.224372779272053 0.40733300908398823 0
      vertex -20.71419353763394 0.22559982041574766 0
    endloop
  endfacet
  facet normal 0 0 -1
    outer loop
      vertex -20.826402325401148 0.6626241948324204 0
      vertex -3.147895273668051 0.8082421332857783 0
      vertex -20.756550309968464 0.44764179689673866 0
    endloop
  endfacet
  facet normal 0 0 -1
    outer loop
      vertex -20.922647975921045 0.8671566133830876 0
      vertex -3.147895273668051 0.8082421332857783 0
      vertex -20.826402325401148 0.6626241948324204 0
    endloop
  endfacet
  facet normal 0 0 -1
    outer loop
      vertex -21.043769410125094 1.0580134541264516 0
      vertex -3.021773579136817 1.1964047962252031 0
      vertex -20.922647975921045 0.8671566133830876 0
    endloop
  endfacet
  facet normal 0 0 -1
    outer loop
      vertex -21.18785647064146 1.2321847906716397 0
      vertex -2.8479967101425565 1.5656994408305749 0
      vertex -21.043769410125094 1.0580134541264516 0
    endloop
  endfacet
  facet normal 0 0 -1
    outer loop
      vertex -2.8479967101425565 1.5656994408305749 0
      vertex -21.18785647064146 1.2321847906716397 0
      vertex -21.352636818452357 1.3869238369964205 0
    endloop
  endfacet
  facet normal 0 0 -1
    outer loop
      vertex -21.352636818452357 1.3869238369964205 0
      vertex -21.535511769037807 1.519790265903627 0
      vertex -2.629305231718579 1.9103020699505378 0
    endloop
  endfacet
  facet normal 0 0 -1
    outer loop
      vertex -21.535511769037807 1.519790265903627 0
      vertex -21.73359727518287 1.628688694438835 0
      vertex -2.629305231718579 1.9103020699505378 0
    endloop
  endfacet
  facet normal 0 0 -1
    outer loop
      vertex -21.73359727518287 1.628688694438835 0
      vertex -21.943769410125096 1.7119017293312764 0
      vertex -2.369148039119588 2.224778094268238 0
    endloop
  endfacet
  facet normal 0 0 -1
    outer loop
      vertex -21.943769410125096 1.7119017293312764 0
      vertex -22.162713633745696 1.7681170513116398 0
      vertex -2.0716279666832413 2.5041680390213155 0
    endloop
  endfacet
  facet normal 0 0 -1
    outer loop
      vertex -22.162713633745696 1.7681170513116398 0
      vertex -22.386977064847237 1.7964481111708888 0
      vertex -2.0716279666832413 2.5041680390213155 0
    endloop
  endfacet
  facet normal 0 0 -1
    outer loop
      vertex -28.99569476828142 3.090933677959249 0
      vertex -0.20406918847026814 3.2435868673918824 0
      vertex -22.386977064847237 1.7964481111708888 0
    endloop
  endfacet
  facet normal 0 0 -1
    outer loop
      vertex -3.224372779272053 0.40733300908398823 0
      vertex -20.756550309968464 0.44764179689673866 0
      vertex -3.147895273668051 0.8082421332857783 0
    endloop
  endfacet
  facet normal 0 0 -1
    outer loop
      vertex -20.922647975921045 0.8671566133830876 0
      vertex -3.021773579136817 1.1964047962252031 0
      vertex -3.147895273668051 0.8082421332857783 0
    endloop
  endfacet
  facet normal 0 0 -1
    outer loop
      vertex -3.021773579136817 1.1964047962252031 0
      vertex -21.043769410125094 1.0580134541264516 0
      vertex -2.8479967101425565 1.5656994408305749 0
    endloop
  endfacet
  facet normal 0 0 -1
    outer loop
      vertex -2.8479967101425565 1.5656994408305749 0
      vertex -21.352636818452357 1.3869238369964205 0
      vertex -2.629305231718579 1.9103020699505378 0
    endloop
  endfacet
  facet normal 0 0 -1
    outer loop
      vertex -2.629305231718579 1.9103020699505378 0
      vertex -21.73359727518287 1.628688694438835 0
      vertex -2.369148039119588 2.224778094268238 0
    endloop
  endfacet
  facet normal 0 0 -1
    outer loop
      vertex -2.0716279666832413 2.5041680390213155 0
      vertex -2.369148039119588 2.224778094268238 0
      vertex -21.943769410125096 1.7119017293312764 0
    endloop
  endfacet
  facet normal 0 0 -1
    outer loop
      vertex -1.7414370836817394 2.7440657578815486 0
      vertex -2.0716279666832413 2.5041680390213155 0
      vertex -22.386977064847237 1.7964481111708888 0
    endloop
  endfacet
  facet normal 0 0 -1
    outer loop
      vertex -22.386977064847237 1.7964481111708888 0
      vertex -1.3837826975864864 2.9406879205145633 0
      vertex -1.7414370836817394 2.7440657578815486 0
    endloop
  endfacet
  facet normal 0 0 -1
    outer loop
      vertex -22.386977064847237 1.7964481111708888 0
      vertex -1.004305231718579 3.090933677959249 0
      vertex -1.3837826975864864 2.9406879205145633 0
    endloop
  endfacet
  facet normal 0 0 -1
    outer loop
      vertex -22.386977064847237 1.7964481111708888 0
      vertex -0.6089892724036049 3.1924335648682383 0
      vertex -1.004305231718579 3.090933677959249 0
    endloop
  endfacet
  facet normal 0 0 -1
    outer loop
      vertex -22.386977064847237 1.7964481111708888 0
      vertex -0.20406918847026814 3.2435868673918824 0
      vertex -0.6089892724036049 3.1924335648682383 0
    endloop
  endfacet
  facet normal 0 0 -1
    outer loop
      vertex -37 5 0
      vertex 0.20406918847026814 3.2435868673918824 0
      vertex -0.20406918847026814 3.2435868673918824 0
    endloop
  endfacet
  facet normal 0 0 -1
    outer loop
      vertex -37 5 0
      vertex -34.87441896094138 6.996053456856544 0
      vertex 37 5 0
    endloop
  endfacet
  facet normal 0 1 0
    outer loop
      vertex -34.87441896094138 6.996053456856544 0
      vertex -15.20406918847027 6.996053456856544 3.7564131326081176
      vertex 35.12558103905862 6.996053456856544 0
    endloop
  endfacet
  facet normal 0 1 0
    outer loop
      vertex -13.258562916318262 6.996053456856544 4.2559342421184505
      vertex -7.837286366254305 6.996053456856544 5.2318829486883605
      vertex -13.616217302413514 6.996053456856544 4.059312079485436
    endloop
  endfacet
  facet normal 0 1 0
    outer loop
      vertex -12.928372033316759 6.996053456856544 4.495831960978686
      vertex -8.056230589874906 6.996053456856544 5.288098270668724
      vertex -13.258562916318262 6.996053456856544 4.2559342421184505
    endloop
  endfacet
  facet normal 0 1 0
    outer loop
      vertex -12.630851960880412 6.996053456856544 4.775221905731762
      vertex -8.26640272481713 6.996053456856544 5.371311305561164
      vertex -12.928372033316759 6.996053456856544 4.495831960978686
    endloop
  endfacet
  facet normal 0 1 0
    outer loop
      vertex -12.630851960880412 6.996053456856544 4.775221905731762
      vertex -12.370694768281421 6.996053456856544 5.0896979300494625
      vertex -8.464488230962194 6.996053456856544 5.480209734096373
    endloop
  endfacet
  facet normal 0 1 0
    outer loop
      vertex -7.613022935152765 6.996053456856544 5.203551888829111
      vertex -13.616217302413514 6.996053456856544 4.059312079485436
      vertex -7.837286366254305 6.996053456856544 5.2318829486883605
    endloop
  endfacet
  facet normal 0 1 0
    outer loop
      vertex -7.386977064847235 6.996053456856544 5.203551888829111
      vertex -13.616217302413514 6.996053456856544 4.059312079485436
      vertex -7.613022935152765 6.996053456856544 5.203551888829111
    endloop
  endfacet
  facet normal 0 1 0
    outer loop
      vertex -7.837286366254305 6.996053456856544 5.2318829486883605
      vertex -13.258562916318262 6.996053456856544 4.2559342421184505
      vertex -8.056230589874906 6.996053456856544 5.288098270668724
    endloop
  endfacet
  facet normal 0 1 0
    outer loop
      vertex -8.056230589874906 6.996053456856544 5.288098270668724
      vertex -12.928372033316759 6.996053456856544 4.495831960978686
      vertex -8.26640272481713 6.996053456856544 5.371311305561164
    endloop
  endfacet
  facet normal 0 1 0
    outer loop
      vertex -12.630851960880412 6.996053456856544 4.775221905731762
      vertex -8.464488230962194 6.996053456856544 5.480209734096373
      vertex -8.26640272481713 6.996053456856544 5.371311305561164
    endloop
  endfacet
  facet normal 0 1 0
    outer loop
      vertex -12.370694768281421 6.996053456856544 5.0896979300494625
      vertex -12.152003289857443 6.996053456856544 5.434300559169425
      vertex -8.647363181547641 6.996053456856544 5.613076163003579
    endloop
  endfacet
  facet normal 0 1 0
    outer loop
      vertex -12.152003289857443 6.996053456856544 5.434300559169425
      vertex -11.978226420863184 6.996053456856544 5.803595203774796
      vertex -8.812143529358542 6.996053456856544 5.767815209328361
    endloop
  endfacet
  facet normal 0 1 0
    outer loop
      vertex -12.370694768281421 6.996053456856544 5.0896979300494625
      vertex -8.647363181547641 6.996053456856544 5.613076163003579
      vertex -8.464488230962194 6.996053456856544 5.480209734096373
    endloop
  endfacet
  facet normal 0 1 0
    outer loop
      vertex -8.647363181547641 6.996053456856544 5.613076163003579
      vertex -12.152003289857443 6.996053456856544 5.434300559169425
      vertex -8.812143529358542 6.996053456856544 5.767815209328361
    endloop
  endfacet
  facet normal 0 1 0
    outer loop
      vertex -11.978226420863184 6.996053456856544 5.803595203774796
      vertex -11.852104726331948 6.996053456856544 6.191757866714223
      vertex -9.077352024078955 6.996053456856544 6.132843386616912
    endloop
  endfacet
  facet normal 0 1 0
    outer loop
      vertex -8.956230589874906 6.996053456856544 5.941986545873548
      vertex -8.812143529358542 6.996053456856544 5.767815209328361
      vertex -11.978226420863184 6.996053456856544 5.803595203774796
    endloop
  endfacet
  facet normal 0 1 0
    outer loop
      vertex -11.978226420863184 6.996053456856544 5.803595203774796
      vertex -9.077352024078955 6.996053456856544 6.132843386616912
      vertex -8.956230589874906 6.996053456856544 5.941986545873548
    endloop
  endfacet
  facet normal 0 1 0
    outer loop
      vertex -11.852104726331948 6.996053456856544 6.191757866714223
      vertex -11.775627220727948 6.996053456856544 6.592666990916012
      vertex -9.173597674598852 6.996053456856544 6.3373758051675795
    endloop
  endfacet
  facet normal 0 1 0
    outer loop
      vertex -9.173597674598852 6.996053456856544 6.3373758051675795
      vertex -9.077352024078955 6.996053456856544 6.132843386616912
      vertex -11.852104726331948 6.996053456856544 6.191757866714223
    endloop
  endfacet
  facet normal 0 1 0
    outer loop
      vertex -9.243449690031536 6.996053456856544 6.552358203103261
      vertex -9.173597674598852 6.996053456856544 6.3373758051675795
      vertex -11.775627220727948 6.996053456856544 6.592666990916012
    endloop
  endfacet
  facet normal 0 1 0
    outer loop
      vertex -11.775627220727948 6.996053456856544 6.592666990916012
      vertex -11.75 6.996053456856544 7
      vertex -9.285806462366061 6.996053456856544 6.774400179584252
    endloop
  endfacet
  facet normal 0 1 0
    outer loop
      vertex -11.775627220727948 6.996053456856544 6.592666990916012
      vertex -9.285806462366061 6.996053456856544 6.774400179584252
      vertex -9.243449690031536 6.996053456856544 6.552358203103261
    endloop
  endfacet
  facet normal 0 1 0
    outer loop
      vertex -9.3 6.996053456856544 7
      vertex -9.285806462366061 6.996053456856544 6.774400179584252
      vertex -11.75 6.996053456856544 7
    endloop
  endfacet
  facet normal 0 1 0
    outer loop
      vertex -7.386977064847235 6.996053456856544 5.203551888829111
      vertex 14.79593081152973 6.996053456856544 3.7564131326081176
      vertex -13.616217302413514 6.996053456856544 4.059312079485436
    endloop
  endfacet
  facet normal 0 1 0
    outer loop
      vertex -7.162713633745695 6.996053456856544 5.2318829486883605
      vertex 14.391010727596395 6.996053456856544 3.807566435131762
      vertex -7.386977064847235 6.996053456856544 5.203551888829111
    endloop
  endfacet
  facet normal 0 1 0
    outer loop
      vertex -6.943769410125094 6.996053456856544 5.288098270668724
      vertex 13.995694768281421 6.996053456856544 3.909066322040751
      vertex -7.162713633745695 6.996053456856544 5.2318829486883605
    endloop
  endfacet
  facet normal 0 1 0
    outer loop
      vertex -6.73359727518287 6.996053456856544 5.371311305561164
      vertex 13.616217302413514 6.996053456856544 4.059312079485436
      vertex -6.943769410125094 6.996053456856544 5.288098270668724
    endloop
  endfacet
  facet normal 0 1 0
    outer loop
      vertex -6.535511769037807 6.996053456856544 5.4802097340963725
      vertex 13.25856291631826 6.996053456856544 4.255934242118451
      vertex -6.73359727518287 6.996053456856544 5.371311305561164
    endloop
  endfacet
  facet normal -1 0 0
    outer loop
      vertex -37 -5 14
      vertex -37 5 14
      vertex -37 5 0
    endloop
  endfacet
  facet normal 0 0 1
    outer loop
      vertex -34.87441896094137 -6.996053456856544 14
      vertex -34.87441896094138 6.996053456856544 14
      vertex -37 5 14
    endloop
  endfacet
  facet normal 0 0 1
    outer loop
      vertex -34.87441896094138 6.996053456856544 14
      vertex -33.14789527366805 -0.8082421332857783 14
      vertex -33.22437277927205 -0.40733300908398823 14
    endloop
  endfacet
  facet normal 0 0 1
    outer loop
      vertex -34.87441896094138 6.996053456856544 14
      vertex -33.22437277927205 -0.40733300908398823 14
      vertex -33.25 0 14
    endloop
  endfacet
  facet normal 0 0 1
    outer loop
      vertex -34.87441896094138 6.996053456856544 14
      vertex -33.25 0 14
      vertex -33.22437277927205 0.40733300908398823 14
    endloop
  endfacet
  facet normal 0 0 1
    outer loop
      vertex -34.87441896094138 6.996053456856544 14
      vertex -33.22437277927205 0.40733300908398823 14
      vertex -33.14789527366805 0.8082421332857783 14
    endloop
  endfacet
  facet normal 0 0 1
    outer loop
      vertex -34.87441896094138 6.996053456856544 14
      vertex -33.14789527366805 0.8082421332857783 14
      vertex -33.02177357913682 1.1964047962252031 14
    endloop
  endfacet
  facet normal 0 0 1
    outer loop
      vertex -34.87441896094138 6.996053456856544 14
      vertex -33.02177357913682 1.1964047962252031 14
      vertex -32.84799671014255 1.5656994408305749 14
    endloop
  endfacet
  facet normal 0 0 1
    outer loop
      vertex -34.87441896094138 6.996053456856544 14
      vertex -32.84799671014255 1.5656994408305749 14
      vertex -32.629305231718575 1.9103020699505378 14
    endloop
  endfacet
  facet normal 0 0 1
    outer loop
      vertex -26.75 0 14
      vertex -24.28580646236606 0.22559982041574733 14
      vertex -26.775627220727948 0.40733300908398884 14
    endloop
  endfacet
  facet normal 0 0 1
    outer loop
      vertex -26.775627220727948 0.40733300908398884 14
      vertex -24.243449690031536 0.4476417968967387 14
      vertex -26.852104726331948 0.8082421332857781 14
    endloop
  endfacet
  facet normal 0 0 1
    outer loop
      vertex -26.75 0 14
      vertex -24.3 0 14
      vertex -24.28580646236606 0.22559982041574733 14
    endloop
  endfacet
  facet normal 0 0 1
    outer loop
      vertex -24.243449690031536 0.4476417968967387 14
      vertex -26.775627220727948 0.40733300908398884 14
      vertex -24.28580646236606 0.22559982041574733 14
    endloop
  endfacet
  facet normal 0 0 1
    outer loop
      vertex -24.173597674598852 0.6626241948324202 14
      vertex -26.852104726331948 0.8082421332857781 14
      vertex -24.243449690031536 0.4476417968967387 14
    endloop
  endfacet
  facet normal 0 0 1
    outer loop
      vertex -26.852104726331948 0.8082421332857781 14
      vertex -24.173597674598852 0.6626241948324202 14
      vertex -24.077352024078955 0.8671566133830877 14
    endloop
  endfacet
  facet normal 0 0 1
    outer loop
      vertex -26.852104726331948 0.8082421332857781 14
      vertex -24.077352024078955 0.8671566133830877 14
      vertex -26.978226420863184 1.1964047962252033 14
    endloop
  endfacet
  facet normal 0 0 1
    outer loop
      vertex -26.978226420863184 1.1964047962252033 14
      vertex -23.956230589874906 1.0580134541264516 14
      vertex -27.152003289857443 1.5656994408305749 14
    endloop
  endfacet
  facet normal 0 0 1
    outer loop
      vertex -27.152003289857443 1.5656994408305749 14
      vertex -23.81214352935854 1.2321847906716394 14
      vertex -27.37069476828142 1.9103020699505378 14
    endloop
  endfacet
  facet normal 0 0 1
    outer loop
      vertex -23.956230589874906 1.0580134541264516 14
      vertex -26.978226420863184 1.1964047962252033 14
      vertex -24.077352024078955 0.8671566133830877 14
    endloop
  endfacet
  facet normal 0 0 1
    outer loop
      vertex -23.81214352935854 1.2321847906716394 14
      vertex -27.152003289857443 1.5656994408305749 14
      vertex -23.956230589874906 1.0580134541264516 14
    endloop
  endfacet
  facet normal 0 0 1
    outer loop
      vertex -23.81214352935854 1.2321847906716394 14
      vertex -23.64736318154764 1.386923836996421 14
      vertex -27.37069476828142 1.9103020699505378 14
    endloop
  endfacet
  facet normal 0 0 1
    outer loop
      vertex -23.64736318154764 1.386923836996421 14
      vertex -23.464488230962193 1.5197902659036269 14
      vertex -27.37069476828142 1.9103020699505378 14
    endloop
  endfacet
  facet normal 0 0 1
    outer loop
      vertex -27.37069476828142 1.9103020699505378 14
      vertex -23.464488230962193 1.5197902659036269 14
      vertex -27.630851960880413 2.2247780942682382 14
    endloop
  endfacet
  facet normal 0 0 1
    outer loop
      vertex -27.92837203331676 2.5041680390213146 14
      vertex -27.630851960880413 2.2247780942682382 14
      vertex -23.26640272481713 1.628688694438835 14
    endloop
  endfacet
  facet normal 0 0 1
    outer loop
      vertex -28.25856291631826 2.744065757881549 14
      vertex -27.92837203331676 2.5041680390213146 14
      vertex -22.837286366254304 1.7681170513116398 14
    endloop
  endfacet
  facet normal 0 0 1
    outer loop
      vertex -28.616217302413514 2.9406879205145633 14
      vertex -28.25856291631826 2.744065757881549 14
      vertex -22.613022935152763 1.7964481111708888 14
    endloop
  endfacet
  facet normal 0 0 1
    outer loop
      vertex -23.464488230962193 1.5197902659036269 14
      vertex -23.26640272481713 1.628688694438835 14
      vertex -27.630851960880413 2.2247780942682382 14
    endloop
  endfacet
  facet normal 0 0 1
    outer loop
      vertex -27.92837203331676 2.5041680390213146 14
      vertex -23.26640272481713 1.628688694438835 14
      vertex -23.056230589874904 1.7119017293312764 14
    endloop
  endfacet
  facet normal 0 0 1
    outer loop
      vertex -23.056230589874904 1.7119017293312764 14
      vertex -22.837286366254304 1.7681170513116398 14
      vertex -27.92837203331676 2.5041680390213146 14
    endloop
  endfacet
  facet normal 0 0 1
    outer loop
      vertex -22.837286366254304 1.7681170513116398 14
      vertex -22.613022935152763 1.7964481111708888 14
      vertex -28.25856291631826 2.744065757881549 14
    endloop
  endfacet
  facet normal -0.9980267284282714 0.06279051952931565 0
    outer loop
      vertex -37 5 0
      vertex -37 5 14
      vertex -36.984229402628955 5.2506664671286085 14
    endloop
  endfacet
  facet normal 0 1 0
    outer loop
      vertex -34.87441896094138 6.996053456856544 0
      vertex -34.87441896094138 6.996053456856544 14
      vertex -18.147895273668052 6.996053456856544 7.808242133285779
    endloop
  endfacet
  facet normal -0.982287250728689 0.18738131458572235 0
    outer loop
      vertex -36.93716632225726 5.49737977432971 0
      vertex -36.984229402628955 5.2506664671286085 14
      vertex -36.93716632225726 5.49737977432971 14
    endloop
  endfacet
  facet normal -0.9510565162951523 0.3090169943749515 0
    outer loop
      vertex -36.93716632225726 5.49737977432971 0
      vertex -36.93716632225726 5.49737977432971 14
      vertex -36.8595529717765 5.736249105369356 14
    endloop
  endfacet
  facet normal -0.9048270524660235 0.42577929156506444 0
    outer loop
      vertex -36.75261336008773 5.96350734820343 0
      vertex -36.8595529717765 5.736249105369356 14
      vertex -36.75261336008773 5.96350734820343 14
    endloop
  endfacet
  facet normal -0.8443279255020099 0.5358267949790049 0
    outer loop
      vertex -36.75261336008773 5.96350734820343 0
      vertex -36.75261336008773 5.96350734820343 14
      vertex -36.61803398874989 6.175570504584947 14
    endloop
  endfacet
  facet normal -0.7705132427757951 0.6374239897486828 0
    outer loop
      vertex -36.457937254842825 6.369094211857377 0
      vertex -36.61803398874989 6.175570504584947 14
      vertex -36.457937254842825 6.369094211857377 14
    endloop
  endfacet
  facet normal -0.6845471059286887 0.7289686274214114 0
    outer loop
      vertex -36.27484797949738 6.541026485551579 0
      vertex -36.457937254842825 6.369094211857377 14
      vertex -36.27484797949738 6.541026485551579 14
    endloop
  endfacet
  facet normal -0.5877852522924752 0.8090169943749458 0
    outer loop
      vertex -36.071653589958 6.68865585100403 0
      vertex -36.27484797949738 6.541026485551579 14
      vertex -36.071653589958 6.68865585100403 14
    endloop
  endfacet
  facet normal -0.4817536741017061 0.8763066800438688 0
    outer loop
      vertex -35.85155858313014 6.809654104932039 0
      vertex -36.071653589958 6.68865585100403 14
      vertex -35.85155858313014 6.809654104932039 14
    endloop
  endfacet
  facet normal -0.36812455268468 0.9297764858882507 0
    outer loop
      vertex -35.85155858313014 6.809654104932039 0
      vertex -35.85155858313014 6.809654104932039 14
      vertex -35.61803398874989 6.902113032590307 14
    endloop
  endfacet
  facet normal -0.2486898871648574 0.9685831611286304 0
    outer loop
      vertex -35.61803398874989 6.902113032590307 0
      vertex -35.61803398874989 6.902113032590307 14
      vertex -35.37476262917145 6.964574501457378 14
    endloop
  endfacet
  facet normal -0.12533323356430293 0.992114701314478 0
    outer loop
      vertex -35.37476262917145 6.964574501457378 0
      vertex -35.37476262917145 6.964574501457378 14
      vertex -35.12558103905862 6.996053456856544 14
    endloop
  endfacet
  facet normal 0 1 0
    outer loop
      vertex -34.87441896094138 6.996053456856544 0
      vertex -35.12558103905862 6.996053456856544 14
      vertex -34.87441896094138 6.996053456856544 14
    endloop
  endfacet
  facet normal 0 1 0
    outer loop
      vertex -34.87441896094138 6.996053456856544 14
      vertex -18.021773579136816 6.996053456856544 8.196404796225202
      vertex -18.147895273668052 6.996053456856544 7.808242133285779
    endloop
  endfacet
  facet normal 0 1 0
    outer loop
      vertex -34.87441896094138 6.996053456856544 14
      vertex -17.847996710142557 6.996053456856544 8.565699440830574
      vertex -18.021773579136816 6.996053456856544 8.196404796225202
    endloop
  endfacet
  facet normal 0 1 0
    outer loop
      vertex -34.87441896094138 6.996053456856544 14
      vertex -17.62930523171858 6.996053456856544 8.910302069950538
      vertex -17.847996710142557 6.996053456856544 8.565699440830574
    endloop
  endfacet
  facet normal 0 0 1
    outer loop
      vertex -34.87441896094138 6.996053456856544 14
      vertex -32.629305231718575 1.9103020699505378 14
      vertex -32.36914803911959 2.224778094268238 14
    endloop
  endfacet
  facet normal 0 0 1
    outer loop
      vertex -34.87441896094138 6.996053456856544 14
      vertex -32.36914803911959 2.224778094268238 14
      vertex -32.07162796668324 2.5041680390213155 14
    endloop
  endfacet
  facet normal 0 0 1
    outer loop
      vertex -34.87441896094138 6.996053456856544 14
      vertex -32.07162796668324 2.5041680390213155 14
      vertex -31.74143708368174 2.7440657578815486 14
    endloop
  endfacet
  facet normal 0 0 1
    outer loop
      vertex -34.87441896094138 6.996053456856544 14
      vertex -31.74143708368174 2.7440657578815486 14
      vertex -31.383782697586486 2.9406879205145633 14
    endloop
  endfacet
  facet normal 0 0 1
    outer loop
      vertex -34.87441896094138 6.996053456856544 14
      vertex -31.383782697586486 2.9406879205145633 14
      vertex -31.00430523171858 3.090933677959249 14
    endloop
  endfacet
  facet normal 0 0 1
    outer loop
      vertex -34.87441896094138 6.996053456856544 14
      vertex -28.99569476828142 3.090933677959249 14
      vertex -28.616217302413514 2.9406879205145633 14
    endloop
  endfacet
  facet normal 0 0 1
    outer loop
      vertex -34.87441896094138 6.996053456856544 14
      vertex -28.616217302413514 2.9406879205145633 14
      vertex -22.613022935152763 1.7964481111708888 14
    endloop
  endfacet
  facet normal 0 0 1
    outer loop
      vertex -34.87441896094138 6.996053456856544 14
      vertex -31.00430523171858 3.090933677959249 14
      vertex -30.608989272403605 3.1924335648682383 14
    endloop
  endfacet
  facet normal 0 0 1
    outer loop
      vertex -34.87441896094138 6.996053456856544 14
      vertex -30.608989272403605 3.1924335648682383 14
      vertex -30.204069188470267 3.2435868673918824 14
    endloop
  endfacet
  facet normal 0 0 1
    outer loop
      vertex -34.87441896094138 6.996053456856544 14
      vertex -29.795930811529733 3.2435868673918824 14
      vertex -29.391010727596395 3.1924335648682383 14
    endloop
  endfacet
  facet normal 0 0 1
    outer loop
      vertex -34.87441896094138 6.996053456856544 14
      vertex -30.204069188470267 3.2435868673918824 14
      vertex -29.795930811529733 3.2435868673918824 14
    endloop
  endfacet
  facet normal 0 0 1
    outer loop
      vertex -34.87441896094138 6.996053456856544 14
      vertex -29.391010727596395 3.1924335648682383 14
      vertex -28.99569476828142 3.090933677959249 14
    endloop
  endfacet
  facet normal 0 0 1
    outer loop
      vertex -37 5 14
      vertex -36.93716632225726 5.49737977432971 14
      vertex -36.984229402628955 5.2506664671286085 14
    endloop
  endfacet
  facet normal 0 0 1
    outer loop
      vertex -37 5 14
      vertex -36.75261336008773 5.96350734820343 14
      vertex -36.93716632225726 5.49737977432971 14
    endloop
  endfacet
  facet normal 0 0 1
    outer loop
      vertex -36.93716632225726 5.49737977432971 14
      vertex -36.75261336008773 5.96350734820343 14
      vertex -36.8595529717765 5.736249105369356 14
    endloop
  endfacet
  facet normal 0 0 1
    outer loop
      vertex -37 5 14
      vertex -36.27484797949738 6.541026485551579 14
      vertex -36.75261336008773 5.96350734820343 14
    endloop
  endfacet
  facet normal 0 0 1
    outer loop
      vertex -36.75261336008773 5.96350734820343 14
      vertex -36.457937254842825 6.369094211857377 14
      vertex -36.61803398874989 6.175570504584947 14
    endloop
  endfacet
  facet normal 0 0 1
    outer loop
      vertex -36.75261336008773 5.96350734820343 14
      vertex -36.27484797949738 6.541026485551579 14
      vertex -36.457937254842825 6.369094211857377 14
    endloop
  endfacet
  facet normal 0 0 1
    outer loop
      vertex -37 5 14
      vertex -34.87441896094138 6.996053456856544 14
      vertex -36.27484797949738 6.541026485551579 14
    endloop
  endfacet
  facet normal 0 0 1
    outer loop
      vertex -36.27484797949738 6.541026485551579 14
      vertex -35.61803398874989 6.902113032590307 14
      vertex -36.071653589958 6.68865585100403 14
    endloop
  endfacet
  facet normal 0 0 1
    outer loop
      vertex -36.071653589958 6.68865585100403 14
      vertex -35.61803398874989 6.902113032590307 14
      vertex -35.85155858313014 6.809654104932039 14
    endloop
  endfacet
  facet normal 0 0 1
    outer loop
      vertex -36.27484797949738 6.541026485551579 14
      vertex -34.87441896094138 6.996053456856544 14
      vertex -35.61803398874989 6.902113032590307 14
    endloop
  endfacet
  facet normal 0 0 1
    outer loop
      vertex -35.61803398874989 6.902113032590307 14
      vertex -34.87441896094138 6.996053456856544 14
      vertex -35.37476262917145 6.964574501457378 14
    endloop
  endfacet
  facet normal 0 0 1
    outer loop
      vertex -35.37476262917145 6.964574501457378 14
      vertex -34.87441896094138 6.996053456856544 14
      vertex -35.12558103905862 6.996053456856544 14
    endloop
  endfacet
  facet normal 0 0 1
    outer loop
      vertex -34.87441896094138 6.996053456856544 14
      vertex -22.613022935152763 1.7964481111708888 14
      vertex -22.386977064847237 1.7964481111708888 14
    endloop
  endfacet
  facet normal 0 0 1
    outer loop
      vertex -34.87441896094138 6.996053456856544 14
      vertex -22.386977064847237 1.7964481111708888 14
      vertex -22.162713633745696 1.7681170513116398 14
    endloop
  endfacet
  facet normal 0 0 1
    outer loop
      vertex -34.87441896094138 6.996053456856544 14
      vertex -22.162713633745696 1.7681170513116398 14
      vertex -1.004305231718579 3.090933677959249 14
    endloop
  endfacet
  facet normal 0 1 0
    outer loop
      vertex -34.87441896094138 6.996053456856544 14
      vertex -17.369148039119587 6.996053456856544 9.224778094268238
      vertex -17.62930523171858 6.996053456856544 8.910302069950538
    endloop
  endfacet
  facet normal 0 1 0
    outer loop
      vertex -34.87441896094138 6.996053456856544 14
      vertex -17.07162796668324 6.996053456856544 9.504168039021316
      vertex -17.369148039119587 6.996053456856544 9.224778094268238
    endloop
  endfacet
  facet normal 0 1 0
    outer loop
      vertex -34.87441896094138 6.996053456856544 14
      vertex -16.74143708368174 6.996053456856544 9.744065757881549
      vertex -17.07162796668324 6.996053456856544 9.504168039021316
    endloop
  endfacet
  facet normal 0 1 0
    outer loop
      vertex -34.87441896094138 6.996053456856544 14
      vertex -16.383782697586486 6.996053456856544 9.940687920514563
      vertex -16.74143708368174 6.996053456856544 9.744065757881549
    endloop
  endfacet
  facet normal 0 1 0
    outer loop
      vertex -34.87441896094138 6.996053456856544 14
      vertex -16.00430523171858 6.996053456856544 10.09093367795925
      vertex -16.383782697586486 6.996053456856544 9.940687920514563
    endloop
  endfacet
  facet normal 0 1 0
    outer loop
      vertex -34.87441896094138 6.996053456856544 14
      vertex -15.608989272403605 6.996053456856544 10.192433564868239
      vertex -16.00430523171858 6.996053456856544 10.09093367795925
    endloop
  endfacet
  facet normal 0 1 0
    outer loop
      vertex -34.87441896094138 6.996053456856544 14
      vertex -15.204069188470267 6.996053456856544 10.243586867391883
      vertex -15.608989272403605 6.996053456856544 10.192433564868239
    endloop
  endfacet
  facet normal 0 0 1
    outer loop
      vertex -20.7 0 14
      vertex -3.224372779272053 0.40733300908398823 14
      vertex -20.71419353763394 0.22559982041574766 14
    endloop
  endfacet
  facet normal 0 0 1
    outer loop
      vertex -20.71419353763394 0.22559982041574766 14
      vertex -3.224372779272053 0.40733300908398823 14
      vertex -20.756550309968464 0.44764179689673866 14
    endloop
  endfacet
  facet normal 0 0 1
    outer loop
      vertex -20.756550309968464 0.44764179689673866 14
      vertex -3.147895273668051 0.8082421332857783 14
      vertex -20.826402325401148 0.6626241948324204 14
    endloop
  endfacet
  facet normal 0 0 1
    outer loop
      vertex -20.826402325401148 0.6626241948324204 14
      vertex -3.021773579136817 1.1964047962252031 14
      vertex -20.922647975921045 0.8671566133830876 14
    endloop
  endfacet
  facet normal 0 0 1
    outer loop
      vertex -20.922647975921045 0.8671566133830876 14
      vertex -2.8479967101425565 1.5656994408305749 14
      vertex -21.043769410125094 1.0580134541264516 14
    endloop
  endfacet
  facet normal 0 0 1
    outer loop
      vertex -21.043769410125094 1.0580134541264516 14
      vertex -2.629305231718579 1.9103020699505378 14
      vertex -21.18785647064146 1.2321847906716397 14
    endloop
  endfacet
  facet normal 0 0 1
    outer loop
      vertex -21.352636818452357 1.3869238369964205 14
      vertex -21.18785647064146 1.2321847906716397 14
      vertex -2.369148039119588 2.224778094268238 14
    endloop
  endfacet
  facet normal 0 0 1
    outer loop
      vertex -21.535511769037807 1.519790265903627 14
      vertex -21.352636818452357 1.3869238369964205 14
      vertex -2.0716279666832413 2.5041680390213155 14
    endloop
  endfacet
  facet normal 0 0 1
    outer loop
      vertex -21.73359727518287 1.628688694438835 14
      vertex -21.535511769037807 1.519790265903627 14
      vertex -1.7414370836817394 2.7440657578815486 14
    endloop
  endfacet
  facet normal 0 0 1
    outer loop
      vertex -21.943769410125096 1.7119017293312764 14
      vertex -21.73359727518287 1.628688694438835 14
      vertex -1.3837826975864864 2.9406879205145633 14
    endloop
  endfacet
  facet normal 0 0 1
    outer loop
      vertex -22.162713633745696 1.7681170513116398 14
      vertex -21.943769410125096 1.7119017293312764 14
      vertex -1.004305231718579 3.090933677959249 14
    endloop
  endfacet
  facet normal 0 0 1
    outer loop
      vertex -20.7 0 14
      vertex -3.25 0 14
      vertex -3.224372779272053 0.40733300908398823 14
    endloop
  endfacet
  facet normal 0 0 1
    outer loop
      vertex -3.147895273668051 0.8082421332857783 14
      vertex -20.756550309968464 0.44764179689673866 14
      vertex -3.224372779272053 0.40733300908398823 14
    endloop
  endfacet
  facet normal 0 0 1
    outer loop
      vertex -3.021773579136817 1.1964047962252031 14
      vertex -20.826402325401148 0.6626241948324204 14
      vertex -3.147895273668051 0.8082421332857783 14
    endloop
  endfacet
  facet normal 0 0 1
    outer loop
      vertex -2.8479967101425565 1.5656994408305749 14
      vertex -20.922647975921045 0.8671566133830876 14
      vertex -3.021773579136817 1.1964047962252031 14
    endloop
  endfacet
  facet normal 0 0 1
    outer loop
      vertex -2.629305231718579 1.9103020699505378 14
      vertex -21.043769410125094 1.0580134541264516 14
      vertex -2.8479967101425565 1.5656994408305749 14
    endloop
  endfacet
  facet normal 0 0 1
    outer loop
      vertex -2.369148039119588 2.224778094268238 14
      vertex -21.18785647064146 1.2321847906716397 14
      vertex -2.629305231718579 1.9103020699505378 14
    endloop
  endfacet
  facet normal 0 0 1
    outer loop
      vertex -21.352636818452357 1.3869238369964205 14
      vertex -2.369148039119588 2.224778094268238 14
      vertex -2.0716279666832413 2.5041680390213155 14
    endloop
  endfacet
  facet normal 0 0 1
    outer loop
      vertex -21.535511769037807 1.519790265903627 14
      vertex -2.0716279666832413 2.5041680390213155 14
      vertex -1.7414370836817394 2.7440657578815486 14
    endloop
  endfacet
  facet normal 0 0 1
    outer loop
      vertex -21.73359727518287 1.628688694438835 14
      vertex -1.7414370836817394 2.7440657578815486 14
      vertex -1.3837826975864864 2.9406879205145633 14
    endloop
  endfacet
  facet normal 0 0 1
    outer loop
      vertex -21.943769410125096 1.7119017293312764 14
      vertex -1.3837826975864864 2.9406879205145633 14
      vertex -1.004305231718579 3.090933677959249 14
    endloop
  endfacet
  facet normal 0 1 0
    outer loop
      vertex -9.3 6.996053456856544 7
      vertex -11.75 6.996053456856544 7
      vertex -11.775627220727948 6.996053456856544 7.407333009083989
    endloop
  endfacet
  facet normal 0 1 0
    outer loop
      vertex -11.775627220727948 6.996053456856544 7.407333009083989
      vertex -9.285806462366061 6.996053456856544 7.225599820415748
      vertex -9.3 6.996053456856544 7
    endloop
  endfacet
  facet normal 0 1 0
    outer loop
      vertex -11.775627220727948 6.996053456856544 7.407333009083989
      vertex -11.852104726331948 6.996053456856544 7.808242133285778
      vertex -9.285806462366061 6.996053456856544 7.225599820415748
    endloop
  endfacet
  facet normal 0 1 0
    outer loop
      vertex -9.243449690031536 6.996053456856544 7.447641796896739
      vertex -9.285806462366061 6.996053456856544 7.225599820415748
      vertex -11.852104726331948 6.996053456856544 7.808242133285778
    endloop
  endfacet
  facet normal 0 1 0
    outer loop
      vertex -11.852104726331948 6.996053456856544 7.808242133285778
      vertex -9.173597674598852 6.996053456856544 7.6626241948324205
      vertex -9.243449690031536 6.996053456856544 7.447641796896739
    endloop
  endfacet
  facet normal 0 1 0
    outer loop
      vertex -11.852104726331948 6.996053456856544 7.808242133285778
      vertex -11.978226420863184 6.996053456856544 8.196404796225202
      vertex -9.173597674598852 6.996053456856544 7.6626241948324205
    endloop
  endfacet
  facet normal 0 1 0
    outer loop
      vertex -11.978226420863184 6.996053456856544 8.196404796225202
      vertex -12.152003289857443 6.996053456856544 8.565699440830574
      vertex -9.077352024078955 6.996053456856544 7.867156613383088
    endloop
  endfacet
  facet normal 0 1 0
    outer loop
      vertex -9.077352024078955 6.996053456856544 7.867156613383088
      vertex -9.173597674598852 6.996053456856544 7.6626241948324205
      vertex -11.978226420863184 6.996053456856544 8.196404796225202
    endloop
  endfacet
  facet normal 0 1 0
    outer loop
      vertex -8.956230589874906 6.996053456856544 8.058013454126451
      vertex -9.077352024078955 6.996053456856544 7.867156613383088
      vertex -12.152003289857443 6.996053456856544 8.565699440830574
    endloop
  endfacet
  facet normal 0 1 0
    outer loop
      vertex -12.152003289857443 6.996053456856544 8.565699440830574
      vertex -8.812143529358542 6.996053456856544 8.232184790671639
      vertex -8.956230589874906 6.996053456856544 8.058013454126451
    endloop
  endfacet
  facet normal 0 1 0
    outer loop
      vertex -12.152003289857443 6.996053456856544 8.565699440830574
      vertex -12.370694768281421 6.996053456856544 8.910302069950538
      vertex -8.812143529358542 6.996053456856544 8.232184790671639
    endloop
  endfacet
  facet normal 0 1 0
    outer loop
      vertex -8.812143529358542 6.996053456856544 8.232184790671639
      vertex -12.370694768281421 6.996053456856544 8.910302069950538
      vertex -8.647363181547641 6.996053456856544 8.38692383699642
    endloop
  endfacet
  facet normal 0 1 0
    outer loop
      vertex -8.647363181547641 6.996053456856544 8.38692383699642
      vertex -12.630851960880413 6.996053456856544 9.224778094268238
      vertex -8.464488230962194 6.996053456856544 8.519790265903627
    endloop
  endfacet
  facet normal 0 1 0
    outer loop
      vertex -13.616217302413514 6.996053456856544 9.940687920514563
      vertex -7.837286366254304 6.996053456856544 8.76811705131164
      vertex -13.258562916318262 6.996053456856544 9.744065757881549
    endloop
  endfacet
  facet normal 0 1 0
    outer loop
      vertex -12.370694768281421 6.996053456856544 8.910302069950538
      vertex -12.630851960880413 6.996053456856544 9.224778094268238
      vertex -8.647363181547641 6.996053456856544 8.38692383699642
    endloop
  endfacet
  facet normal 0 1 0
    outer loop
      vertex -8.26640272481713 6.996053456856544 8.628688694438836
      vertex -12.630851960880413 6.996053456856544 9.224778094268238
      vertex -12.928372033316759 6.996053456856544 9.504168039021314
    endloop
  endfacet
  facet normal 0 1 0
    outer loop
      vertex -8.464488230962194 6.996053456856544 8.519790265903627
      vertex -12.630851960880413 6.996053456856544 9.224778094268238
      vertex -8.26640272481713 6.996053456856544 8.628688694438836
    endloop
  endfacet
  facet normal 0 1 0
    outer loop
      vertex -13.258562916318262 6.996053456856544 9.744065757881549
      vertex -8.056230589874906 6.996053456856544 8.711901729331277
      vertex -8.26640272481713 6.996053456856544 8.628688694438836
    endloop
  endfacet
  facet normal 0 1 0
    outer loop
      vertex -13.258562916318262 6.996053456856544 9.744065757881549
      vertex -7.837286366254304 6.996053456856544 8.76811705131164
      vertex -8.056230589874906 6.996053456856544 8.711901729331277
    endloop
  endfacet
  facet normal 0 1 0
    outer loop
      vertex -13.616217302413514 6.996053456856544 9.940687920514563
      vertex -7.613022935152764 6.996053456856544 8.79644811117089
      vertex -7.837286366254304 6.996053456856544 8.76811705131164
    endloop
  endfacet
  facet normal 0 1 0
    outer loop
      vertex -7.613022935152764 6.996053456856544 8.79644811117089
      vertex -13.616217302413514 6.996053456856544 9.940687920514563
      vertex -7.386977064847236 6.996053456856544 8.79644811117089
    endloop
  endfacet
  facet normal 0 1 0
    outer loop
      vertex -13.258562916318262 6.996053456856544 9.744065757881549
      vertex -8.26640272481713 6.996053456856544 8.628688694438836
      vertex -12.928372033316759 6.996053456856544 9.504168039021314
    endloop
  endfacet
  facet normal 0 1 0
    outer loop
      vertex -6.733597275182869 6.996053456856544 8.628688694438836
      vertex 13.25856291631826 6.996053456856544 9.744065757881549
      vertex -6.5355117690378055 6.996053456856544 8.519790265903627
    endloop
  endfacet
  facet normal 0 1 0
    outer loop
      vertex -6.943769410125094 6.996053456856544 8.711901729331277
      vertex 13.616217302413514 6.996053456856544 9.940687920514563
      vertex -6.733597275182869 6.996053456856544 8.628688694438836
    endloop
  endfacet
  facet normal 0 1 0
    outer loop
      vertex -7.386977064847236 6.996053456856544 8.79644811117089
      vertex 13.995694768281421 6.996053456856544 10.09093367795925
      vertex -7.162713633745696 6.996053456856544 8.76811705131164
    endloop
  endfacet
  facet normal 0 1 0
    outer loop
      vertex -7.162713633745696 6.996053456856544 8.76811705131164
      vertex 13.995694768281421 6.996053456856544 10.09093367795925
      vertex -6.943769410125094 6.996053456856544 8.711901729331277
    endloop
  endfacet
  facet normal 0 1 0
    outer loop
      vertex -13.616217302413514 6.996053456856544 9.940687920514563
      vertex 14.391010727596395 6.996053456856544 10.192433564868239
      vertex -7.386977064847236 6.996053456856544 8.79644811117089
    endloop
  endfacet
  facet normal 0 0 1
    outer loop
      vertex -34.87441896094138 6.996053456856544 14
      vertex -1.004305231718579 3.090933677959249 14
      vertex -0.6089892724036049 3.1924335648682383 14
    endloop
  endfacet
  facet normal 0 0 1
    outer loop
      vertex -34.87441896094138 6.996053456856544 14
      vertex -0.6089892724036049 3.1924335648682383 14
      vertex -0.20406918847026814 3.2435868673918824 14
    endloop
  endfacet
  facet normal 0 1 0
    outer loop
      vertex -34.87441896094138 6.996053456856544 14
      vertex 35.12558103905862 6.996053456856544 14
      vertex -15.204069188470267 6.996053456856544 10.243586867391883
    endloop
  endfacet
  facet normal 0 0 -1
    outer loop
      vertex -35.12558103905863 -6.996053456856544 0
      vertex -0.20406918847026972 -3.2435868673918824 0
      vertex 35.37476262917145 -6.964574501457378 0
    endloop
  endfacet
  facet normal 0 -1 0
    outer loop
      vertex 35.12558103905863 -6.996053456856544 0
      vertex -14.79593081152973 -6.996053456856544 3.7564131326081176
      vertex -15.20406918847027 -6.996053456856544 3.7564131326081176
    endloop
  endfacet
  facet normal 0 -1 0
    outer loop
      vertex 35.12558103905863 -6.996053456856544 0
      vertex -14.391010727596395 -6.996053456856544 3.807566435131762
      vertex -14.79593081152973 -6.996053456856544 3.7564131326081176
    endloop
  endfacet
  facet normal 0 -1 0
    outer loop
      vertex 35.12558103905863 -6.996053456856544 0
      vertex -13.995694768281421 -6.996053456856544 3.909066322040751
      vertex -14.391010727596395 -6.996053456856544 3.807566435131762
    endloop
  endfacet
  facet normal 0 -1 0
    outer loop
      vertex 35.12558103905863 -6.996053456856544 0
      vertex -13.616217302413514 -6.996053456856544 4.059312079485436
      vertex -13.995694768281421 -6.996053456856544 3.909066322040751
    endloop
  endfacet
  facet normal 0 0 -1
    outer loop
      vertex -35.12558103905863 -6.996053456856544 0
      vertex 35.37476262917145 -6.964574501457378 0
      vertex 35.12558103905863 -6.996053456856544 0
    endloop
  endfacet
  facet normal 0 -1 0
    outer loop
      vertex 35.12558103905863 -6.996053456856544 0
      vertex 14.391010727596395 -6.996053456856544 3.807566435131762
      vertex -13.616217302413514 -6.996053456856544 4.059312079485436
    endloop
  endfacet
  facet normal 0 0 -1
    outer loop
      vertex 35.37476262917145 -6.964574501457378 0
      vertex -0.20406918847026972 -3.2435868673918824 0
      vertex 0.20406918847026972 -3.2435868673918824 0
    endloop
  endfacet
  facet normal 0 0 -1
    outer loop
      vertex 35.37476262917145 -6.964574501457378 0
      vertex 0.20406918847026972 -3.2435868673918824 0
      vertex 0.6089892724036057 -3.192433564868238 0
    endloop
  endfacet
  facet normal 0 0 -1
    outer loop
      vertex 35.37476262917145 -6.964574501457378 0
      vertex 0.6089892724036057 -3.192433564868238 0
      vertex 1.004305231718579 -3.090933677959249 0
    endloop
  endfacet
  facet normal 0 0 -1
    outer loop
      vertex 35.37476262917145 -6.964574501457378 0
      vertex 1.004305231718579 -3.090933677959249 0
      vertex 1.3837826975864855 -2.9406879205145637 0
    endloop
  endfacet
  facet normal 0 0 -1
    outer loop
      vertex 35.37476262917145 -6.964574501457378 0
      vertex 1.3837826975864855 -2.9406879205145637 0
      vertex 7.386977064847235 -1.7964481111708888 0
    endloop
  endfacet
  facet normal 0 0 -1
    outer loop
      vertex 35.37476262917145 -6.964574501457378 0
      vertex 7.386977064847235 -1.7964481111708888 0
      vertex 7.613022935152765 -1.7964481111708888 0
    endloop
  endfacet
  facet normal 0 0 -1
    outer loop
      vertex 35.37476262917145 -6.964574501457378 0
      vertex 7.613022935152765 -1.7964481111708888 0
      vertex 7.837286366254305 -1.7681170513116395 0
    endloop
  endfacet
  facet normal 0 -1 0
    outer loop
      vertex 12.928372033316759 -6.996053456856544 4.495831960978684
      vertex -6.352636818452358 -6.996053456856544 5.61307616300358
      vertex -6.535511769037807 -6.996053456856544 5.4802097340963725
    endloop
  endfacet
  facet normal 0 -1 0
    outer loop
      vertex -7.386977064847235 -6.996053456856544 5.203551888829111
      vertex 14.391010727596395 -6.996053456856544 3.807566435131762
      vertex 13.995694768281421 -6.996053456856544 3.909066322040751
    endloop
  endfacet
  facet normal 0 -1 0
    outer loop
      vertex -6.943769410125094 -6.996053456856544 5.288098270668724
      vertex 13.995694768281421 -6.996053456856544 3.909066322040751
      vertex 13.616217302413514 -6.996053456856544 4.059312079485436
    endloop
  endfacet
  facet normal 0 -1 0
    outer loop
      vertex -6.73359727518287 -6.996053456856544 5.371311305561164
      vertex 13.616217302413514 -6.996053456856544 4.059312079485436
      vertex 13.25856291631826 -6.996053456856544 4.255934242118451
    endloop
  endfacet
  facet normal 0 -1 0
    outer loop
      vertex 12.928372033316759 -6.996053456856544 4.495831960978684
      vertex -6.535511769037807 -6.996053456856544 5.4802097340963725
      vertex 13.25856291631826 -6.996053456856544 4.255934242118451
    endloop
  endfacet
  facet normal 0 -1 0
    outer loop
      vertex 12.928372033316759 -6.996053456856544 4.495831960978684
      vertex -6.187856470641459 -6.996053456856544 5.767815209328361
      vertex -6.352636818452358 -6.996053456856544 5.61307616300358
    endloop
  endfacet
  facet normal 0 -1 0
    outer loop
      vertex 12.928372033316759 -6.996053456856544 4.495831960978684
      vertex -6.043769410125094 -6.996053456856544 5.941986545873548
      vertex -6.187856470641459 -6.996053456856544 5.767815209328361
    endloop
  endfacet
  facet normal 0 -1 0
    outer loop
      vertex 12.928372033316759 -6.996053456856544 4.495831960978684
      vertex -5.922647975921046 -6.996053456856544 6.132843386616912
      vertex -6.043769410125094 -6.996053456856544 5.941986545873548
    endloop
  endfacet
  facet normal 0 -1 0
    outer loop
      vertex 12.928372033316759 -6.996053456856544 4.495831960978684
      vertex -5.826402325401148 -6.996053456856544 6.337375805167579
      vertex -5.922647975921046 -6.996053456856544 6.132843386616912
    endloop
  endfacet
  facet normal 0 -1 0
    outer loop
      vertex 12.928372033316759 -6.996053456856544 4.495831960978684
      vertex -5.756550309968464 -6.996053456856544 6.552358203103262
      vertex -5.826402325401148 -6.996053456856544 6.337375805167579
    endloop
  endfacet
  facet normal 0 -1 0
    outer loop
      vertex 12.928372033316759 -6.996053456856544 4.495831960978684
      vertex -5.71419353763394 -6.996053456856544 6.774400179584252
      vertex -5.756550309968464 -6.996053456856544 6.552358203103262
    endloop
  endfacet
  facet normal 0 -1 0
    outer loop
      vertex 12.928372033316759 -6.996053456856544 4.495831960978684
      vertex -5.7 -6.996053456856544 7
      vertex -5.71419353763394 -6.996053456856544 6.774400179584252
    endloop
  endfacet
  facet normal 0 -1 0
    outer loop
      vertex 12.928372033316759 -6.996053456856544 4.495831960978684
      vertex -5.71419353763394 -6.996053456856544 7.225599820415748
      vertex -5.7 -6.996053456856544 7
    endloop
  endfacet
  facet normal 0 -1 0
    outer loop
      vertex 12.928372033316759 -6.996053456856544 4.495831960978684
      vertex -5.756550309968464 -6.996053456856544 7.447641796896739
      vertex -5.71419353763394 -6.996053456856544 7.225599820415748
    endloop
  endfacet
  facet normal 0 -1 0
    outer loop
      vertex 12.928372033316759 -6.996053456856544 4.495831960978684
      vertex -5.826402325401148 -6.996053456856544 7.6626241948324205
      vertex -5.756550309968464 -6.996053456856544 7.447641796896739
    endloop
  endfacet
  facet normal 0 -1 0
    outer loop
      vertex 12.928372033316759 -6.996053456856544 4.495831960978684
      vertex -5.922647975921046 -6.996053456856544 7.867156613383088
      vertex -5.826402325401148 -6.996053456856544 7.6626241948324205
    endloop
  endfacet
  facet normal 0 -1 0
    outer loop
      vertex 12.928372033316759 -6.996053456856544 4.495831960978684
      vertex -6.043769410125094 -6.996053456856544 8.058013454126451
      vertex -5.922647975921046 -6.996053456856544 7.867156613383088
    endloop
  endfacet
  facet normal 0 -1 0
    outer loop
      vertex 12.928372033316759 -6.996053456856544 4.495831960978684
      vertex -6.187856470641459 -6.996053456856544 8.23218479067164
      vertex -6.043769410125094 -6.996053456856544 8.058013454126451
    endloop
  endfacet
  facet normal 0 -1 0
    outer loop
      vertex -6.187856470641459 -6.996053456856544 8.23218479067164
      vertex 12.928372033316759 -6.996053456856544 4.495831960978684
      vertex 12.630851960880412 -6.996053456856544 4.775221905731762
    endloop
  endfacet
  facet normal 0 -1 0
    outer loop
      vertex -6.187856470641459 -6.996053456856544 8.23218479067164
      vertex 12.630851960880412 -6.996053456856544 4.775221905731762
      vertex 12.370694768281421 -6.996053456856544 5.0896979300494625
    endloop
  endfacet
  facet normal 0 -1 0
    outer loop
      vertex -6.187856470641459 -6.996053456856544 8.23218479067164
      vertex 12.370694768281421 -6.996053456856544 5.0896979300494625
      vertex 12.152003289857443 -6.996053456856544 5.434300559169425
    endloop
  endfacet
  facet normal 0 -1 0
    outer loop
      vertex -6.187856470641459 -6.996053456856544 8.23218479067164
      vertex 12.152003289857443 -6.996053456856544 5.434300559169425
      vertex 11.978226420863184 -6.996053456856544 5.803595203774797
    endloop
  endfacet
  facet normal 0 -1 0
    outer loop
      vertex -6.187856470641459 -6.996053456856544 8.23218479067164
      vertex 11.978226420863184 -6.996053456856544 5.803595203774797
      vertex 11.852104726331948 -6.996053456856544 6.191757866714221
    endloop
  endfacet
  facet normal 0 -1 0
    outer loop
      vertex 15.608989272403605 -6.996053456856544 3.807566435131762
      vertex 22.613022935152763 -6.996053456856544 5.203551888829111
      vertex 16.00430523171858 -6.996053456856544 3.909066322040751
    endloop
  endfacet
  facet normal 0 -1 0
    outer loop
      vertex 16.00430523171858 -6.996053456856544 3.909066322040751
      vertex 22.613022935152763 -6.996053456856544 5.203551888829111
      vertex 16.383782697586486 -6.996053456856544 4.059312079485436
    endloop
  endfacet
  facet normal 0 0 -1
    outer loop
      vertex 1.3837826975864855 -2.9406879205145637 0
      vertex 1.7414370836817377 -2.7440657578815495 0
      vertex 7.386977064847235 -1.7964481111708888 0
    endloop
  endfacet
  facet normal 0 0 -1
    outer loop
      vertex 1.7414370836817377 -2.7440657578815495 0
      vertex 2.0716279666832422 -2.504168039021314 0
      vertex 7.162713633745695 -1.7681170513116395 0
    endloop
  endfacet
  facet normal 0 0 -1
    outer loop
      vertex 2.0716279666832422 -2.504168039021314 0
      vertex 2.369148039119588 -2.224778094268238 0
      vertex 6.73359727518287 -1.6286886944388352 0
    endloop
  endfacet
  facet normal 0 0 -1
    outer loop
      vertex 2.369148039119588 -2.224778094268238 0
      vertex 2.629305231718579 -1.9103020699505378 0
      vertex 6.5355117690378055 -1.5197902659036269 0
    endloop
  endfacet
  facet normal 0 0 -1
    outer loop
      vertex 7.162713633745695 -1.7681170513116395 0
      vertex 7.386977064847235 -1.7964481111708888 0
      vertex 1.7414370836817377 -2.7440657578815495 0
    endloop
  endfacet
  facet normal 0 0 -1
    outer loop
      vertex 6.943769410125094 -1.7119017293312764 0
      vertex 7.162713633745695 -1.7681170513116395 0
      vertex 2.0716279666832422 -2.504168039021314 0
    endloop
  endfacet
  facet normal 0 0 -1
    outer loop
      vertex 2.0716279666832422 -2.504168039021314 0
      vertex 6.73359727518287 -1.6286886944388352 0
      vertex 6.943769410125094 -1.7119017293312764 0
    endloop
  endfacet
  facet normal 0 0 -1
    outer loop
      vertex 2.369148039119588 -2.224778094268238 0
      vertex 6.5355117690378055 -1.5197902659036269 0
      vertex 6.73359727518287 -1.6286886944388352 0
    endloop
  endfacet
  facet normal 0 0 -1
    outer loop
      vertex 2.8479967101425565 -1.5656994408305749 0
      vertex 6.187856470641459 -1.2321847906716394 0
      vertex 2.629305231718579 -1.9103020699505378 0
    endloop
  endfacet
  facet normal 0 0 -1
    outer loop
      vertex 3.0217735791368163 -1.1964047962252047 0
      vertex 6.043769410125094 -1.0580134541264516 0
      vertex 2.8479967101425565 -1.5656994408305749 0
    endloop
  endfacet
  facet normal 0 0 -1
    outer loop
      vertex 3.1478952736680514 -0.8082421332857769 0
      vertex 5.922647975921046 -0.8671566133830877 0
      vertex 3.0217735791368163 -1.1964047962252047 0
    endloop
  endfacet
  facet normal 0 0 -1
    outer loop
      vertex 3.224372779272053 -0.40733300908398823 0
      vertex 5.826402325401148 -0.6626241948324202 0
      vertex 3.1478952736680514 -0.8082421332857769 0
    endloop
  endfacet
  facet normal 0 0 -1
    outer loop
      vertex 5.71419353763394 -0.22559982041574733 0
      vertex 3.224372779272053 -0.40733300908398823 0
      vertex 3.25 0 0
    endloop
  endfacet
  facet normal 0 0 -1
    outer loop
      vertex 6.352636818452359 -1.386923836996421 0
      vertex 6.5355117690378055 -1.5197902659036269 0
      vertex 2.629305231718579 -1.9103020699505378 0
    endloop
  endfacet
  facet normal 0 0 -1
    outer loop
      vertex 2.629305231718579 -1.9103020699505378 0
      vertex 6.187856470641459 -1.2321847906716394 0
      vertex 6.352636818452359 -1.386923836996421 0
    endloop
  endfacet
  facet normal 0 0 -1
    outer loop
      vertex 6.187856470641459 -1.2321847906716394 0
      vertex 2.8479967101425565 -1.5656994408305749 0
      vertex 6.043769410125094 -1.0580134541264516 0
    endloop
  endfacet
  facet normal 0 0 -1
    outer loop
      vertex 6.043769410125094 -1.0580134541264516 0
      vertex 3.0217735791368163 -1.1964047962252047 0
      vertex 5.922647975921046 -0.8671566133830877 0
    endloop
  endfacet
  facet normal 0 0 -1
    outer loop
      vertex 3.1478952736680514 -0.8082421332857769 0
      vertex 5.826402325401148 -0.6626241948324202 0
      vertex 5.922647975921046 -0.8671566133830877 0
    endloop
  endfacet
  facet normal 0 0 -1
    outer loop
      vertex 3.224372779272053 -0.40733300908398823 0
      vertex 5.756550309968464 -0.4476417968967387 0
      vertex 5.826402325401148 -0.6626241948324202 0
    endloop
  endfacet
  facet normal 0 0 -1
    outer loop
      vertex 3.224372779272053 -0.40733300908398823 0
      vertex 5.71419353763394 -0.22559982041574733 0
      vertex 5.756550309968464 -0.4476417968967387 0
    endloop
  endfacet
  facet normal 0 0 -1
    outer loop
      vertex 5.71419353763394 -0.22559982041574733 0
      vertex 3.25 0 0
      vertex 5.7 0 0
    endloop
  endfacet
  facet normal 0 0 -1
    outer loop
      vertex 7.837286366254305 -1.7681170513116395 0
      vertex 8.056230589874906 -1.7119017293312764 0
      vertex 28.99569476828142 -3.090933677959249 0
    endloop
  endfacet
  facet normal 0 0 -1
    outer loop
      vertex 8.056230589874906 -1.7119017293312764 0
      vertex 8.26640272481713 -1.6286886944388352 0
      vertex 28.616217302413514 -2.9406879205145637 0
    endloop
  endfacet
  facet normal 0 0 -1
    outer loop
      vertex 8.26640272481713 -1.6286886944388352 0
      vertex 8.464488230962193 -1.5197902659036275 0
      vertex 28.25856291631826 -2.7440657578815486 0
    endloop
  endfacet
  facet normal 0 0 -1
    outer loop
      vertex 8.464488230962193 -1.5197902659036275 0
      vertex 8.647363181547641 -1.3869238369964203 0
      vertex 27.92837203331676 -2.5041680390213155 0
    endloop
  endfacet
  facet normal 0 0 -1
    outer loop
      vertex 8.647363181547641 -1.3869238369964203 0
      vertex 8.812143529358542 -1.2321847906716394 0
      vertex 27.630851960880413 -2.224778094268238 0
    endloop
  endfacet
  facet normal 0 0 -1
    outer loop
      vertex 8.812143529358542 -1.2321847906716394 0
      vertex 8.956230589874906 -1.0580134541264516 0
      vertex 27.37069476828142 -1.9103020699505378 0
    endloop
  endfacet
  facet normal 0 0 -1
    outer loop
      vertex 9.077352024078955 -0.8671566133830877 0
      vertex 27.152003289857443 -1.5656994408305749 0
      vertex 8.956230589874906 -1.0580134541264516 0
    endloop
  endfacet
  facet normal 0 0 -1
    outer loop
      vertex 9.173597674598852 -0.6626241948324211 0
      vertex 26.978226420863184 -1.1964047962252031 0
      vertex 9.077352024078955 -0.8671566133830877 0
    endloop
  endfacet
  facet normal 0 0 -1
    outer loop
      vertex 9.243449690031536 -0.447641796896738 0
      vertex 26.852104726331948 -0.8082421332857783 0
      vertex 9.173597674598852 -0.6626241948324211 0
    endloop
  endfacet
  facet normal 0 0 -1
    outer loop
      vertex 9.285806462366061 -0.22559982041574733 0
      vertex 26.775627220727948 -0.40733300908398823 0
      vertex 9.243449690031536 -0.447641796896738 0
    endloop
  endfacet
  facet normal 0 0 -1
    outer loop
      vertex 26.775627220727948 -0.40733300908398823 0
      vertex 9.285806462366061 -0.22559982041574733 0
      vertex 9.3 0 0
    endloop
  endfacet
  facet normal 0 -1 0
    outer loop
      vertex 35.12558103905863 -6.996053456856544 0
      vertex 15.20406918847027 -6.996053456856544 3.7564131326081176
      vertex 14.79593081152973 -6.996053456856544 3.7564131326081176
    endloop
  endfacet
  facet normal 0 -1 0
    outer loop
      vertex 35.12558103905863 -6.996053456856544 0
      vertex 14.79593081152973 -6.996053456856544 3.7564131326081176
      vertex 14.391010727596395 -6.996053456856544 3.807566435131762
    endloop
  endfacet
  facet normal 0 -1 0
    outer loop
      vertex 35.12558103905863 -6.996053456856544 0
      vertex 15.608989272403605 -6.996053456856544 3.807566435131762
      vertex 15.20406918847027 -6.996053456856544 3.7564131326081176
    endloop
  endfacet
  facet normal 0 -1 0
    outer loop
      vertex 35.12558103905863 -6.996053456856544 0
      vertex 22.613022935152763 -6.996053456856544 5.203551888829111
      vertex 15.608989272403605 -6.996053456856544 3.807566435131762
    endloop
  endfacet
  facet normal 0 -1 0
    outer loop
      vertex 35.12558103905863 -6.996053456856544 0
      vertex 22.837286366254304 -6.996053456856544 5.2318829486883605
      vertex 22.613022935152763 -6.996053456856544 5.203551888829111
    endloop
  endfacet
  facet normal 0 0 -1
    outer loop
      vertex 35.37476262917145 -6.964574501457378 0
      vertex 7.837286366254305 -1.7681170513116395 0
      vertex 28.99569476828142 -3.090933677959249 0
    endloop
  endfacet
  facet normal 0 0 -1
    outer loop
      vertex 35.37476262917145 -6.964574501457378 0
      vertex 35.85155858313014 -6.809654104932039 0
      vertex 35.61803398874989 -6.902113032590307 0
    endloop
  endfacet
  facet normal 0 0 -1
    outer loop
      vertex 35.37476262917145 -6.964574501457378 0
      vertex 36.457937254842825 -6.369094211857377 0
      vertex 35.85155858313014 -6.809654104932039 0
    endloop
  endfacet
  facet normal 0 0 -1
    outer loop
      vertex 35.85155858313014 -6.809654104932039 0
      vertex 36.27484797949738 -6.541026485551578 0
      vertex 36.07165358995799 -6.688655851004031 0
    endloop
  endfacet
  facet normal 0 0 -1
    outer loop
      vertex 35.85155858313014 -6.809654104932039 0
      vertex 36.457937254842825 -6.369094211857377 0
      vertex 36.27484797949738 -6.541026485551578 0
    endloop
  endfacet
  facet normal 0 0 -1
    outer loop
      vertex 35.37476262917145 -6.964574501457378 0
      vertex 36.984229402628955 -5.2506664671286085 0
      vertex 36.457937254842825 -6.369094211857377 0
    endloop
  endfacet
  facet normal 0 0 -1
    outer loop
      vertex 36.457937254842825 -6.369094211857377 0
      vertex 36.75261336008773 -5.96350734820343 0
      vertex 36.61803398874989 -6.175570504584947 0
    endloop
  endfacet
  facet normal 0 0 -1
    outer loop
      vertex 36.457937254842825 -6.369094211857377 0
      vertex 36.984229402628955 -5.2506664671286085 0
      vertex 36.75261336008773 -5.96350734820343 0
    endloop
  endfacet
  facet normal 0 0 -1
    outer loop
      vertex 36.75261336008773 -5.96350734820343 0
      vertex 36.93716632225726 -5.497379774329709 0
      vertex 36.8595529717765 -5.736249105369357 0
    endloop
  endfacet
  facet normal 0 0 -1
    outer loop
      vertex 36.75261336008773 -5.96350734820343 0
      vertex 36.984229402628955 -5.2506664671286085 0
      vertex 36.93716632225726 -5.497379774329709 0
    endloop
  endfacet
  facet normal 0 0 -1
    outer loop
      vertex 35.37476262917145 -6.964574501457378 0
      vertex 29.79593081152973 -3.2435868673918824 0
      vertex 30.20406918847027 -3.2435868673918824 0
    endloop
  endfacet
  facet normal 0 0 -1
    outer loop
      vertex 35.37476262917145 -6.964574501457378 0
      vertex 28.99569476828142 -3.090933677959249 0
      vertex 29.391010727596395 -3.192433564868238 0
    endloop
  endfacet
  facet normal 0 0 -1
    outer loop
      vertex 35.37476262917145 -6.964574501457378 0
      vertex 29.391010727596395 -3.192433564868238 0
      vertex 29.79593081152973 -3.2435868673918824 0
    endloop
  endfacet
  facet normal 0 0 -1
    outer loop
      vertex 35.37476262917145 -6.964574501457378 0
      vertex 30.20406918847027 -3.2435868673918824 0
      vertex 30.608989272403605 -3.192433564868238 0
    endloop
  endfacet
  facet normal 0 0 -1
    outer loop
      vertex 35.37476262917145 -6.964574501457378 0
      vertex 30.608989272403605 -3.192433564868238 0
      vertex 31.00430523171858 -3.090933677959249 0
    endloop
  endfacet
  facet normal 0 0 -1
    outer loop
      vertex 35.37476262917145 -6.964574501457378 0
      vertex 31.00430523171858 -3.090933677959249 0
      vertex 31.383782697586486 -2.9406879205145637 0
    endloop
  endfacet
  facet normal 0 0 -1
    outer loop
      vertex 35.37476262917145 -6.964574501457378 0
      vertex 31.383782697586486 -2.9406879205145637 0
      vertex 31.74143708368174 -2.7440657578815495 0
    endloop
  endfacet
  facet normal 0 0 -1
    outer loop
      vertex 35.37476262917145 -6.964574501457378 0
      vertex 31.74143708368174 -2.7440657578815495 0
      vertex 32.071627966683245 -2.504168039021314 0
    endloop
  endfacet
  facet normal 0 0 -1
    outer loop
      vertex 35.37476262917145 -6.964574501457378 0
      vertex 32.071627966683245 -2.504168039021314 0
      vertex 32.36914803911959 -2.224778094268238 0
    endloop
  endfacet
  facet normal 0 0 -1
    outer loop
      vertex 35.37476262917145 -6.964574501457378 0
      vertex 32.36914803911959 -2.224778094268238 0
      vertex 32.629305231718575 -1.9103020699505378 0
    endloop
  endfacet
  facet normal 0 -1 0
    outer loop
      vertex 16.383782697586486 -6.996053456856544 4.059312079485436
      vertex 22.613022935152763 -6.996053456856544 5.203551888829111
      vertex 16.74143708368174 -6.996053456856544 4.2559342421184505
    endloop
  endfacet
  facet normal 0 -1 0
    outer loop
      vertex 16.74143708368174 -6.996053456856544 4.2559342421184505
      vertex 22.162713633745696 -6.996053456856544 5.2318829486883605
      vertex 17.07162796668324 -6.996053456856544 4.495831960978686
    endloop
  endfacet
  facet normal 0 -1 0
    outer loop
      vertex 17.07162796668324 -6.996053456856544 4.495831960978686
      vertex 21.943769410125096 -6.996053456856544 5.288098270668724
      vertex 17.369148039119587 -6.996053456856544 4.775221905731762
    endloop
  endfacet
  facet normal 0 -1 0
    outer loop
      vertex 17.62930523171858 -6.996053456856544 5.0896979300494625
      vertex 17.369148039119587 -6.996053456856544 4.775221905731762
      vertex 21.35263681845236 -6.996053456856544 5.613076163003579
    endloop
  endfacet
  facet normal 0 -1 0
    outer loop
      vertex 16.74143708368174 -6.996053456856544 4.2559342421184505
      vertex 22.386977064847237 -6.996053456856544 5.203551888829111
      vertex 22.162713633745696 -6.996053456856544 5.2318829486883605
    endloop
  endfacet
  facet normal 0 -1 0
    outer loop
      vertex 22.386977064847237 -6.996053456856544 5.203551888829111
      vertex 16.74143708368174 -6.996053456856544 4.2559342421184505
      vertex 22.613022935152763 -6.996053456856544 5.203551888829111
    endloop
  endfacet
  facet normal 0 -1 0
    outer loop
      vertex 21.943769410125096 -6.996053456856544 5.288098270668724
      vertex 17.07162796668324 -6.996053456856544 4.495831960978686
      vertex 22.162713633745696 -6.996053456856544 5.2318829486883605
    endloop
  endfacet
  facet normal 0 -1 0
    outer loop
      vertex 17.369148039119587 -6.996053456856544 4.775221905731762
      vertex 21.73359727518287 -6.996053456856544 5.371311305561164
      vertex 21.535511769037807 -6.996053456856544 5.480209734096373
    endloop
  endfacet
  facet normal 0 -1 0
    outer loop
      vertex 17.369148039119587 -6.996053456856544 4.775221905731762
      vertex 21.943769410125096 -6.996053456856544 5.288098270668724
      vertex 21.73359727518287 -6.996053456856544 5.371311305561164
    endloop
  endfacet
  facet normal 0 -1 0
    outer loop
      vertex 35.12558103905863 -6.996053456856544 0
      vertex 23.056230589874904 -6.996053456856544 5.288098270668724
      vertex 22.837286366254304 -6.996053456856544 5.2318829486883605
    endloop
  endfacet
  facet normal 0 -1 0
    outer loop
      vertex 35.12558103905863 -6.996053456856544 0
      vertex 23.26640272481713 -6.996053456856544 5.371311305561164
      vertex 23.056230589874904 -6.996053456856544 5.288098270668724
    endloop
  endfacet
  facet normal 0 -1 0
    outer loop
      vertex 35.12558103905863 -6.996053456856544 0
      vertex 23.464488230962193 -6.996053456856544 5.4802097340963725
      vertex 23.26640272481713 -6.996053456856544 5.371311305561164
    endloop
  endfacet
  facet normal 0 -1 0
    outer loop
      vertex 35.12558103905863 -6.996053456856544 0
      vertex 23.647363181547643 -6.996053456856544 5.61307616300358
      vertex 23.464488230962193 -6.996053456856544 5.4802097340963725
    endloop
  endfacet
  facet normal 0 -1 0
    outer loop
      vertex 35.12558103905863 -6.996053456856544 0
      vertex 23.81214352935854 -6.996053456856544 5.767815209328361
      vertex 23.647363181547643 -6.996053456856544 5.61307616300358
    endloop
  endfacet
  facet normal 0 -1 0
    outer loop
      vertex 35.12558103905863 -6.996053456856544 0
      vertex 23.956230589874906 -6.996053456856544 5.941986545873548
      vertex 23.81214352935854 -6.996053456856544 5.767815209328361
    endloop
  endfacet
  facet normal 0 -1 0
    outer loop
      vertex 35.12558103905863 -6.996053456856544 0
      vertex 24.077352024078955 -6.996053456856544 6.132843386616912
      vertex 23.956230589874906 -6.996053456856544 5.941986545873548
    endloop
  endfacet
  facet normal 0 -1 0
    outer loop
      vertex 17.847996710142557 -6.996053456856544 5.434300559169425
      vertex 17.62930523171858 -6.996053456856544 5.0896979300494625
      vertex 21.18785647064146 -6.996053456856544 5.767815209328361
    endloop
  endfacet
  facet normal 0 -1 0
    outer loop
      vertex 21.35263681845236 -6.996053456856544 5.613076163003579
      vertex 17.369148039119587 -6.996053456856544 4.775221905731762
      vertex 21.535511769037807 -6.996053456856544 5.480209734096373
    endloop
  endfacet
  facet normal 0 -1 0
    outer loop
      vertex 21.18785647064146 -6.996053456856544 5.767815209328361
      vertex 17.62930523171858 -6.996053456856544 5.0896979300494625
      vertex 21.35263681845236 -6.996053456856544 5.613076163003579
    endloop
  endfacet
  facet normal 0 -1 0
    outer loop
      vertex 18.021773579136816 -6.996053456856544 5.803595203774796
      vertex 17.847996710142557 -6.996053456856544 5.434300559169425
      vertex 20.922647975921045 -6.996053456856544 6.132843386616912
    endloop
  endfacet
  facet normal 0 -1 0
    outer loop
      vertex 18.147895273668052 -6.996053456856544 6.191757866714223
      vertex 18.021773579136816 -6.996053456856544 5.803595203774796
      vertex 20.826402325401148 -6.996053456856544 6.3373758051675795
    endloop
  endfacet
  facet normal 0 -1 0
    outer loop
      vertex 17.847996710142557 -6.996053456856544 5.434300559169425
      vertex 21.18785647064146 -6.996053456856544 5.767815209328361
      vertex 21.043769410125094 -6.996053456856544 5.941986545873548
    endloop
  endfacet
  facet normal 0 -1 0
    outer loop
      vertex 21.043769410125094 -6.996053456856544 5.941986545873548
      vertex 20.922647975921045 -6.996053456856544 6.132843386616912
      vertex 17.847996710142557 -6.996053456856544 5.434300559169425
    endloop
  endfacet
  facet normal 0 -1 0
    outer loop
      vertex 20.922647975921045 -6.996053456856544 6.132843386616912
      vertex 20.826402325401148 -6.996053456856544 6.3373758051675795
      vertex 18.021773579136816 -6.996053456856544 5.803595203774796
    endloop
  endfacet
  facet normal 0 -1 0
    outer loop
      vertex 18.224372779272052 -6.996053456856544 6.592666990916012
      vertex 18.147895273668052 -6.996053456856544 6.191757866714223
      vertex 20.71419353763394 -6.996053456856544 6.774400179584252
    endloop
  endfacet
  facet normal 0 -1 0
    outer loop
      vertex 18.147895273668052 -6.996053456856544 6.191757866714223
      vertex 20.826402325401148 -6.996053456856544 6.3373758051675795
      vertex 20.756550309968464 -6.996053456856544 6.552358203103261
    endloop
  endfacet
  facet normal 0 -1 0
    outer loop
      vertex 20.756550309968464 -6.996053456856544 6.552358203103261
      vertex 20.71419353763394 -6.996053456856544 6.774400179584252
      vertex 18.147895273668052 -6.996053456856544 6.191757866714223
    endloop
  endfacet
  facet normal 0 -1 0
    outer loop
      vertex 20.7 -6.996053456856544 7
      vertex 18.25 -6.996053456856544 7
      vertex 18.224372779272052 -6.996053456856544 6.592666990916012
    endloop
  endfacet
  facet normal 0 -1 0
    outer loop
      vertex 18.224372779272052 -6.996053456856544 6.592666990916012
      vertex 20.71419353763394 -6.996053456856544 6.774400179584252
      vertex 20.7 -6.996053456856544 7
    endloop
  endfacet
  facet normal 0 -1 0
    outer loop
      vertex 35.12558103905863 -6.996053456856544 0
      vertex 24.173597674598852 -6.996053456856544 6.337375805167579
      vertex 24.077352024078955 -6.996053456856544 6.132843386616912
    endloop
  endfacet
  facet normal 0.12533323356430642 -0.9921147013144775 0
    outer loop
      vertex 35.12558103905863 -6.996053456856544 0
      vertex 35.37476262917145 -6.964574501457378 0
      vertex 35.37476262917145 -6.964574501457378 14
    endloop
  endfacet
  facet normal 0.2486898871648574 -0.9685831611286304 0
    outer loop
      vertex 35.37476262917145 -6.964574501457378 0
      vertex 35.61803398874989 -6.902113032590307 0
      vertex 35.37476262917145 -6.964574501457378 14
    endloop
  endfacet
  facet normal 0.36812455268468 -0.9297764858882507 0
    outer loop
      vertex 35.61803398874989 -6.902113032590307 0
      vertex 35.85155858313014 -6.809654104932039 0
      vertex 35.85155858313014 -6.809654104932039 14
    endloop
  endfacet
  facet normal 0.48175367410171527 -0.8763066800438636 0
    outer loop
      vertex 35.85155858313014 -6.809654104932039 0
      vertex 36.07165358995799 -6.688655851004031 0
      vertex 35.85155858313014 -6.809654104932039 14
    endloop
  endfacet
  facet normal 0.5877852522924665 -0.8090169943749522 0
    outer loop
      vertex 36.07165358995799 -6.688655851004031 0
      vertex 36.27484797949738 -6.541026485551578 0
      vertex 36.27484797949738 -6.541026485551578 14
    endloop
  endfacet
  facet normal 0.6845471059286868 -0.7289686274214132 0
    outer loop
      vertex 36.27484797949738 -6.541026485551578 0
      vertex 36.457937254842825 -6.369094211857377 0
      vertex 36.457937254842825 -6.369094211857377 14
    endloop
  endfacet
  facet normal 0.7705132427757951 -0.6374239897486828 0
    outer loop
      vertex 36.457937254842825 -6.369094211857377 0
      vertex 36.61803398874989 -6.175570504584947 0
      vertex 36.457937254842825 -6.369094211857377 14
    endloop
  endfacet
  facet normal 0.8443279255020099 -0.5358267949790049 0
    outer loop
      vertex 36.61803398874989 -6.175570504584947 0
      vertex 36.75261336008773 -5.96350734820343 0
      vertex 36.75261336008773 -5.96350734820343 14
    endloop
  endfacet
  facet normal 0.9048270524660228 -0.4257792915650658 0
    outer loop
      vertex 36.75261336008773 -5.96350734820343 0
      vertex 36.8595529717765 -5.736249105369357 0
      vertex 36.75261336008773 -5.96350734820343 14
    endloop
  endfacet
  facet normal 0.9510565162951529 -0.3090169943749494 0
    outer loop
      vertex 36.8595529717765 -5.736249105369357 0
      vertex 36.93716632225726 -5.497379774329709 0
      vertex 36.93716632225726 -5.497379774329709 14
    endloop
  endfacet
  facet normal 0.9822872507286889 -0.187381314585723 0
    outer loop
      vertex 36.93716632225726 -5.497379774329709 0
      vertex 36.984229402628955 -5.2506664671286085 0
      vertex 36.984229402628955 -5.2506664671286085 14
    endloop
  endfacet
  facet normal 0 -1 0
    outer loop
      vertex 35.12558103905863 -6.996053456856544 0
      vertex 35.12558103905863 -6.996053456856544 14
      vertex 24.173597674598852 -6.996053456856544 6.337375805167579
    endloop
  endfacet
  facet normal 0.9980267284282714 -0.06279051952931565 0
    outer loop
      vertex 36.984229402628955 -5.2506664671286085 0
      vertex 37 -5 0
      vertex 36.984229402628955 -5.2506664671286085 14
    endloop
  endfacet
  facet normal 0 0 -1
    outer loop
      vertex 8.056230589874906 -1.7119017293312764 0
      vertex 28.616217302413514 -2.9406879205145637 0
      vertex 28.99569476828142 -3.090933677959249 0
    endloop
  endfacet
  facet normal 0 0 -1
    outer loop
      vertex 8.26640272481713 -1.6286886944388352 0
      vertex 28.25856291631826 -2.7440657578815486 0
      vertex 28.616217302413514 -2.9406879205145637 0
    endloop
  endfacet
  facet normal 0 0 -1
    outer loop
      vertex 8.464488230962193 -1.5197902659036275 0
      vertex 27.92837203331676 -2.5041680390213155 0
      vertex 28.25856291631826 -2.7440657578815486 0
    endloop
  endfacet
  facet normal 0 0 -1
    outer loop
      vertex 8.647363181547641 -1.3869238369964203 0
      vertex 27.630851960880413 -2.224778094268238 0
      vertex 27.92837203331676 -2.5041680390213155 0
    endloop
  endfacet
  facet normal 0 0 -1
    outer loop
      vertex 8.812143529358542 -1.2321847906716394 0
      vertex 27.37069476828142 -1.9103020699505378 0
      vertex 27.630851960880413 -2.224778094268238 0
    endloop
  endfacet
  facet normal 0 0 -1
    outer loop
      vertex 27.37069476828142 -1.9103020699505378 0
      vertex 8.956230589874906 -1.0580134541264516 0
      vertex 27.152003289857443 -1.5656994408305749 0
    endloop
  endfacet
  facet normal 0 0 -1
    outer loop
      vertex 27.152003289857443 -1.5656994408305749 0
      vertex 9.077352024078955 -0.8671566133830877 0
      vertex 26.978226420863184 -1.1964047962252031 0
    endloop
  endfacet
  facet normal 0 0 -1
    outer loop
      vertex 26.978226420863184 -1.1964047962252031 0
      vertex 9.173597674598852 -0.6626241948324211 0
      vertex 26.852104726331948 -0.8082421332857783 0
    endloop
  endfacet
  facet normal 0 0 -1
    outer loop
      vertex 26.852104726331948 -0.8082421332857783 0
      vertex 9.243449690031536 -0.447641796896738 0
      vertex 26.775627220727948 -0.40733300908398823 0
    endloop
  endfacet
  facet normal 0 0 -1
    outer loop
      vertex 26.775627220727948 -0.40733300908398823 0
      vertex 9.3 0 0
      vertex 26.75 0 0
    endloop
  endfacet
  facet normal 0 0 -1
    outer loop
      vertex 35.37476262917145 -6.964574501457378 0
      vertex 32.629305231718575 -1.9103020699505378 0
      vertex 32.84799671014255 -1.5656994408305749 0
    endloop
  endfacet
  facet normal 0 0 -1
    outer loop
      vertex 35.37476262917145 -6.964574501457378 0
      vertex 32.84799671014255 -1.5656994408305749 0
      vertex 33.02177357913682 -1.1964047962252047 0
    endloop
  endfacet
  facet normal 0 0 -1
    outer loop
      vertex 35.37476262917145 -6.964574501457378 0
      vertex 37 5 0
      vertex 36.984229402628955 -5.2506664671286085 0
    endloop
  endfacet
  facet normal 0 0 -1
    outer loop
      vertex 36.984229402628955 -5.2506664671286085 0
      vertex 37 5 0
      vertex 37 -5 0
    endloop
  endfacet
  facet normal 0 0 -1
    outer loop
      vertex 35.37476262917145 -6.964574501457378 0
      vertex 33.02177357913682 -1.1964047962252047 0
      vertex 37 5 0
    endloop
  endfacet
  facet normal 0 -1 0
    outer loop
      vertex -6.187856470641459 -6.996053456856544 8.23218479067164
      vertex 12.630851960880412 -6.996053456856544 9.224778094268238
      vertex -6.352636818452359 -6.996053456856544 8.38692383699642
    endloop
  endfacet
  facet normal 0 -1 0
    outer loop
      vertex -6.187856470641459 -6.996053456856544 8.23218479067164
      vertex 11.775627220727948 -6.996053456856544 6.592666990916012
      vertex 11.75 -6.996053456856544 7
    endloop
  endfacet
  facet normal 0 -1 0
    outer loop
      vertex -6.187856470641459 -6.996053456856544 8.23218479067164
      vertex 11.852104726331948 -6.996053456856544 6.191757866714221
      vertex 11.775627220727948 -6.996053456856544 6.592666990916012
    endloop
  endfacet
  facet normal 0 -1 0
    outer loop
      vertex -6.187856470641459 -6.996053456856544 8.23218479067164
      vertex 11.75 -6.996053456856544 7
      vertex 11.775627220727948 -6.996053456856544 7.407333009083988
    endloop
  endfacet
  facet normal 0 -1 0
    outer loop
      vertex -6.187856470641459 -6.996053456856544 8.23218479067164
      vertex 11.775627220727948 -6.996053456856544 7.407333009083988
      vertex 11.852104726331948 -6.996053456856544 7.808242133285779
    endloop
  endfacet
  facet normal 0 -1 0
    outer loop
      vertex -6.187856470641459 -6.996053456856544 8.23218479067164
      vertex 11.852104726331948 -6.996053456856544 7.808242133285779
      vertex 11.978226420863184 -6.996053456856544 8.196404796225202
    endloop
  endfacet
  facet normal 0 -1 0
    outer loop
      vertex -6.187856470641459 -6.996053456856544 8.23218479067164
      vertex 11.978226420863184 -6.996053456856544 8.196404796225202
      vertex 12.152003289857443 -6.996053456856544 8.565699440830574
    endloop
  endfacet
  facet normal 0 -1 0
    outer loop
      vertex -6.187856470641459 -6.996053456856544 8.23218479067164
      vertex 12.152003289857443 -6.996053456856544 8.565699440830574
      vertex 12.370694768281421 -6.996053456856544 8.910302069950538
    endloop
  endfacet
  facet normal 0 -1 0
    outer loop
      vertex -6.352636818452359 -6.996053456856544 8.38692383699642
      vertex 12.928372033316759 -6.996053456856544 9.504168039021316
      vertex -6.5355117690378055 -6.996053456856544 8.519790265903627
    endloop
  endfacet
  facet normal 0 -1 0
    outer loop
      vertex -6.187856470641459 -6.996053456856544 8.23218479067164
      vertex 12.370694768281421 -6.996053456856544 8.910302069950538
      vertex 12.630851960880412 -6.996053456856544 9.224778094268238
    endloop
  endfacet
  facet normal 0 -1 0
    outer loop
      vertex -6.352636818452359 -6.996053456856544 8.38692383699642
      vertex 12.630851960880412 -6.996053456856544 9.224778094268238
      vertex 12.928372033316759 -6.996053456856544 9.504168039021316
    endloop
  endfacet
  facet normal 0 -1 0
    outer loop
      vertex -6.5355117690378055 -6.996053456856544 8.519790265903627
      vertex 12.928372033316759 -6.996053456856544 9.504168039021316
      vertex 13.25856291631826 -6.996053456856544 9.744065757881549
    endloop
  endfacet
  facet normal 0 -1 0
    outer loop
      vertex -6.733597275182869 -6.996053456856544 8.628688694438836
      vertex 13.25856291631826 -6.996053456856544 9.744065757881549
      vertex 13.616217302413514 -6.996053456856544 9.940687920514563
    endloop
  endfacet
  facet normal 0 -1 0
    outer loop
      vertex -6.943769410125094 -6.996053456856544 8.711901729331277
      vertex 13.616217302413514 -6.996053456856544 9.940687920514563
      vertex 13.995694768281421 -6.996053456856544 10.09093367795925
    endloop
  endfacet
  facet normal 0 -1 0
    outer loop
      vertex -7.162713633745696 -6.996053456856544 8.76811705131164
      vertex 13.995694768281421 -6.996053456856544 10.09093367795925
      vertex 14.391010727596395 -6.996053456856544 10.192433564868239
    endloop
  endfacet
  facet normal 0 -1 0
    outer loop
      vertex -7.386977064847236 -6.996053456856544 8.79644811117089
      vertex 14.391010727596395 -6.996053456856544 10.192433564868239
      vertex 14.795930811529733 -6.996053456856544 10.243586867391883
    endloop
  endfacet
  facet normal 0 -1 0
    outer loop
      vertex 16.74143708368174 -6.996053456856544 9.744065757881549
      vertex 22.162713633745696 -6.996053456856544 8.76811705131164
      vertex 16.383782697586486 -6.996053456856544 9.940687920514563
    endloop
  endfacet
  facet normal 0 -1 0
    outer loop
      vertex 35.12558103905863 -6.996053456856544 14
      vertex -13.995694768281421 -6.996053456856544 10.09093367795925
      vertex -13.616217302413514 -6.996053456856544 9.940687920514563
    endloop
  endfacet
  facet normal 0 -1 0
    outer loop
      vertex 35.12558103905863 -6.996053456856544 14
      vertex -15.204069188470267 -6.996053456856544 10.243586867391883
      vertex -14.795930811529733 -6.996053456856544 10.243586867391883
    endloop
  endfacet
  facet normal 0 -1 0
    outer loop
      vertex 35.12558103905863 -6.996053456856544 14
      vertex -14.795930811529733 -6.996053456856544 10.243586867391883
      vertex -14.391010727596395 -6.996053456856544 10.192433564868239
    endloop
  endfacet
  facet normal 0 -1 0
    outer loop
      vertex 35.12558103905863 -6.996053456856544 14
      vertex -14.391010727596395 -6.996053456856544 10.192433564868239
      vertex -13.995694768281421 -6.996053456856544 10.09093367795925
    endloop
  endfacet
  facet normal 0 0 1
    outer loop
      vertex -34.87441896094137 -6.996053456856544 14
      vertex 35.37476262917145 -6.964574501457378 14
      vertex -0.20406918847026972 -3.2435868673918824 14
    endloop
  endfacet
  facet normal 0 -1 0
    outer loop
      vertex 35.12558103905863 -6.996053456856544 14
      vertex -13.616217302413514 -6.996053456856544 9.940687920514563
      vertex 14.795930811529733 -6.996053456856544 10.243586867391883
    endloop
  endfacet
  facet normal 0 0 1
    outer loop
      vertex -34.87441896094137 -6.996053456856544 14
      vertex 35.12558103905863 -6.996053456856544 14
      vertex 35.37476262917145 -6.964574501457378 14
    endloop
  endfacet
  facet normal 0 0 1
    outer loop
      vertex 35.37476262917145 -6.964574501457378 14
      vertex 0.20406918847026972 -3.2435868673918824 14
      vertex -0.20406918847026972 -3.2435868673918824 14
    endloop
  endfacet
  facet normal 0 0 1
    outer loop
      vertex 35.37476262917145 -6.964574501457378 14
      vertex 0.6089892724036057 -3.192433564868238 14
      vertex 0.20406918847026972 -3.2435868673918824 14
    endloop
  endfacet
  facet normal 0 0 1
    outer loop
      vertex 35.37476262917145 -6.964574501457378 14
      vertex 1.004305231718579 -3.090933677959249 14
      vertex 0.6089892724036057 -3.192433564868238 14
    endloop
  endfacet
  facet normal 0 0 1
    outer loop
      vertex 35.37476262917145 -6.964574501457378 14
      vertex 1.3837826975864855 -2.9406879205145637 14
      vertex 1.004305231718579 -3.090933677959249 14
    endloop
  endfacet
  facet normal 0 0 1
    outer loop
      vertex 1.7414370836817377 -2.7440657578815495 14
      vertex 1.3837826975864855 -2.9406879205145637 14
      vertex 7.162713633745695 -1.7681170513116395 14
    endloop
  endfacet
  facet normal 0 0 1
    outer loop
      vertex 2.0716279666832422 -2.504168039021314 14
      vertex 1.7414370836817377 -2.7440657578815495 14
      vertex 6.943769410125094 -1.7119017293312764 14
    endloop
  endfacet
  facet normal 0 0 1
    outer loop
      vertex 2.369148039119588 -2.224778094268238 14
      vertex 2.0716279666832422 -2.504168039021314 14
      vertex 6.73359727518287 -1.6286886944388352 14
    endloop
  endfacet
  facet normal 0 0 1
    outer loop
      vertex 2.369148039119588 -2.224778094268238 14
      vertex 6.352636818452359 -1.386923836996421 14
      vertex 2.629305231718579 -1.9103020699505378 14
    endloop
  endfacet
  facet normal 0 0 1
    outer loop
      vertex 1.3837826975864855 -2.9406879205145637 14
      vertex 7.386977064847235 -1.7964481111708888 14
      vertex 7.162713633745695 -1.7681170513116395 14
    endloop
  endfacet
  facet normal 0 0 1
    outer loop
      vertex 1.7414370836817377 -2.7440657578815495 14
      vertex 7.162713633745695 -1.7681170513116395 14
      vertex 6.943769410125094 -1.7119017293312764 14
    endloop
  endfacet
  facet normal 0 0 1
    outer loop
      vertex 2.0716279666832422 -2.504168039021314 14
      vertex 6.943769410125094 -1.7119017293312764 14
      vertex 6.73359727518287 -1.6286886944388352 14
    endloop
  endfacet
  facet normal 0 0 1
    outer loop
      vertex 2.369148039119588 -2.224778094268238 14
      vertex 6.73359727518287 -1.6286886944388352 14
      vertex 6.5355117690378055 -1.5197902659036269 14
    endloop
  endfacet
  facet normal 0 0 1
    outer loop
      vertex 2.629305231718579 -1.9103020699505378 14
      vertex 6.187856470641459 -1.2321847906716394 14
      vertex 2.8479967101425565 -1.5656994408305749 14
    endloop
  endfacet
  facet normal 0 0 1
    outer loop
      vertex 2.8479967101425565 -1.5656994408305749 14
      vertex 6.043769410125094 -1.0580134541264516 14
      vertex 3.0217735791368163 -1.1964047962252047 14
    endloop
  endfacet
  facet normal 0 0 1
    outer loop
      vertex 3.0217735791368163 -1.1964047962252047 14
      vertex 5.826402325401148 -0.6626241948324202 14
      vertex 3.1478952736680514 -0.8082421332857769 14
    endloop
  endfacet
  facet normal 0 0 1
    outer loop
      vertex 3.1478952736680514 -0.8082421332857769 14
      vertex 5.7 0 14
      vertex 3.224372779272053 -0.40733300908398823 14
    endloop
  endfacet
  facet normal 0 0 1
    outer loop
      vertex 5.7 0 14
      vertex 3.25 0 14
      vertex 3.224372779272053 -0.40733300908398823 14
    endloop
  endfacet
  facet normal 0 0 1
    outer loop
      vertex 2.369148039119588 -2.224778094268238 14
      vertex 6.5355117690378055 -1.5197902659036269 14
      vertex 6.352636818452359 -1.386923836996421 14
    endloop
  endfacet
  facet normal 0 0 1
    outer loop
      vertex 2.629305231718579 -1.9103020699505378 14
      vertex 6.352636818452359 -1.386923836996421 14
      vertex 6.187856470641459 -1.2321847906716394 14
    endloop
  endfacet
  facet normal 0 0 1
    outer loop
      vertex 2.8479967101425565 -1.5656994408305749 14
      vertex 6.187856470641459 -1.2321847906716394 14
      vertex 6.043769410125094 -1.0580134541264516 14
    endloop
  endfacet
  facet normal 0 0 1
    outer loop
      vertex 5.922647975921046 -0.8671566133830877 14
      vertex 3.0217735791368163 -1.1964047962252047 14
      vertex 6.043769410125094 -1.0580134541264516 14
    endloop
  endfacet
  facet normal 0 0 1
    outer loop
      vertex 3.0217735791368163 -1.1964047962252047 14
      vertex 5.922647975921046 -0.8671566133830877 14
      vertex 5.826402325401148 -0.6626241948324202 14
    endloop
  endfacet
  facet normal 0 0 1
    outer loop
      vertex 3.1478952736680514 -0.8082421332857769 14
      vertex 5.826402325401148 -0.6626241948324202 14
      vertex 5.756550309968464 -0.4476417968967387 14
    endloop
  endfacet
  facet normal 0 0 1
    outer loop
      vertex 3.1478952736680514 -0.8082421332857769 14
      vertex 5.756550309968464 -0.4476417968967387 14
      vertex 5.71419353763394 -0.22559982041574733 14
    endloop
  endfacet
  facet normal 0 0 1
    outer loop
      vertex 3.1478952736680514 -0.8082421332857769 14
      vertex 5.71419353763394 -0.22559982041574733 14
      vertex 5.7 0 14
    endloop
  endfacet
  facet normal 0 0 1
    outer loop
      vertex 1.3837826975864855 -2.9406879205145637 14
      vertex 28.99569476828142 -3.090933677959249 14
      vertex 7.386977064847235 -1.7964481111708888 14
    endloop
  endfacet
  facet normal 0 0 1
    outer loop
      vertex 7.613022935152765 -1.7964481111708888 14
      vertex 7.386977064847235 -1.7964481111708888 14
      vertex 27.37069476828142 -1.9103020699505378 14
    endloop
  endfacet
  facet normal 0 0 1
    outer loop
      vertex 7.837286366254305 -1.7681170513116395 14
      vertex 7.613022935152765 -1.7964481111708888 14
      vertex 27.152003289857443 -1.5656994408305749 14
    endloop
  endfacet
  facet normal 0 0 1
    outer loop
      vertex 8.056230589874906 -1.7119017293312764 14
      vertex 7.837286366254305 -1.7681170513116395 14
      vertex 26.978226420863184 -1.1964047962252031 14
    endloop
  endfacet
  facet normal 0 0 1
    outer loop
      vertex 8.26640272481713 -1.6286886944388352 14
      vertex 8.056230589874906 -1.7119017293312764 14
      vertex 26.775627220727948 -0.40733300908398823 14
    endloop
  endfacet
  facet normal 0 -1 0
    outer loop
      vertex 18.224372779272052 -6.996053456856544 7.407333009083989
      vertex 18.25 -6.996053456856544 7
      vertex 20.71419353763394 -6.996053456856544 7.225599820415748
    endloop
  endfacet
  facet normal 0 -1 0
    outer loop
      vertex 20.7 -6.996053456856544 7
      vertex 20.71419353763394 -6.996053456856544 7.225599820415748
      vertex 18.25 -6.996053456856544 7
    endloop
  endfacet
  facet normal 0 -1 0
    outer loop
      vertex 18.224372779272052 -6.996053456856544 7.407333009083989
      vertex 20.71419353763394 -6.996053456856544 7.225599820415748
      vertex 20.756550309968464 -6.996053456856544 7.447641796896739
    endloop
  endfacet
  facet normal 0 -1 0
    outer loop
      vertex 18.147895273668052 -6.996053456856544 7.808242133285778
      vertex 18.224372779272052 -6.996053456856544 7.407333009083989
      vertex 20.826402325401148 -6.996053456856544 7.6626241948324205
    endloop
  endfacet
  facet normal 0 -1 0
    outer loop
      vertex 20.756550309968464 -6.996053456856544 7.447641796896739
      vertex 20.826402325401148 -6.996053456856544 7.6626241948324205
      vertex 18.224372779272052 -6.996053456856544 7.407333009083989
    endloop
  endfacet
  facet normal 0 -1 0
    outer loop
      vertex 20.826402325401148 -6.996053456856544 7.6626241948324205
      vertex 20.922647975921045 -6.996053456856544 7.867156613383088
      vertex 18.147895273668052 -6.996053456856544 7.808242133285778
    endloop
  endfacet
  facet normal 0 -1 0
    outer loop
      vertex 18.021773579136816 -6.996053456856544 8.196404796225202
      vertex 18.147895273668052 -6.996053456856544 7.808242133285778
      vertex 20.922647975921045 -6.996053456856544 7.867156613383088
    endloop
  endfacet
  facet normal 0 -1 0
    outer loop
      vertex 18.021773579136816 -6.996053456856544 8.196404796225202
      vertex 20.922647975921045 -6.996053456856544 7.867156613383088
      vertex 21.043769410125094 -6.996053456856544 8.058013454126451
    endloop
  endfacet
  facet normal 0 -1 0
    outer loop
      vertex 21.043769410125094 -6.996053456856544 8.058013454126451
      vertex 21.18785647064146 -6.996053456856544 8.232184790671639
      vertex 18.021773579136816 -6.996053456856544 8.196404796225202
    endloop
  endfacet
  facet normal 0 -1 0
    outer loop
      vertex 17.847996710142557 -6.996053456856544 8.565699440830574
      vertex 18.021773579136816 -6.996053456856544 8.196404796225202
      vertex 21.18785647064146 -6.996053456856544 8.232184790671639
    endloop
  endfacet
  facet normal 0 -1 0
    outer loop
      vertex 17.62930523171858 -6.996053456856544 8.910302069950538
      vertex 17.847996710142557 -6.996053456856544 8.565699440830574
      vertex 21.35263681845236 -6.996053456856544 8.38692383699642
    endloop
  endfacet
  facet normal 0 -1 0
    outer loop
      vertex 21.18785647064146 -6.996053456856544 8.232184790671639
      vertex 21.35263681845236 -6.996053456856544 8.38692383699642
      vertex 17.847996710142557 -6.996053456856544 8.565699440830574
    endloop
  endfacet
  facet normal 0 -1 0
    outer loop
      vertex 17.62930523171858 -6.996053456856544 8.910302069950538
      vertex 21.35263681845236 -6.996053456856544 8.38692383699642
      vertex 21.535511769037807 -6.996053456856544 8.519790265903627
    endloop
  endfacet
  facet normal 0 -1 0
    outer loop
      vertex 17.62930523171858 -6.996053456856544 8.910302069950538
      vertex 21.535511769037807 -6.996053456856544 8.519790265903627
      vertex 17.369148039119587 -6.996053456856544 9.224778094268238
    endloop
  endfacet
  facet normal 0 -1 0
    outer loop
      vertex 17.369148039119587 -6.996053456856544 9.224778094268238
      vertex 21.73359727518287 -6.996053456856544 8.628688694438836
      vertex 17.07162796668324 -6.996053456856544 9.504168039021314
    endloop
  endfacet
  facet normal 0 -1 0
    outer loop
      vertex 21.73359727518287 -6.996053456856544 8.628688694438836
      vertex 17.369148039119587 -6.996053456856544 9.224778094268238
      vertex 21.535511769037807 -6.996053456856544 8.519790265903627
    endloop
  endfacet
  facet normal 0 -1 0
    outer loop
      vertex 21.943769410125096 -6.996053456856544 8.711901729331277
      vertex 17.07162796668324 -6.996053456856544 9.504168039021314
      vertex 21.73359727518287 -6.996053456856544 8.628688694438836
    endloop
  endfacet
  facet normal 0 -1 0
    outer loop
      vertex 22.162713633745696 -6.996053456856544 8.76811705131164
      vertex 16.74143708368174 -6.996053456856544 9.744065757881549
      vertex 21.943769410125096 -6.996053456856544 8.711901729331277
    endloop
  endfacet
  facet normal 0 -1 0
    outer loop
      vertex 22.386977064847237 -6.996053456856544 8.79644811117089
      vertex 16.383782697586486 -6.996053456856544 9.940687920514563
      vertex 22.162713633745696 -6.996053456856544 8.76811705131164
    endloop
  endfacet
  facet normal 0 -1 0
    outer loop
      vertex 17.07162796668324 -6.996053456856544 9.504168039021314
      vertex 21.943769410125096 -6.996053456856544 8.711901729331277
      vertex 16.74143708368174 -6.996053456856544 9.744065757881549
    endloop
  endfacet
  facet normal 0 -1 0
    outer loop
      vertex 35.12558103905863 -6.996053456856544 14
      vertex 23.956230589874906 -6.996053456856544 8.058013454126451
      vertex 24.077352024078955 -6.996053456856544 7.867156613383088
    endloop
  endfacet
  facet normal 0 -1 0
    outer loop
      vertex 35.12558103905863 -6.996053456856544 14
      vertex 23.81214352935854 -6.996053456856544 8.23218479067164
      vertex 23.956230589874906 -6.996053456856544 8.058013454126451
    endloop
  endfacet
  facet normal 0 -1 0
    outer loop
      vertex 35.12558103905863 -6.996053456856544 14
      vertex 23.647363181547643 -6.996053456856544 8.38692383699642
      vertex 23.81214352935854 -6.996053456856544 8.23218479067164
    endloop
  endfacet
  facet normal 0 -1 0
    outer loop
      vertex 35.12558103905863 -6.996053456856544 14
      vertex 22.837286366254304 -6.996053456856544 8.76811705131164
      vertex 23.056230589874904 -6.996053456856544 8.711901729331277
    endloop
  endfacet
  facet normal 0 -1 0
    outer loop
      vertex 35.12558103905863 -6.996053456856544 14
      vertex 23.056230589874904 -6.996053456856544 8.711901729331277
      vertex 23.26640272481713 -6.996053456856544 8.628688694438836
    endloop
  endfacet
  facet normal 0 -1 0
    outer loop
      vertex 35.12558103905863 -6.996053456856544 14
      vertex 23.464488230962193 -6.996053456856544 8.519790265903627
      vertex 23.647363181547643 -6.996053456856544 8.38692383699642
    endloop
  endfacet
  facet normal 0 -1 0
    outer loop
      vertex 35.12558103905863 -6.996053456856544 14
      vertex 23.26640272481713 -6.996053456856544 8.628688694438836
      vertex 23.464488230962193 -6.996053456856544 8.519790265903627
    endloop
  endfacet
  facet normal 0 -1 0
    outer loop
      vertex 35.12558103905863 -6.996053456856544 14
      vertex 24.243449690031536 -6.996053456856544 6.552358203103262
      vertex 24.173597674598852 -6.996053456856544 6.337375805167579
    endloop
  endfacet
  facet normal 0 -1 0
    outer loop
      vertex 35.12558103905863 -6.996053456856544 14
      vertex 24.28580646236606 -6.996053456856544 6.774400179584252
      vertex 24.243449690031536 -6.996053456856544 6.552358203103262
    endloop
  endfacet
  facet normal 0 -1 0
    outer loop
      vertex 35.12558103905863 -6.996053456856544 14
      vertex 24.3 -6.996053456856544 7
      vertex 24.28580646236606 -6.996053456856544 6.774400179584252
    endloop
  endfacet
  facet normal 0 -1 0
    outer loop
      vertex 35.12558103905863 -6.996053456856544 14
      vertex 24.28580646236606 -6.996053456856544 7.225599820415748
      vertex 24.3 -6.996053456856544 7
    endloop
  endfacet
  facet normal 0 -1 0
    outer loop
      vertex 35.12558103905863 -6.996053456856544 14
      vertex 24.243449690031536 -6.996053456856544 7.447641796896739
      vertex 24.28580646236606 -6.996053456856544 7.225599820415748
    endloop
  endfacet
  facet normal 0 -1 0
    outer loop
      vertex 35.12558103905863 -6.996053456856544 14
      vertex 24.173597674598852 -6.996053456856544 7.6626241948324205
      vertex 24.243449690031536 -6.996053456856544 7.447641796896739
    endloop
  endfacet
  facet normal 0 -1 0
    outer loop
      vertex 35.12558103905863 -6.996053456856544 14
      vertex 24.077352024078955 -6.996053456856544 7.867156613383088
      vertex 24.173597674598852 -6.996053456856544 7.6626241948324205
    endloop
  endfacet
  facet normal 0.12533323356430642 -0.9921147013144775 0
    outer loop
      vertex 35.12558103905863 -6.996053456856544 0
      vertex 35.37476262917145 -6.964574501457378 14
      vertex 35.12558103905863 -6.996053456856544 14
    endloop
  endfacet
  facet normal 0.2486898871648574 -0.9685831611286304 0
    outer loop
      vertex 35.61803398874989 -6.902113032590307 0
      vertex 35.61803398874989 -6.902113032590307 14
      vertex 35.37476262917145 -6.964574501457378 14
    endloop
  endfacet
  facet normal 0.36812455268468 -0.9297764858882507 0
    outer loop
      vertex 35.61803398874989 -6.902113032590307 0
      vertex 35.85155858313014 -6.809654104932039 14
      vertex 35.61803398874989 -6.902113032590307 14
    endloop
  endfacet
  facet normal 0.48175367410171527 -0.8763066800438636 0
    outer loop
      vertex 36.07165358995799 -6.688655851004031 0
      vertex 36.07165358995799 -6.688655851004031 14
      vertex 35.85155858313014 -6.809654104932039 14
    endloop
  endfacet
  facet normal 0.5877852522924665 -0.8090169943749522 0
    outer loop
      vertex 36.07165358995799 -6.688655851004031 0
      vertex 36.27484797949738 -6.541026485551578 14
      vertex 36.07165358995799 -6.688655851004031 14
    endloop
  endfacet
  facet normal 0.6845471059286868 -0.7289686274214132 0
    outer loop
      vertex 36.27484797949738 -6.541026485551578 0
      vertex 36.457937254842825 -6.369094211857377 14
      vertex 36.27484797949738 -6.541026485551578 14
    endloop
  endfacet
  facet normal 0.7705132427757951 -0.6374239897486828 0
    outer loop
      vertex 36.61803398874989 -6.175570504584947 0
      vertex 36.61803398874989 -6.175570504584947 14
      vertex 36.457937254842825 -6.369094211857377 14
    endloop
  endfacet
  facet normal 0.8443279255020099 -0.5358267949790049 0
    outer loop
      vertex 36.61803398874989 -6.175570504584947 0
      vertex 36.75261336008773 -5.96350734820343 14
      vertex 36.61803398874989 -6.175570504584947 14
    endloop
  endfacet
  facet normal 0.9048270524660228 -0.4257792915650658 0
    outer loop
      vertex 36.8595529717765 -5.736249105369357 0
      vertex 36.8595529717765 -5.736249105369357 14
      vertex 36.75261336008773 -5.96350734820343 14
    endloop
  endfacet
  facet normal 0.9510565162951529 -0.3090169943749494 0
    outer loop
      vertex 36.8595529717765 -5.736249105369357 0
      vertex 36.93716632225726 -5.497379774329709 14
      vertex 36.8595529717765 -5.736249105369357 14
    endloop
  endfacet
  facet normal 0.9822872507286889 -0.187381314585723 0
    outer loop
      vertex 36.93716632225726 -5.497379774329709 0
      vertex 36.984229402628955 -5.2506664671286085 14
      vertex 36.93716632225726 -5.497379774329709 14
    endloop
  endfacet
  facet normal 0.9980267284282714 -0.06279051952931565 0
    outer loop
      vertex 37 -5 0
      vertex 37 -5 14
      vertex 36.984229402628955 -5.2506664671286085 14
    endloop
  endfacet
  facet normal 0 -1 0
    outer loop
      vertex 35.12558103905863 -6.996053456856544 14
      vertex 16.00430523171858 -6.996053456856544 10.09093367795925
      vertex 16.383782697586486 -6.996053456856544 9.940687920514563
    endloop
  endfacet
  facet normal 0 -1 0
    outer loop
      vertex 35.12558103905863 -6.996053456856544 14
      vertex 14.795930811529733 -6.996053456856544 10.243586867391883
      vertex 15.204069188470267 -6.996053456856544 10.243586867391883
    endloop
  endfacet
  facet normal 0 -1 0
    outer loop
      vertex 35.12558103905863 -6.996053456856544 14
      vertex 15.608989272403605 -6.996053456856544 10.192433564868239
      vertex 16.00430523171858 -6.996053456856544 10.09093367795925
    endloop
  endfacet
  facet normal 0 -1 0
    outer loop
      vertex 35.12558103905863 -6.996053456856544 14
      vertex 15.204069188470267 -6.996053456856544 10.243586867391883
      vertex 15.608989272403605 -6.996053456856544 10.192433564868239
    endloop
  endfacet
  facet normal 0 -1 0
    outer loop
      vertex 35.12558103905863 -6.996053456856544 14
      vertex 16.383782697586486 -6.996053456856544 9.940687920514563
      vertex 22.386977064847237 -6.996053456856544 8.79644811117089
    endloop
  endfacet
  facet normal 0 -1 0
    outer loop
      vertex 35.12558103905863 -6.996053456856544 14
      vertex 22.386977064847237 -6.996053456856544 8.79644811117089
      vertex 22.613022935152763 -6.996053456856544 8.79644811117089
    endloop
  endfacet
  facet normal 0 -1 0
    outer loop
      vertex 35.12558103905863 -6.996053456856544 14
      vertex 22.613022935152763 -6.996053456856544 8.79644811117089
      vertex 22.837286366254304 -6.996053456856544 8.76811705131164
    endloop
  endfacet
  facet normal 0 0 1
    outer loop
      vertex 35.37476262917145 -6.964574501457378 14
      vertex 28.99569476828142 -3.090933677959249 14
      vertex 1.3837826975864855 -2.9406879205145637 14
    endloop
  endfacet
  facet normal 0 0 1
    outer loop
      vertex 35.37476262917145 -6.964574501457378 14
      vertex 35.61803398874989 -6.902113032590307 14
      vertex 35.85155858313014 -6.809654104932039 14
    endloop
  endfacet
  facet normal 0 0 1
    outer loop
      vertex 35.37476262917145 -6.964574501457378 14
      vertex 35.85155858313014 -6.809654104932039 14
      vertex 36.457937254842825 -6.369094211857377 14
    endloop
  endfacet
  facet normal 0 0 1
    outer loop
      vertex 35.85155858313014 -6.809654104932039 14
      vertex 36.07165358995799 -6.688655851004031 14
      vertex 36.27484797949738 -6.541026485551578 14
    endloop
  endfacet
  facet normal 0 0 1
    outer loop
      vertex 35.85155858313014 -6.809654104932039 14
      vertex 36.27484797949738 -6.541026485551578 14
      vertex 36.457937254842825 -6.369094211857377 14
    endloop
  endfacet
  facet normal 0 0 1
    outer loop
      vertex 35.37476262917145 -6.964574501457378 14
      vertex 36.457937254842825 -6.369094211857377 14
      vertex 36.984229402628955 -5.2506664671286085 14
    endloop
  endfacet
  facet normal 0 0 1
    outer loop
      vertex 36.457937254842825 -6.369094211857377 14
      vertex 36.61803398874989 -6.175570504584947 14
      vertex 36.75261336008773 -5.96350734820343 14
    endloop
  endfacet
  facet normal 0 0 1
    outer loop
      vertex 36.457937254842825 -6.369094211857377 14
      vertex 36.75261336008773 -5.96350734820343 14
      vertex 36.984229402628955 -5.2506664671286085 14
    endloop
  endfacet
  facet normal 0 0 1
    outer loop
      vertex 36.75261336008773 -5.96350734820343 14
      vertex 36.8595529717765 -5.736249105369357 14
      vertex 36.93716632225726 -5.497379774329709 14
    endloop
  endfacet
  facet normal 0 0 1
    outer loop
      vertex 36.75261336008773 -5.96350734820343 14
      vertex 36.93716632225726 -5.497379774329709 14
      vertex 36.984229402628955 -5.2506664671286085 14
    endloop
  endfacet
  facet normal 0 0 1
    outer loop
      vertex 35.37476262917145 -6.964574501457378 14
      vertex 30.20406918847027 -3.2435868673918824 14
      vertex 29.79593081152973 -3.2435868673918824 14
    endloop
  endfacet
  facet normal 0 0 1
    outer loop
      vertex 35.37476262917145 -6.964574501457378 14
      vertex 29.391010727596395 -3.192433564868238 14
      vertex 28.99569476828142 -3.090933677959249 14
    endloop
  endfacet
  facet normal 0 0 1
    outer loop
      vertex 35.37476262917145 -6.964574501457378 14
      vertex 29.79593081152973 -3.2435868673918824 14
      vertex 29.391010727596395 -3.192433564868238 14
    endloop
  endfacet
  facet normal 0 0 1
    outer loop
      vertex 35.37476262917145 -6.964574501457378 14
      vertex 30.608989272403605 -3.192433564868238 14
      vertex 30.20406918847027 -3.2435868673918824 14
    endloop
  endfacet
  facet normal 0 0 1
    outer loop
      vertex 35.37476262917145 -6.964574501457378 14
      vertex 31.00430523171858 -3.090933677959249 14
      vertex 30.608989272403605 -3.192433564868238 14
    endloop
  endfacet
  facet normal 0 0 1
    outer loop
      vertex 35.37476262917145 -6.964574501457378 14
      vertex 31.383782697586486 -2.9406879205145637 14
      vertex 31.00430523171858 -3.090933677959249 14
    endloop
  endfacet
  facet normal 0 0 1
    outer loop
      vertex 35.37476262917145 -6.964574501457378 14
      vertex 31.74143708368174 -2.7440657578815495 14
      vertex 31.383782697586486 -2.9406879205145637 14
    endloop
  endfacet
  facet normal 0 0 1
    outer loop
      vertex 35.37476262917145 -6.964574501457378 14
      vertex 32.071627966683245 -2.504168039021314 14
      vertex 31.74143708368174 -2.7440657578815495 14
    endloop
  endfacet
  facet normal 0 0 1
    outer loop
      vertex 35.37476262917145 -6.964574501457378 14
      vertex 32.36914803911959 -2.224778094268238 14
      vertex 32.071627966683245 -2.504168039021314 14
    endloop
  endfacet
  facet normal 0 0 1
    outer loop
      vertex 35.37476262917145 -6.964574501457378 14
      vertex 32.629305231718575 -1.9103020699505378 14
      vertex 32.36914803911959 -2.224778094268238 14
    endloop
  endfacet
  facet normal 1 0 0
    outer loop
      vertex 37 -5 0
      vertex 37 5 14
      vertex 37 -5 14
    endloop
  endfacet
  facet normal 0 0 1
    outer loop
      vertex 27.37069476828142 -1.9103020699505378 14
      vertex 7.386977064847235 -1.7964481111708888 14
      vertex 27.630851960880413 -2.224778094268238 14
    endloop
  endfacet
  facet normal 0 0 1
    outer loop
      vertex 27.152003289857443 -1.5656994408305749 14
      vertex 7.613022935152765 -1.7964481111708888 14
      vertex 27.37069476828142 -1.9103020699505378 14
    endloop
  endfacet
  facet normal 0 0 1
    outer loop
      vertex 7.386977064847235 -1.7964481111708888 14
      vertex 28.99569476828142 -3.090933677959249 14
      vertex 28.616217302413514 -2.9406879205145637 14
    endloop
  endfacet
  facet normal 0 0 1
    outer loop
      vertex 7.386977064847235 -1.7964481111708888 14
      vertex 28.616217302413514 -2.9406879205145637 14
      vertex 28.25856291631826 -2.7440657578815486 14
    endloop
  endfacet
  facet normal 0 0 1
    outer loop
      vertex 7.386977064847235 -1.7964481111708888 14
      vertex 28.25856291631826 -2.7440657578815486 14
      vertex 27.92837203331676 -2.5041680390213155 14
    endloop
  endfacet
  facet normal 0 0 1
    outer loop
      vertex 7.386977064847235 -1.7964481111708888 14
      vertex 27.92837203331676 -2.5041680390213155 14
      vertex 27.630851960880413 -2.224778094268238 14
    endloop
  endfacet
  facet normal 0 0 1
    outer loop
      vertex 26.978226420863184 -1.1964047962252031 14
      vertex 7.837286366254305 -1.7681170513116395 14
      vertex 27.152003289857443 -1.5656994408305749 14
    endloop
  endfacet
  facet normal 0 0 1
    outer loop
      vertex 26.852104726331948 -0.8082421332857783 14
      vertex 8.056230589874906 -1.7119017293312764 14
      vertex 26.978226420863184 -1.1964047962252031 14
    endloop
  endfacet
  facet normal 0 0 1
    outer loop
      vertex 26.775627220727948 -0.40733300908398823 14
      vertex 8.056230589874906 -1.7119017293312764 14
      vertex 26.852104726331948 -0.8082421332857783 14
    endloop
  endfacet
  facet normal 0 0 1
    outer loop
      vertex 8.26640272481713 -1.6286886944388352 14
      vertex 26.775627220727948 -0.40733300908398823 14
      vertex 26.75 0 14
    endloop
  endfacet
  facet normal 0 0 1
    outer loop
      vertex 8.26640272481713 -1.6286886944388352 14
      vertex 26.75 0 14
      vertex 26.775627220727948 0.40733300908398823 14
    endloop
  endfacet
  facet normal 0 0 1
    outer loop
      vertex 8.26640272481713 -1.6286886944388352 14
      vertex 26.775627220727948 0.40733300908398823 14
      vertex 26.852104726331948 0.8082421332857783 14
    endloop
  endfacet
  facet normal 0 0 1
    outer loop
      vertex 35.37476262917145 -6.964574501457378 14
      vertex 32.84799671014255 -1.5656994408305749 14
      vertex 32.629305231718575 -1.9103020699505378 14
    endloop
  endfacet
  facet normal 0 0 1
    outer loop
      vertex 35.37476262917145 -6.964574501457378 14
      vertex 33.02177357913682 -1.1964047962252047 14
      vertex 32.84799671014255 -1.5656994408305749 14
    endloop
  endfacet
  facet normal 0 0 1
    outer loop
      vertex 35.37476262917145 -6.964574501457378 14
      vertex 33.14789527366805 -0.8082421332857769 14
      vertex 33.02177357913682 -1.1964047962252047 14
    endloop
  endfacet
  facet normal 0 0 1
    outer loop
      vertex 35.37476262917145 -6.964574501457378 14
      vertex 33.22437277927205 -0.40733300908398823 14
      vertex 33.14789527366805 -0.8082421332857769 14
    endloop
  endfacet
  facet normal 0 0 1
    outer loop
      vertex 35.37476262917145 -6.964574501457378 14
      vertex 33.25 0 14
      vertex 33.22437277927205 -0.40733300908398823 14
    endloop
  endfacet
  facet normal 0 0 1
    outer loop
      vertex 35.37476262917145 -6.964574501457378 14
      vertex 36.984229402628955 -5.2506664671286085 14
      vertex 37 5 14
    endloop
  endfacet
  facet normal 0 0 1
    outer loop
      vertex 36.984229402628955 -5.2506664671286085 14
      vertex 37 -5 14
      vertex 37 5 14
    endloop
  endfacet
  facet normal 0 0 1
    outer loop
      vertex 35.37476262917145 -6.964574501457378 14
      vertex 37 5 14
      vertex 33.25 0 14
    endloop
  endfacet
  facet normal 0 0 -1
    outer loop
      vertex 3.25 0 0
      vertex 3.224372779272053 0.40733300908398884 0
      vertex 5.7 0 0
    endloop
  endfacet
  facet normal 0 0 -1
    outer loop
      vertex 3.147895273668051 0.8082421332857781 0
      vertex 5.756550309968464 0.4476417968967387 0
      vertex 3.224372779272053 0.40733300908398884 0
    endloop
  endfacet
  facet normal 0 0 -1
    outer loop
      vertex 3.0217735791368168 1.1964047962252033 0
      vertex 5.826402325401148 0.6626241948324202 0
      vertex 3.147895273668051 0.8082421332857781 0
    endloop
  endfacet
  facet normal 0 0 -1
    outer loop
      vertex 2.8479967101425565 1.5656994408305749 0
      vertex 6.043769410125094 1.0580134541264516 0
      vertex 3.0217735791368168 1.1964047962252033 0
    endloop
  endfacet
  facet normal 0 0 -1
    outer loop
      vertex 2.629305231718579 1.9103020699505378 0
      vertex 6.187856470641459 1.2321847906716394 0
      vertex 2.8479967101425565 1.5656994408305749 0
    endloop
  endfacet
  facet normal 0 0 -1
    outer loop
      vertex 3.224372779272053 0.40733300908398884 0
      vertex 5.71419353763394 0.22559982041574733 0
      vertex 5.7 0 0
    endloop
  endfacet
  facet normal 0 0 -1
    outer loop
      vertex 5.71419353763394 0.22559982041574733 0
      vertex 3.224372779272053 0.40733300908398884 0
      vertex 5.756550309968464 0.4476417968967387 0
    endloop
  endfacet
  facet normal 0 0 -1
    outer loop
      vertex 3.147895273668051 0.8082421332857781 0
      vertex 5.826402325401148 0.6626241948324202 0
      vertex 5.756550309968464 0.4476417968967387 0
    endloop
  endfacet
  facet normal 0 0 -1
    outer loop
      vertex 3.0217735791368168 1.1964047962252033 0
      vertex 5.922647975921046 0.8671566133830877 0
      vertex 5.826402325401148 0.6626241948324202 0
    endloop
  endfacet
  facet normal 0 0 -1
    outer loop
      vertex 5.922647975921046 0.8671566133830877 0
      vertex 3.0217735791368168 1.1964047962252033 0
      vertex 6.043769410125094 1.0580134541264516 0
    endloop
  endfacet
  facet normal 0 0 -1
    outer loop
      vertex 2.8479967101425565 1.5656994408305749 0
      vertex 6.187856470641459 1.2321847906716394 0
      vertex 6.043769410125094 1.0580134541264516 0
    endloop
  endfacet
  facet normal 0 0 -1
    outer loop
      vertex 2.629305231718579 1.9103020699505378 0
      vertex 6.352636818452359 1.386923836996421 0
      vertex 6.187856470641459 1.2321847906716394 0
    endloop
  endfacet
  facet normal 0 0 -1
    outer loop
      vertex 2.3691480391195876 2.2247780942682382 0
      vertex 6.5355117690378055 1.5197902659036269 0
      vertex 6.352636818452359 1.386923836996421 0
    endloop
  endfacet
  facet normal 0 0 -1
    outer loop
      vertex 2.3691480391195876 2.2247780942682382 0
      vertex 6.352636818452359 1.386923836996421 0
      vertex 2.629305231718579 1.9103020699505378 0
    endloop
  endfacet
  facet normal 0 0 -1
    outer loop
      vertex 6.733597275182869 1.628688694438835 0
      vertex 2.3691480391195876 2.2247780942682382 0
      vertex 2.071627966683242 2.5041680390213146 0
    endloop
  endfacet
  facet normal 0 0 -1
    outer loop
      vertex 7.162713633745696 1.7681170513116398 0
      vertex 1.7414370836817392 2.744065757881549 0
      vertex 1.3837826975864864 2.9406879205145633 0
    endloop
  endfacet
  facet normal 0 0 -1
    outer loop
      vertex 7.386977064847236 1.7964481111708888 0
      vertex 1.3837826975864864 2.9406879205145633 0
      vertex 1.004305231718579 3.090933677959249 0
    endloop
  endfacet
  facet normal 0 0 -1
    outer loop
      vertex 6.943769410125094 1.7119017293312764 0
      vertex 2.071627966683242 2.5041680390213146 0
      vertex 1.7414370836817392 2.744065757881549 0
    endloop
  endfacet
  facet normal 0 0 -1
    outer loop
      vertex 6.733597275182869 1.628688694438835 0
      vertex 6.5355117690378055 1.5197902659036269 0
      vertex 2.3691480391195876 2.2247780942682382 0
    endloop
  endfacet
  facet normal 0 0 -1
    outer loop
      vertex 6.943769410125094 1.7119017293312764 0
      vertex 6.733597275182869 1.628688694438835 0
      vertex 2.071627966683242 2.5041680390213146 0
    endloop
  endfacet
  facet normal 0 0 -1
    outer loop
      vertex 7.162713633745696 1.7681170513116398 0
      vertex 6.943769410125094 1.7119017293312764 0
      vertex 1.7414370836817392 2.744065757881549 0
    endloop
  endfacet
  facet normal 0 0 -1
    outer loop
      vertex 7.386977064847236 1.7964481111708888 0
      vertex 7.162713633745696 1.7681170513116398 0
      vertex 1.3837826975864864 2.9406879205145633 0
    endloop
  endfacet
  facet normal 0 0 -1
    outer loop
      vertex 7.613022935152764 1.7964481111708888 0
      vertex 7.386977064847236 1.7964481111708888 0
      vertex 1.004305231718579 3.090933677959249 0
    endloop
  endfacet
  facet normal 0 0 -1
    outer loop
      vertex 9.3 0 0
      vertex 9.285806462366061 0.22559982041574766 0
      vertex 26.75 0 0
    endloop
  endfacet
  facet normal 0 0 -1
    outer loop
      vertex 9.243449690031536 0.44764179689673866 0
      vertex 26.775627220727948 0.40733300908398823 0
      vertex 9.285806462366061 0.22559982041574766 0
    endloop
  endfacet
  facet normal 0 0 -1
    outer loop
      vertex 37 5 0
      vertex 9.243449690031536 0.44764179689673866 0
      vertex 9.173597674598852 0.6626241948324204 0
    endloop
  endfacet
  facet normal 0 0 -1
    outer loop
      vertex 37 5 0
      vertex 9.173597674598852 0.6626241948324204 0
      vertex 9.077352024078955 0.8671566133830876 0
    endloop
  endfacet
  facet normal 0 0 -1
    outer loop
      vertex 37 5 0
      vertex 9.077352024078955 0.8671566133830876 0
      vertex 8.956230589874906 1.0580134541264516 0
    endloop
  endfacet
  facet normal 0 0 -1
    outer loop
      vertex 37 5 0
      vertex 8.956230589874906 1.0580134541264516 0
      vertex 8.81214352935854 1.2321847906716397 0
    endloop
  endfacet
  facet normal 0 0 -1
    outer loop
      vertex 37 5 0
      vertex 8.81214352935854 1.2321847906716397 0
      vertex 8.647363181547641 1.3869238369964205 0
    endloop
  endfacet
  facet normal 0 0 -1
    outer loop
      vertex 37 5 0
      vertex 7.613022935152764 1.7964481111708888 0
      vertex 1.004305231718579 3.090933677959249 0
    endloop
  endfacet
  facet normal 0 0 -1
    outer loop
      vertex 37 5 0
      vertex 8.464488230962194 1.519790265903627 0
      vertex 8.26640272481713 1.628688694438835 0
    endloop
  endfacet
  facet normal 0 0 -1
    outer loop
      vertex 37 5 0
      vertex 8.056230589874906 1.7119017293312764 0
      vertex 7.837286366254304 1.7681170513116398 0
    endloop
  endfacet
  facet normal 0 0 -1
    outer loop
      vertex 37 5 0
      vertex 8.26640272481713 1.628688694438835 0
      vertex 8.056230589874906 1.7119017293312764 0
    endloop
  endfacet
  facet normal 0 0 -1
    outer loop
      vertex 37 5 0
      vertex 8.647363181547641 1.3869238369964205 0
      vertex 8.464488230962194 1.519790265903627 0
    endloop
  endfacet
  facet normal 0 0 -1
    outer loop
      vertex 37 5 0
      vertex 7.837286366254304 1.7681170513116398 0
      vertex 7.613022935152764 1.7964481111708888 0
    endloop
  endfacet
  facet normal 0 0 -1
    outer loop
      vertex -37 5 0
      vertex 37 5 0
      vertex 0.20406918847026814 3.2435868673918824 0
    endloop
  endfacet
  facet normal 0 1 0
    outer loop
      vertex 35.12558103905862 6.996053456856544 0
      vertex -15.20406918847027 6.996053456856544 3.7564131326081176
      vertex -14.79593081152973 6.996053456856544 3.7564131326081176
    endloop
  endfacet
  facet normal 0 1 0
    outer loop
      vertex 35.12558103905862 6.996053456856544 0
      vertex -14.79593081152973 6.996053456856544 3.7564131326081176
      vertex -14.391010727596395 6.996053456856544 3.807566435131762
    endloop
  endfacet
  facet normal 0 1 0
    outer loop
      vertex 35.12558103905862 6.996053456856544 0
      vertex -14.391010727596395 6.996053456856544 3.807566435131762
      vertex -13.995694768281421 6.996053456856544 3.909066322040751
    endloop
  endfacet
  facet normal 0 1 0
    outer loop
      vertex 35.12558103905862 6.996053456856544 0
      vertex -13.995694768281421 6.996053456856544 3.909066322040751
      vertex -13.616217302413514 6.996053456856544 4.059312079485436
    endloop
  endfacet
  facet normal 0 0 -1
    outer loop
      vertex 37 5 0
      vertex 0.6089892724036049 3.1924335648682383 0
      vertex 0.20406918847026814 3.2435868673918824 0
    endloop
  endfacet
  facet normal 0 0 -1
    outer loop
      vertex 37 5 0
      vertex 1.004305231718579 3.090933677959249 0
      vertex 0.6089892724036049 3.1924335648682383 0
    endloop
  endfacet
  facet normal 0 0 -1
    outer loop
      vertex -34.87441896094138 6.996053456856544 0
      vertex 35.12558103905862 6.996053456856544 0
      vertex 37 5 0
    endloop
  endfacet
  facet normal 0 1 0
    outer loop
      vertex 35.12558103905862 6.996053456856544 0
      vertex -13.616217302413514 6.996053456856544 4.059312079485436
      vertex 14.79593081152973 6.996053456856544 3.7564131326081176
    endloop
  endfacet
  facet normal 0 1 0
    outer loop
      vertex 13.25856291631826 6.996053456856544 4.255934242118451
      vertex -6.535511769037807 6.996053456856544 5.4802097340963725
      vertex -6.352636818452358 6.996053456856544 5.61307616300358
    endloop
  endfacet
  facet normal 0 1 0
    outer loop
      vertex 13.25856291631826 6.996053456856544 4.255934242118451
      vertex -6.352636818452358 6.996053456856544 5.61307616300358
      vertex -6.187856470641459 6.996053456856544 5.767815209328361
    endloop
  endfacet
  facet normal 0 1 0
    outer loop
      vertex -7.386977064847235 6.996053456856544 5.203551888829111
      vertex 14.391010727596395 6.996053456856544 3.807566435131762
      vertex 14.79593081152973 6.996053456856544 3.7564131326081176
    endloop
  endfacet
  facet normal 0 1 0
    outer loop
      vertex -7.162713633745695 6.996053456856544 5.2318829486883605
      vertex 13.995694768281421 6.996053456856544 3.909066322040751
      vertex 14.391010727596395 6.996053456856544 3.807566435131762
    endloop
  endfacet
  facet normal 0 1 0
    outer loop
      vertex -6.943769410125094 6.996053456856544 5.288098270668724
      vertex 13.616217302413514 6.996053456856544 4.059312079485436
      vertex 13.995694768281421 6.996053456856544 3.909066322040751
    endloop
  endfacet
  facet normal 0 1 0
    outer loop
      vertex -6.73359727518287 6.996053456856544 5.371311305561164
      vertex 13.25856291631826 6.996053456856544 4.255934242118451
      vertex 13.616217302413514 6.996053456856544 4.059312079485436
    endloop
  endfacet
  facet normal 0 1 0
    outer loop
      vertex 13.25856291631826 6.996053456856544 4.255934242118451
      vertex -6.187856470641459 6.996053456856544 5.767815209328361
      vertex -6.043769410125094 6.996053456856544 5.941986545873548
    endloop
  endfacet
  facet normal 0 1 0
    outer loop
      vertex 13.25856291631826 6.996053456856544 4.255934242118451
      vertex -6.043769410125094 6.996053456856544 5.941986545873548
      vertex -5.922647975921046 6.996053456856544 6.132843386616912
    endloop
  endfacet
  facet normal 0 1 0
    outer loop
      vertex 13.25856291631826 6.996053456856544 4.255934242118451
      vertex -5.922647975921046 6.996053456856544 6.132843386616912
      vertex -5.826402325401148 6.996053456856544 6.337375805167579
    endloop
  endfacet
  facet normal 0 1 0
    outer loop
      vertex 13.25856291631826 6.996053456856544 4.255934242118451
      vertex -5.826402325401148 6.996053456856544 6.337375805167579
      vertex -5.756550309968464 6.996053456856544 6.552358203103262
    endloop
  endfacet
  facet normal 0 1 0
    outer loop
      vertex 13.25856291631826 6.996053456856544 4.255934242118451
      vertex -5.756550309968464 6.996053456856544 6.552358203103262
      vertex -5.71419353763394 6.996053456856544 6.774400179584252
    endloop
  endfacet
  facet normal 0 1 0
    outer loop
      vertex 13.25856291631826 6.996053456856544 4.255934242118451
      vertex -5.71419353763394 6.996053456856544 6.774400179584252
      vertex -5.7 6.996053456856544 7
    endloop
  endfacet
  facet normal 0 1 0
    outer loop
      vertex 13.25856291631826 6.996053456856544 4.255934242118451
      vertex -5.7 6.996053456856544 7
      vertex -5.71419353763394 6.996053456856544 7.225599820415748
    endloop
  endfacet
  facet normal 0 1 0
    outer loop
      vertex 13.25856291631826 6.996053456856544 4.255934242118451
      vertex -5.71419353763394 6.996053456856544 7.225599820415748
      vertex -5.756550309968464 6.996053456856544 7.447641796896739
    endloop
  endfacet
  facet normal 0 1 0
    outer loop
      vertex 13.25856291631826 6.996053456856544 4.255934242118451
      vertex -5.756550309968464 6.996053456856544 7.447641796896739
      vertex -5.826402325401148 6.996053456856544 7.6626241948324205
    endloop
  endfacet
  facet normal 0 1 0
    outer loop
      vertex 13.25856291631826 6.996053456856544 4.255934242118451
      vertex -5.826402325401148 6.996053456856544 7.6626241948324205
      vertex -5.922647975921046 6.996053456856544 7.867156613383088
    endloop
  endfacet
  facet normal 0 1 0
    outer loop
      vertex 13.25856291631826 6.996053456856544 4.255934242118451
      vertex -5.922647975921046 6.996053456856544 7.867156613383088
      vertex -6.043769410125094 6.996053456856544 8.058013454126451
    endloop
  endfacet
  facet normal 0 1 0
    outer loop
      vertex 13.25856291631826 6.996053456856544 4.255934242118451
      vertex -6.043769410125094 6.996053456856544 8.058013454126451
      vertex -6.187856470641459 6.996053456856544 8.23218479067164
    endloop
  endfacet
  facet normal 0 1 0
    outer loop
      vertex -6.352636818452359 6.996053456856544 8.38692383699642
      vertex 13.25856291631826 6.996053456856544 4.255934242118451
      vertex -6.187856470641459 6.996053456856544 8.23218479067164
    endloop
  endfacet
  facet normal 0 1 0
    outer loop
      vertex -6.352636818452359 6.996053456856544 8.38692383699642
      vertex 12.928372033316759 6.996053456856544 4.495831960978684
      vertex 13.25856291631826 6.996053456856544 4.255934242118451
    endloop
  endfacet
  facet normal 0 1 0
    outer loop
      vertex -6.352636818452359 6.996053456856544 8.38692383699642
      vertex 12.630851960880412 6.996053456856544 4.775221905731762
      vertex 12.928372033316759 6.996053456856544 4.495831960978684
    endloop
  endfacet
  facet normal 0 1 0
    outer loop
      vertex -6.352636818452359 6.996053456856544 8.38692383699642
      vertex 12.370694768281421 6.996053456856544 5.0896979300494625
      vertex 12.630851960880412 6.996053456856544 4.775221905731762
    endloop
  endfacet
  facet normal 0 1 0
    outer loop
      vertex -6.352636818452359 6.996053456856544 8.38692383699642
      vertex 12.152003289857443 6.996053456856544 5.434300559169425
      vertex 12.370694768281421 6.996053456856544 5.0896979300494625
    endloop
  endfacet
  facet normal 0 1 0
    outer loop
      vertex -6.352636818452359 6.996053456856544 8.38692383699642
      vertex 11.978226420863184 6.996053456856544 5.803595203774797
      vertex 12.152003289857443 6.996053456856544 5.434300559169425
    endloop
  endfacet
  facet normal 0 1 0
    outer loop
      vertex -6.352636818452359 6.996053456856544 8.38692383699642
      vertex 11.852104726331948 6.996053456856544 6.191757866714221
      vertex 11.978226420863184 6.996053456856544 5.803595203774797
    endloop
  endfacet
  facet normal 0 1 0
    outer loop
      vertex 16.383782697586486 6.996053456856544 4.059312079485436
      vertex 22.837286366254304 6.996053456856544 5.2318829486883605
      vertex 16.00430523171858 6.996053456856544 3.909066322040751
    endloop
  endfacet
  facet normal 0 0 -1
    outer loop
      vertex 9.285806462366061 0.22559982041574766 0
      vertex 26.775627220727948 0.40733300908398823 0
      vertex 26.75 0 0
    endloop
  endfacet
  facet normal 0 0 -1
    outer loop
      vertex 9.243449690031536 0.44764179689673866 0
      vertex 26.852104726331948 0.8082421332857783 0
      vertex 26.775627220727948 0.40733300908398823 0
    endloop
  endfacet
  facet normal 0 0 -1
    outer loop
      vertex 9.243449690031536 0.44764179689673866 0
      vertex 26.978226420863184 1.1964047962252031 0
      vertex 26.852104726331948 0.8082421332857783 0
    endloop
  endfacet
  facet normal 0 0 -1
    outer loop
      vertex 9.243449690031536 0.44764179689673866 0
      vertex 27.152003289857443 1.5656994408305749 0
      vertex 26.978226420863184 1.1964047962252031 0
    endloop
  endfacet
  facet normal 0 0 -1
    outer loop
      vertex 9.243449690031536 0.44764179689673866 0
      vertex 27.37069476828142 1.9103020699505378 0
      vertex 27.152003289857443 1.5656994408305749 0
    endloop
  endfacet
  facet normal 0 0 -1
    outer loop
      vertex 9.243449690031536 0.44764179689673866 0
      vertex 27.630851960880413 2.224778094268238 0
      vertex 27.37069476828142 1.9103020699505378 0
    endloop
  endfacet
  facet normal 0 0 -1
    outer loop
      vertex 9.243449690031536 0.44764179689673866 0
      vertex 27.92837203331676 2.5041680390213155 0
      vertex 27.630851960880413 2.224778094268238 0
    endloop
  endfacet
  facet normal 0 0 -1
    outer loop
      vertex 9.243449690031536 0.44764179689673866 0
      vertex 28.25856291631826 2.7440657578815486 0
      vertex 27.92837203331676 2.5041680390213155 0
    endloop
  endfacet
  facet normal 0 0 -1
    outer loop
      vertex 9.243449690031536 0.44764179689673866 0
      vertex 28.616217302413514 2.9406879205145633 0
      vertex 28.25856291631826 2.7440657578815486 0
    endloop
  endfacet
  facet normal 0 0 -1
    outer loop
      vertex 9.243449690031536 0.44764179689673866 0
      vertex 28.99569476828142 3.090933677959249 0
      vertex 28.616217302413514 2.9406879205145633 0
    endloop
  endfacet
  facet normal 0 0 -1
    outer loop
      vertex 9.243449690031536 0.44764179689673866 0
      vertex 29.391010727596395 3.1924335648682383 0
      vertex 28.99569476828142 3.090933677959249 0
    endloop
  endfacet
  facet normal 0 0 -1
    outer loop
      vertex 37 5 0
      vertex 29.391010727596395 3.1924335648682383 0
      vertex 9.243449690031536 0.44764179689673866 0
    endloop
  endfacet
  facet normal 0 0 -1
    outer loop
      vertex 37 5 0
      vertex 33.02177357913682 -1.1964047962252047 0
      vertex 33.14789527366805 -0.8082421332857769 0
    endloop
  endfacet
  facet normal 0 0 -1
    outer loop
      vertex 37 5 0
      vertex 33.14789527366805 -0.8082421332857769 0
      vertex 33.22437277927205 -0.40733300908398823 0
    endloop
  endfacet
  facet normal 0 0 -1
    outer loop
      vertex 37 5 0
      vertex 33.22437277927205 -0.40733300908398823 0
      vertex 33.25 0 0
    endloop
  endfacet
  facet normal 0 0 -1
    outer loop
      vertex 37 5 0
      vertex 33.25 0 0
      vertex 33.22437277927205 0.40733300908398884 0
    endloop
  endfacet
  facet normal 0 0 -1
    outer loop
      vertex 37 5 0
      vertex 33.22437277927205 0.40733300908398884 0
      vertex 33.14789527366805 0.8082421332857781 0
    endloop
  endfacet
  facet normal 0 0 -1
    outer loop
      vertex 37 5 0
      vertex 33.14789527366805 0.8082421332857781 0
      vertex 33.02177357913682 1.1964047962252033 0
    endloop
  endfacet
  facet normal 0 0 -1
    outer loop
      vertex 37 5 0
      vertex 33.02177357913682 1.1964047962252033 0
      vertex 32.84799671014255 1.5656994408305749 0
    endloop
  endfacet
  facet normal 0 0 -1
    outer loop
      vertex 37 5 0
      vertex 32.84799671014255 1.5656994408305749 0
      vertex 32.629305231718575 1.9103020699505378 0
    endloop
  endfacet
  facet normal 0 0 -1
    outer loop
      vertex 37 5 0
      vertex 32.629305231718575 1.9103020699505378 0
      vertex 32.36914803911959 2.2247780942682382 0
    endloop
  endfacet
  facet normal 0 0 -1
    outer loop
      vertex 37 5 0
      vertex 32.36914803911959 2.2247780942682382 0
      vertex 32.071627966683245 2.5041680390213146 0
    endloop
  endfacet
  facet normal 0 0 -1
    outer loop
      vertex 37 5 0
      vertex 32.071627966683245 2.5041680390213146 0
      vertex 31.74143708368174 2.744065757881549 0
    endloop
  endfacet
  facet normal 1 0 0
    outer loop
      vertex 37 -5 0
      vertex 37 5 0
      vertex 37 5 14
    endloop
  endfacet
  facet normal 0 1 0
    outer loop
      vertex 35.12558103905862 6.996053456856544 0
      vertex 14.79593081152973 6.996053456856544 3.7564131326081176
      vertex 15.20406918847027 6.996053456856544 3.7564131326081176
    endloop
  endfacet
  facet normal 0 1 0
    outer loop
      vertex 35.12558103905862 6.996053456856544 0
      vertex 15.20406918847027 6.996053456856544 3.7564131326081176
      vertex 15.608989272403605 6.996053456856544 3.807566435131762
    endloop
  endfacet
  facet normal 0 1 0
    outer loop
      vertex 35.12558103905862 6.996053456856544 0
      vertex 15.608989272403605 6.996053456856544 3.807566435131762
      vertex 16.00430523171858 6.996053456856544 3.909066322040751
    endloop
  endfacet
  facet normal 0 1 0
    outer loop
      vertex 35.12558103905862 6.996053456856544 0
      vertex 16.00430523171858 6.996053456856544 3.909066322040751
      vertex 22.837286366254304 6.996053456856544 5.2318829486883605
    endloop
  endfacet
  facet normal 0 0 -1
    outer loop
      vertex 37 5 0
      vertex 29.795930811529733 3.2435868673918824 0
      vertex 29.391010727596395 3.1924335648682383 0
    endloop
  endfacet
  facet normal 0 0 -1
    outer loop
      vertex 37 5 0
      vertex 30.204069188470267 3.2435868673918824 0
      vertex 29.795930811529733 3.2435868673918824 0
    endloop
  endfacet
  facet normal 0 0 -1
    outer loop
      vertex 37 5 0
      vertex 31.74143708368174 2.744065757881549 0
      vertex 31.383782697586486 2.9406879205145633 0
    endloop
  endfacet
  facet normal 0 0 -1
    outer loop
      vertex 37 5 0
      vertex 31.383782697586486 2.9406879205145633 0
      vertex 31.00430523171858 3.090933677959249 0
    endloop
  endfacet
  facet normal 0 0 -1
    outer loop
      vertex 37 5 0
      vertex 30.608989272403605 3.1924335648682383 0
      vertex 30.204069188470267 3.2435868673918824 0
    endloop
  endfacet
  facet normal 0 0 -1
    outer loop
      vertex 37 5 0
      vertex 31.00430523171858 3.090933677959249 0
      vertex 30.608989272403605 3.1924335648682383 0
    endloop
  endfacet
  facet normal 0 0 -1
    outer loop
      vertex 37 5 0
      vertex 36.8595529717765 5.736249105369356 0
      vertex 36.984229402628955 5.2506664671286085 0
    endloop
  endfacet
  facet normal 0 0 -1
    outer loop
      vertex 36.984229402628955 5.2506664671286085 0
      vertex 36.8595529717765 5.736249105369356 0
      vertex 36.93716632225726 5.497379774329709 0
    endloop
  endfacet
  facet normal 0 0 -1
    outer loop
      vertex 37 5 0
      vertex 36.457937254842825 6.3690942118573775 0
      vertex 36.8595529717765 5.736249105369356 0
    endloop
  endfacet
  facet normal 0 0 -1
    outer loop
      vertex 36.8595529717765 5.736249105369356 0
      vertex 36.457937254842825 6.3690942118573775 0
      vertex 36.75261336008773 5.96350734820343 0
    endloop
  endfacet
  facet normal 0 0 -1
    outer loop
      vertex 37 5 0
      vertex 35.12558103905862 6.996053456856544 0
      vertex 36.457937254842825 6.3690942118573775 0
    endloop
  endfacet
  facet normal 0 0 -1
    outer loop
      vertex 36.75261336008773 5.96350734820343 0
      vertex 36.457937254842825 6.3690942118573775 0
      vertex 36.61803398874989 6.175570504584947 0
    endloop
  endfacet
  facet normal 0 0 -1
    outer loop
      vertex 36.457937254842825 6.3690942118573775 0
      vertex 35.12558103905862 6.996053456856544 0
      vertex 35.85155858313014 6.809654104932039 0
    endloop
  endfacet
  facet normal 0 0 -1
    outer loop
      vertex 35.12558103905862 6.996053456856544 0
      vertex 35.37476262917145 6.964574501457378 0
      vertex 35.85155858313014 6.809654104932039 0
    endloop
  endfacet
  facet normal 0 0 -1
    outer loop
      vertex 35.37476262917145 6.964574501457378 0
      vertex 35.61803398874989 6.902113032590307 0
      vertex 35.85155858313014 6.809654104932039 0
    endloop
  endfacet
  facet normal 0 0 -1
    outer loop
      vertex 36.27484797949738 6.541026485551578 0
      vertex 36.457937254842825 6.3690942118573775 0
      vertex 35.85155858313014 6.809654104932039 0
    endloop
  endfacet
  facet normal 0 0 -1
    outer loop
      vertex 36.27484797949738 6.541026485551578 0
      vertex 35.85155858313014 6.809654104932039 0
      vertex 36.071653589958 6.688655851004031 0
    endloop
  endfacet
  facet normal 0 1 0
    outer loop
      vertex 16.74143708368174 6.996053456856544 4.2559342421184505
      vertex 22.613022935152763 6.996053456856544 5.203551888829111
      vertex 16.383782697586486 6.996053456856544 4.059312079485436
    endloop
  endfacet
  facet normal 0 1 0
    outer loop
      vertex 17.07162796668324 6.996053456856544 4.495831960978686
      vertex 22.386977064847237 6.996053456856544 5.203551888829111
      vertex 16.74143708368174 6.996053456856544 4.2559342421184505
    endloop
  endfacet
  facet normal 0 1 0
    outer loop
      vertex 17.369148039119587 6.996053456856544 4.775221905731762
      vertex 21.943769410125096 6.996053456856544 5.288098270668724
      vertex 17.07162796668324 6.996053456856544 4.495831960978686
    endloop
  endfacet
  facet normal 0 1 0
    outer loop
      vertex 17.369148039119587 6.996053456856544 4.775221905731762
      vertex 17.62930523171858 6.996053456856544 5.0896979300494625
      vertex 21.73359727518287 6.996053456856544 5.371311305561164
    endloop
  endfacet
  facet normal 0 1 0
    outer loop
      vertex 22.837286366254304 6.996053456856544 5.2318829486883605
      vertex 16.383782697586486 6.996053456856544 4.059312079485436
      vertex 22.613022935152763 6.996053456856544 5.203551888829111
    endloop
  endfacet
  facet normal 0 1 0
    outer loop
      vertex 16.74143708368174 6.996053456856544 4.2559342421184505
      vertex 22.386977064847237 6.996053456856544 5.203551888829111
      vertex 22.613022935152763 6.996053456856544 5.203551888829111
    endloop
  endfacet
  facet normal 0 1 0
    outer loop
      vertex 22.162713633745696 6.996053456856544 5.2318829486883605
      vertex 17.07162796668324 6.996053456856544 4.495831960978686
      vertex 21.943769410125096 6.996053456856544 5.288098270668724
    endloop
  endfacet
  facet normal 0 1 0
    outer loop
      vertex 17.07162796668324 6.996053456856544 4.495831960978686
      vertex 22.162713633745696 6.996053456856544 5.2318829486883605
      vertex 22.386977064847237 6.996053456856544 5.203551888829111
    endloop
  endfacet
  facet normal 0 1 0
    outer loop
      vertex 17.369148039119587 6.996053456856544 4.775221905731762
      vertex 21.73359727518287 6.996053456856544 5.371311305561164
      vertex 21.943769410125096 6.996053456856544 5.288098270668724
    endloop
  endfacet
  facet normal 0 1 0
    outer loop
      vertex 35.12558103905862 6.996053456856544 0
      vertex 22.837286366254304 6.996053456856544 5.2318829486883605
      vertex 23.056230589874904 6.996053456856544 5.288098270668724
    endloop
  endfacet
  facet normal 0 1 0
    outer loop
      vertex 35.12558103905862 6.996053456856544 0
      vertex 23.056230589874904 6.996053456856544 5.288098270668724
      vertex 23.26640272481713 6.996053456856544 5.371311305561164
    endloop
  endfacet
  facet normal 0 1 0
    outer loop
      vertex 35.12558103905862 6.996053456856544 0
      vertex 23.26640272481713 6.996053456856544 5.371311305561164
      vertex 23.464488230962193 6.996053456856544 5.4802097340963725
    endloop
  endfacet
  facet normal 0 1 0
    outer loop
      vertex 35.12558103905862 6.996053456856544 0
      vertex 23.464488230962193 6.996053456856544 5.4802097340963725
      vertex 23.647363181547643 6.996053456856544 5.61307616300358
    endloop
  endfacet
  facet normal 0 1 0
    outer loop
      vertex 35.12558103905862 6.996053456856544 0
      vertex 23.647363181547643 6.996053456856544 5.61307616300358
      vertex 23.81214352935854 6.996053456856544 5.767815209328361
    endloop
  endfacet
  facet normal 0 1 0
    outer loop
      vertex 35.12558103905862 6.996053456856544 0
      vertex 23.81214352935854 6.996053456856544 5.767815209328361
      vertex 23.956230589874906 6.996053456856544 5.941986545873548
    endloop
  endfacet
  facet normal 0 1 0
    outer loop
      vertex 35.12558103905862 6.996053456856544 0
      vertex 23.956230589874906 6.996053456856544 5.941986545873548
      vertex 24.077352024078955 6.996053456856544 6.132843386616912
    endloop
  endfacet
  facet normal 0 1 0
    outer loop
      vertex 17.62930523171858 6.996053456856544 5.0896979300494625
      vertex 17.847996710142557 6.996053456856544 5.434300559169425
      vertex 21.35263681845236 6.996053456856544 5.613076163003579
    endloop
  endfacet
  facet normal 0 1 0
    outer loop
      vertex 17.847996710142557 6.996053456856544 5.434300559169425
      vertex 18.021773579136816 6.996053456856544 5.803595203774796
      vertex 21.18785647064146 6.996053456856544 5.767815209328361
    endloop
  endfacet
  facet normal 0 1 0
    outer loop
      vertex 17.62930523171858 6.996053456856544 5.0896979300494625
      vertex 21.35263681845236 6.996053456856544 5.613076163003579
      vertex 21.535511769037807 6.996053456856544 5.480209734096373
    endloop
  endfacet
  facet normal 0 1 0
    outer loop
      vertex 21.73359727518287 6.996053456856544 5.371311305561164
      vertex 17.62930523171858 6.996053456856544 5.0896979300494625
      vertex 21.535511769037807 6.996053456856544 5.480209734096373
    endloop
  endfacet
  facet normal 0 1 0
    outer loop
      vertex 17.847996710142557 6.996053456856544 5.434300559169425
      vertex 21.18785647064146 6.996053456856544 5.767815209328361
      vertex 21.35263681845236 6.996053456856544 5.613076163003579
    endloop
  endfacet
  facet normal 0 1 0
    outer loop
      vertex 18.021773579136816 6.996053456856544 5.803595203774796
      vertex 18.147895273668052 6.996053456856544 6.191757866714223
      vertex 21.043769410125094 6.996053456856544 5.941986545873548
    endloop
  endfacet
  facet normal 0 1 0
    outer loop
      vertex 18.021773579136816 6.996053456856544 5.803595203774796
      vertex 21.043769410125094 6.996053456856544 5.941986545873548
      vertex 21.18785647064146 6.996053456856544 5.767815209328361
    endloop
  endfacet
  facet normal 0 1 0
    outer loop
      vertex 20.922647975921045 6.996053456856544 6.132843386616912
      vertex 21.043769410125094 6.996053456856544 5.941986545873548
      vertex 18.147895273668052 6.996053456856544 6.191757866714223
    endloop
  endfacet
  facet normal 0 1 0
    outer loop
      vertex 18.147895273668052 6.996053456856544 6.191757866714223
      vertex 18.224372779272052 6.996053456856544 6.592666990916012
      vertex 20.826402325401148 6.996053456856544 6.3373758051675795
    endloop
  endfacet
  facet normal 0 1 0
    outer loop
      vertex 18.147895273668052 6.996053456856544 6.191757866714223
      vertex 20.826402325401148 6.996053456856544 6.3373758051675795
      vertex 20.922647975921045 6.996053456856544 6.132843386616912
    endloop
  endfacet
  facet normal 0 1 0
    outer loop
      vertex 18.224372779272052 6.996053456856544 6.592666990916012
      vertex 20.756550309968464 6.996053456856544 6.552358203103261
      vertex 20.826402325401148 6.996053456856544 6.3373758051675795
    endloop
  endfacet
  facet normal 0 1 0
    outer loop
      vertex 18.224372779272052 6.996053456856544 6.592666990916012
      vertex 18.25 6.996053456856544 7
      vertex 20.756550309968464 6.996053456856544 6.552358203103261
    endloop
  endfacet
  facet normal 0 1 0
    outer loop
      vertex 20.71419353763394 6.996053456856544 6.774400179584252
      vertex 20.756550309968464 6.996053456856544 6.552358203103261
      vertex 18.25 6.996053456856544 7
    endloop
  endfacet
  facet normal 0 1 0
    outer loop
      vertex 20.7 6.996053456856544 7
      vertex 20.71419353763394 6.996053456856544 6.774400179584252
      vertex 18.25 6.996053456856544 7
    endloop
  endfacet
  facet normal 0.9980267284282714 0.06279051952931565 0
    outer loop
      vertex 37 5 0
      vertex 36.984229402628955 5.2506664671286085 0
      vertex 37 5 14
    endloop
  endfacet
  facet normal 0 1 0
    outer loop
      vertex 35.12558103905862 6.996053456856544 0
      vertex 24.077352024078955 6.996053456856544 6.132843386616912
      vertex 24.173597674598852 6.996053456856544 6.337375805167579
    endloop
  endfacet
  facet normal 0 1 0
    outer loop
      vertex 35.12558103905862 6.996053456856544 0
      vertex 24.173597674598852 6.996053456856544 6.337375805167579
      vertex 24.243449690031536 6.996053456856544 6.552358203103262
    endloop
  endfacet
  facet normal 0 1 0
    outer loop
      vertex 35.12558103905862 6.996053456856544 0
      vertex 24.243449690031536 6.996053456856544 6.552358203103262
      vertex 24.28580646236606 6.996053456856544 6.774400179584252
    endloop
  endfacet
  facet normal 0 1 0
    outer loop
      vertex 35.12558103905862 6.996053456856544 0
      vertex 24.28580646236606 6.996053456856544 6.774400179584252
      vertex 24.3 6.996053456856544 7
    endloop
  endfacet
  facet normal 0 1 0
    outer loop
      vertex 35.12558103905862 6.996053456856544 0
      vertex 24.3 6.996053456856544 7
      vertex 24.28580646236606 6.996053456856544 7.225599820415748
    endloop
  endfacet
  facet normal 0 1 0
    outer loop
      vertex 35.12558103905862 6.996053456856544 0
      vertex 24.28580646236606 6.996053456856544 7.225599820415748
      vertex 24.243449690031536 6.996053456856544 7.447641796896739
    endloop
  endfacet
  facet normal 0 1 0
    outer loop
      vertex 35.12558103905862 6.996053456856544 0
      vertex 24.243449690031536 6.996053456856544 7.447641796896739
      vertex 24.173597674598852 6.996053456856544 7.6626241948324205
    endloop
  endfacet
  facet normal 0.9822872507286889 0.187381314585723 0
    outer loop
      vertex 36.984229402628955 5.2506664671286085 0
      vertex 36.93716632225726 5.497379774329709 0
      vertex 36.984229402628955 5.2506664671286085 14
    endloop
  endfacet
  facet normal 0.9510565162951526 0.30901699437495045 0
    outer loop
      vertex 36.93716632225726 5.497379774329709 0
      vertex 36.8595529717765 5.736249105369356 0
      vertex 36.8595529717765 5.736249105369356 14
    endloop
  endfacet
  facet normal 0.9048270524660235 0.42577929156506444 0
    outer loop
      vertex 36.8595529717765 5.736249105369356 0
      vertex 36.75261336008773 5.96350734820343 0
      vertex 36.8595529717765 5.736249105369356 14
    endloop
  endfacet
  facet normal 0.8443279255020099 0.5358267949790049 0
    outer loop
      vertex 36.75261336008773 5.96350734820343 0
      vertex 36.61803398874989 6.175570504584947 0
      vertex 36.75261336008773 5.96350734820343 14
    endloop
  endfacet
  facet normal 0.7705132427757965 0.637423989748681 0
    outer loop
      vertex 36.61803398874989 6.175570504584947 0
      vertex 36.457937254842825 6.3690942118573775 0
      vertex 36.457937254842825 6.3690942118573775 14
    endloop
  endfacet
  facet normal 0.684547105928685 0.728968627421415 0
    outer loop
      vertex 36.27484797949738 6.541026485551578 0
      vertex 36.457937254842825 6.3690942118573775 14
      vertex 36.457937254842825 6.3690942118573775 0
    endloop
  endfacet
  facet normal 0.12533323356430293 0.992114701314478 0
    outer loop
      vertex 35.12558103905862 6.996053456856544 0
      vertex 35.12558103905862 6.996053456856544 14
      vertex 35.37476262917145 6.964574501457378 0
    endloop
  endfacet
  facet normal 0.36812455268468 0.9297764858882507 0
    outer loop
      vertex 35.61803398874989 6.902113032590307 0
      vertex 35.61803398874989 6.902113032590307 14
      vertex 35.85155858313014 6.809654104932039 0
    endloop
  endfacet
  facet normal 0.2486898871648574 0.9685831611286304 0
    outer loop
      vertex 35.37476262917145 6.964574501457378 0
      vertex 35.61803398874989 6.902113032590307 14
      vertex 35.61803398874989 6.902113032590307 0
    endloop
  endfacet
  facet normal 0.5877852522924799 0.8090169943749425 0
    outer loop
      vertex 36.27484797949738 6.541026485551578 0
      vertex 36.071653589958 6.688655851004031 0
      vertex 36.27484797949738 6.541026485551578 14
    endloop
  endfacet
  facet normal 0.48175367410170333 0.8763066800438702 0
    outer loop
      vertex 36.071653589958 6.688655851004031 0
      vertex 35.85155858313014 6.809654104932039 0
      vertex 35.85155858313014 6.809654104932039 14
    endloop
  endfacet
  facet normal 0 0 1
    outer loop
      vertex 3.25 0 14
      vertex 5.71419353763394 0.22559982041574733 14
      vertex 3.224372779272053 0.40733300908398884 14
    endloop
  endfacet
  facet normal 0 0 1
    outer loop
      vertex 3.224372779272053 0.40733300908398884 14
      vertex 5.756550309968464 0.4476417968967387 14
      vertex 3.147895273668051 0.8082421332857781 14
    endloop
  endfacet
  facet normal 0 0 1
    outer loop
      vertex 3.147895273668051 0.8082421332857781 14
      vertex 5.922647975921046 0.8671566133830877 14
      vertex 3.0217735791368168 1.1964047962252033 14
    endloop
  endfacet
  facet normal 0 0 1
    outer loop
      vertex 3.0217735791368168 1.1964047962252033 14
      vertex 6.043769410125094 1.0580134541264516 14
      vertex 2.8479967101425565 1.5656994408305749 14
    endloop
  endfacet
  facet normal 0 0 1
    outer loop
      vertex 2.8479967101425565 1.5656994408305749 14
      vertex 6.187856470641459 1.2321847906716394 14
      vertex 2.629305231718579 1.9103020699505378 14
    endloop
  endfacet
  facet normal 0 0 1
    outer loop
      vertex 3.25 0 14
      vertex 5.7 0 14
      vertex 5.71419353763394 0.22559982041574733 14
    endloop
  endfacet
  facet normal 0 0 1
    outer loop
      vertex 5.756550309968464 0.4476417968967387 14
      vertex 3.224372779272053 0.40733300908398884 14
      vertex 5.71419353763394 0.22559982041574733 14
    endloop
  endfacet
  facet normal 0 0 1
    outer loop
      vertex 5.826402325401148 0.6626241948324202 14
      vertex 3.147895273668051 0.8082421332857781 14
      vertex 5.756550309968464 0.4476417968967387 14
    endloop
  endfacet
  facet normal 0 0 1
    outer loop
      vertex 3.147895273668051 0.8082421332857781 14
      vertex 5.826402325401148 0.6626241948324202 14
      vertex 5.922647975921046 0.8671566133830877 14
    endloop
  endfacet
  facet normal 0 0 1
    outer loop
      vertex 6.043769410125094 1.0580134541264516 14
      vertex 3.0217735791368168 1.1964047962252033 14
      vertex 5.922647975921046 0.8671566133830877 14
    endloop
  endfacet
  facet normal 0 0 1
    outer loop
      vertex 6.187856470641459 1.2321847906716394 14
      vertex 2.8479967101425565 1.5656994408305749 14
      vertex 6.043769410125094 1.0580134541264516 14
    endloop
  endfacet
  facet normal 0 0 1
    outer loop
      vertex 6.187856470641459 1.2321847906716394 14
      vertex 6.352636818452359 1.386923836996421 14
      vertex 2.629305231718579 1.9103020699505378 14
    endloop
  endfacet
  facet normal 0 0 1
    outer loop
      vertex 6.352636818452359 1.386923836996421 14
      vertex 6.5355117690378055 1.5197902659036269 14
      vertex 2.629305231718579 1.9103020699505378 14
    endloop
  endfacet
  facet normal 0 0 1
    outer loop
      vertex 2.629305231718579 1.9103020699505378 14
      vertex 6.5355117690378055 1.5197902659036269 14
      vertex 2.3691480391195876 2.2247780942682382 14
    endloop
  endfacet
  facet normal 0 0 1
    outer loop
      vertex 6.733597275182869 1.628688694438835 14
      vertex 2.071627966683242 2.5041680390213146 14
      vertex 2.3691480391195876 2.2247780942682382 14
    endloop
  endfacet
  facet normal 0 0 1
    outer loop
      vertex 7.613022935152764 1.7964481111708888 14
      vertex 1.004305231718579 3.090933677959249 14
      vertex 1.3837826975864864 2.9406879205145633 14
    endloop
  endfacet
  facet normal 0 0 1
    outer loop
      vertex 7.162713633745696 1.7681170513116398 14
      vertex 1.7414370836817392 2.744065757881549 14
      vertex 2.071627966683242 2.5041680390213146 14
    endloop
  endfacet
  facet normal 0 0 1
    outer loop
      vertex 7.386977064847236 1.7964481111708888 14
      vertex 1.3837826975864864 2.9406879205145633 14
      vertex 1.7414370836817392 2.744065757881549 14
    endloop
  endfacet
  facet normal 0 0 1
    outer loop
      vertex 7.613022935152764 1.7964481111708888 14
      vertex 0.6089892724036049 3.1924335648682383 14
      vertex 1.004305231718579 3.090933677959249 14
    endloop
  endfacet
  facet normal 0 0 1
    outer loop
      vertex 6.5355117690378055 1.5197902659036269 14
      vertex 6.733597275182869 1.628688694438835 14
      vertex 2.3691480391195876 2.2247780942682382 14
    endloop
  endfacet
  facet normal 0 0 1
    outer loop
      vertex 6.733597275182869 1.628688694438835 14
      vertex 6.943769410125094 1.7119017293312764 14
      vertex 2.071627966683242 2.5041680390213146 14
    endloop
  endfacet
  facet normal 0 0 1
    outer loop
      vertex 6.943769410125094 1.7119017293312764 14
      vertex 7.162713633745696 1.7681170513116398 14
      vertex 2.071627966683242 2.5041680390213146 14
    endloop
  endfacet
  facet normal 0 0 1
    outer loop
      vertex 7.162713633745696 1.7681170513116398 14
      vertex 7.386977064847236 1.7964481111708888 14
      vertex 1.7414370836817392 2.744065757881549 14
    endloop
  endfacet
  facet normal 0 0 1
    outer loop
      vertex 7.386977064847236 1.7964481111708888 14
      vertex 7.613022935152764 1.7964481111708888 14
      vertex 1.3837826975864864 2.9406879205145633 14
    endloop
  endfacet
  facet normal 0 0 1
    outer loop
      vertex 37 5 14
      vertex 8.464488230962193 -1.5197902659036275 14
      vertex 8.26640272481713 -1.6286886944388352 14
    endloop
  endfacet
  facet normal 0 0 1
    outer loop
      vertex 37 5 14
      vertex 8.647363181547641 -1.3869238369964203 14
      vertex 8.464488230962193 -1.5197902659036275 14
    endloop
  endfacet
  facet normal 0 0 1
    outer loop
      vertex 37 5 14
      vertex 8.812143529358542 -1.2321847906716394 14
      vertex 8.647363181547641 -1.3869238369964203 14
    endloop
  endfacet
  facet normal 0 0 1
    outer loop
      vertex 37 5 14
      vertex 8.956230589874906 -1.0580134541264516 14
      vertex 8.812143529358542 -1.2321847906716394 14
    endloop
  endfacet
  facet normal 0 0 1
    outer loop
      vertex 37 5 14
      vertex 9.077352024078955 -0.8671566133830877 14
      vertex 8.956230589874906 -1.0580134541264516 14
    endloop
  endfacet
  facet normal 0 0 1
    outer loop
      vertex 37 5 14
      vertex 9.173597674598852 -0.6626241948324211 14
      vertex 9.077352024078955 -0.8671566133830877 14
    endloop
  endfacet
  facet normal 0 0 1
    outer loop
      vertex 37 5 14
      vertex 9.243449690031536 -0.447641796896738 14
      vertex 9.173597674598852 -0.6626241948324211 14
    endloop
  endfacet
  facet normal 0 0 1
    outer loop
      vertex 37 5 14
      vertex 9.173597674598852 0.6626241948324204 14
      vertex 9.243449690031536 0.44764179689673866 14
    endloop
  endfacet
  facet normal 0 0 1
    outer loop
      vertex 37 5 14
      vertex 9.077352024078955 0.8671566133830876 14
      vertex 9.173597674598852 0.6626241948324204 14
    endloop
  endfacet
  facet normal 0 0 1
    outer loop
      vertex 37 5 14
      vertex 8.956230589874906 1.0580134541264516 14
      vertex 9.077352024078955 0.8671566133830876 14
    endloop
  endfacet
  facet normal 0 0 1
    outer loop
      vertex 37 5 14
      vertex 8.81214352935854 1.2321847906716397 14
      vertex 8.956230589874906 1.0580134541264516 14
    endloop
  endfacet
  facet normal 0 0 1
    outer loop
      vertex 37 5 14
      vertex 8.647363181547641 1.3869238369964205 14
      vertex 8.81214352935854 1.2321847906716397 14
    endloop
  endfacet
  facet normal 0 0 1
    outer loop
      vertex 37 5 14
      vertex 0.6089892724036049 3.1924335648682383 14
      vertex 7.613022935152764 1.7964481111708888 14
    endloop
  endfacet
  facet normal 0 0 1
    outer loop
      vertex 37 5 14
      vertex 8.26640272481713 1.628688694438835 14
      vertex 8.464488230962194 1.519790265903627 14
    endloop
  endfacet
  facet normal 0 0 1
    outer loop
      vertex 37 5 14
      vertex 7.837286366254304 1.7681170513116398 14
      vertex 8.056230589874906 1.7119017293312764 14
    endloop
  endfacet
  facet normal 0 0 1
    outer loop
      vertex 37 5 14
      vertex 8.056230589874906 1.7119017293312764 14
      vertex 8.26640272481713 1.628688694438835 14
    endloop
  endfacet
  facet normal 0 0 1
    outer loop
      vertex 37 5 14
      vertex 8.464488230962194 1.519790265903627 14
      vertex 8.647363181547641 1.3869238369964205 14
    endloop
  endfacet
  facet normal 0 0 1
    outer loop
      vertex 37 5 14
      vertex 7.613022935152764 1.7964481111708888 14
      vertex 7.837286366254304 1.7681170513116398 14
    endloop
  endfacet
  facet normal 0 1 0
    outer loop
      vertex -6.352636818452359 6.996053456856544 8.38692383699642
      vertex 11.775627220727948 6.996053456856544 6.592666990916012
      vertex 11.852104726331948 6.996053456856544 6.191757866714221
    endloop
  endfacet
  facet normal 0 1 0
    outer loop
      vertex -6.352636818452359 6.996053456856544 8.38692383699642
      vertex 11.75 6.996053456856544 7
      vertex 11.775627220727948 6.996053456856544 6.592666990916012
    endloop
  endfacet
  facet normal 0 1 0
    outer loop
      vertex -6.352636818452359 6.996053456856544 8.38692383699642
      vertex 11.775627220727948 6.996053456856544 7.407333009083988
      vertex 11.75 6.996053456856544 7
    endloop
  endfacet
  facet normal 0 1 0
    outer loop
      vertex -6.352636818452359 6.996053456856544 8.38692383699642
      vertex 11.852104726331948 6.996053456856544 7.808242133285779
      vertex 11.775627220727948 6.996053456856544 7.407333009083988
    endloop
  endfacet
  facet normal 0 1 0
    outer loop
      vertex -6.352636818452359 6.996053456856544 8.38692383699642
      vertex 11.978226420863184 6.996053456856544 8.196404796225202
      vertex 11.852104726331948 6.996053456856544 7.808242133285779
    endloop
  endfacet
  facet normal 0 1 0
    outer loop
      vertex -6.352636818452359 6.996053456856544 8.38692383699642
      vertex 12.152003289857443 6.996053456856544 8.565699440830574
      vertex 11.978226420863184 6.996053456856544 8.196404796225202
    endloop
  endfacet
  facet normal 0 1 0
    outer loop
      vertex -6.352636818452359 6.996053456856544 8.38692383699642
      vertex 12.370694768281421 6.996053456856544 8.910302069950538
      vertex 12.152003289857443 6.996053456856544 8.565699440830574
    endloop
  endfacet
  facet normal 0 1 0
    outer loop
      vertex -6.5355117690378055 6.996053456856544 8.519790265903627
      vertex 12.928372033316759 6.996053456856544 9.504168039021316
      vertex -6.352636818452359 6.996053456856544 8.38692383699642
    endloop
  endfacet
  facet normal 0 1 0
    outer loop
      vertex -6.352636818452359 6.996053456856544 8.38692383699642
      vertex 12.630851960880412 6.996053456856544 9.224778094268238
      vertex 12.370694768281421 6.996053456856544 8.910302069950538
    endloop
  endfacet
  facet normal 0 1 0
    outer loop
      vertex -6.352636818452359 6.996053456856544 8.38692383699642
      vertex 12.928372033316759 6.996053456856544 9.504168039021316
      vertex 12.630851960880412 6.996053456856544 9.224778094268238
    endloop
  endfacet
  facet normal 0 1 0
    outer loop
      vertex -6.5355117690378055 6.996053456856544 8.519790265903627
      vertex 13.25856291631826 6.996053456856544 9.744065757881549
      vertex 12.928372033316759 6.996053456856544 9.504168039021316
    endloop
  endfacet
  facet normal 0 1 0
    outer loop
      vertex -6.733597275182869 6.996053456856544 8.628688694438836
      vertex 13.616217302413514 6.996053456856544 9.940687920514563
      vertex 13.25856291631826 6.996053456856544 9.744065757881549
    endloop
  endfacet
  facet normal 0 1 0
    outer loop
      vertex -6.943769410125094 6.996053456856544 8.711901729331277
      vertex 13.995694768281421 6.996053456856544 10.09093367795925
      vertex 13.616217302413514 6.996053456856544 9.940687920514563
    endloop
  endfacet
  facet normal 0 1 0
    outer loop
      vertex -7.386977064847236 6.996053456856544 8.79644811117089
      vertex 14.391010727596395 6.996053456856544 10.192433564868239
      vertex 13.995694768281421 6.996053456856544 10.09093367795925
    endloop
  endfacet
  facet normal 0 1 0
    outer loop
      vertex 16.383782697586486 6.996053456856544 9.940687920514563
      vertex 22.162713633745696 6.996053456856544 8.76811705131164
      vertex 16.74143708368174 6.996053456856544 9.744065757881549
    endloop
  endfacet
  facet normal 0 0 1
    outer loop
      vertex -34.87441896094138 6.996053456856544 14
      vertex -0.20406918847026814 3.2435868673918824 14
      vertex 37 5 14
    endloop
  endfacet
  facet normal 0 1 0
    outer loop
      vertex 35.12558103905862 6.996053456856544 14
      vertex -13.616217302413514 6.996053456856544 9.940687920514563
      vertex -13.995694768281421 6.996053456856544 10.09093367795925
    endloop
  endfacet
  facet normal 0 1 0
    outer loop
      vertex 35.12558103905862 6.996053456856544 14
      vertex -14.795930811529733 6.996053456856544 10.243586867391883
      vertex -15.204069188470267 6.996053456856544 10.243586867391883
    endloop
  endfacet
  facet normal 0 1 0
    outer loop
      vertex 35.12558103905862 6.996053456856544 14
      vertex -14.391010727596395 6.996053456856544 10.192433564868239
      vertex -14.795930811529733 6.996053456856544 10.243586867391883
    endloop
  endfacet
  facet normal 0 1 0
    outer loop
      vertex 35.12558103905862 6.996053456856544 14
      vertex -13.995694768281421 6.996053456856544 10.09093367795925
      vertex -14.391010727596395 6.996053456856544 10.192433564868239
    endloop
  endfacet
  facet normal 0 0 1
    outer loop
      vertex 37 5 14
      vertex 0.20406918847026814 3.2435868673918824 14
      vertex 0.6089892724036049 3.1924335648682383 14
    endloop
  endfacet
  facet normal 0 0 1
    outer loop
      vertex 37 5 14
      vertex -0.20406918847026814 3.2435868673918824 14
      vertex 0.20406918847026814 3.2435868673918824 14
    endloop
  endfacet
  facet normal 0 1 0
    outer loop
      vertex 35.12558103905862 6.996053456856544 14
      vertex 14.391010727596395 6.996053456856544 10.192433564868239
      vertex -13.616217302413514 6.996053456856544 9.940687920514563
    endloop
  endfacet
  facet normal 0 0 1
    outer loop
      vertex -34.87441896094138 6.996053456856544 14
      vertex 37 5 14
      vertex 35.12558103905862 6.996053456856544 14
    endloop
  endfacet
  facet normal 0 0 1
    outer loop
      vertex 8.26640272481713 -1.6286886944388352 14
      vertex 26.852104726331948 0.8082421332857783 14
      vertex 26.978226420863184 1.1964047962252031 14
    endloop
  endfacet
  facet normal 0 0 1
    outer loop
      vertex 8.26640272481713 -1.6286886944388352 14
      vertex 26.978226420863184 1.1964047962252031 14
      vertex 27.152003289857443 1.5656994408305749 14
    endloop
  endfacet
  facet normal 0 0 1
    outer loop
      vertex 8.26640272481713 -1.6286886944388352 14
      vertex 27.152003289857443 1.5656994408305749 14
      vertex 27.37069476828142 1.9103020699505378 14
    endloop
  endfacet
  facet normal 0 0 1
    outer loop
      vertex 8.26640272481713 -1.6286886944388352 14
      vertex 27.37069476828142 1.9103020699505378 14
      vertex 27.630851960880413 2.224778094268238 14
    endloop
  endfacet
  facet normal 0 0 1
    outer loop
      vertex 37 5 14
      vertex 9.285806462366061 -0.22559982041574733 14
      vertex 9.243449690031536 -0.447641796896738 14
    endloop
  endfacet
  facet normal 0 0 1
    outer loop
      vertex 37 5 14
      vertex 9.3 0 14
      vertex 9.285806462366061 -0.22559982041574733 14
    endloop
  endfacet
  facet normal 0 0 1
    outer loop
      vertex 37 5 14
      vertex 9.285806462366061 0.22559982041574766 14
      vertex 9.3 0 14
    endloop
  endfacet
  facet normal 0 0 1
    outer loop
      vertex 8.26640272481713 -1.6286886944388352 14
      vertex 27.630851960880413 2.224778094268238 14
      vertex 27.92837203331676 2.5041680390213155 14
    endloop
  endfacet
  facet normal 0 0 1
    outer loop
      vertex 8.26640272481713 -1.6286886944388352 14
      vertex 27.92837203331676 2.5041680390213155 14
      vertex 28.25856291631826 2.7440657578815486 14
    endloop
  endfacet
  facet normal 0 0 1
    outer loop
      vertex 8.26640272481713 -1.6286886944388352 14
      vertex 28.25856291631826 2.7440657578815486 14
      vertex 28.616217302413514 2.9406879205145633 14
    endloop
  endfacet
  facet normal 0 0 1
    outer loop
      vertex 8.26640272481713 -1.6286886944388352 14
      vertex 28.616217302413514 2.9406879205145633 14
      vertex 28.99569476828142 3.090933677959249 14
    endloop
  endfacet
  facet normal 0 0 1
    outer loop
      vertex 8.26640272481713 -1.6286886944388352 14
      vertex 28.99569476828142 3.090933677959249 14
      vertex 29.391010727596395 3.1924335648682383 14
    endloop
  endfacet
  facet normal 0 0 1
    outer loop
      vertex 37 5 14
      vertex 9.243449690031536 0.44764179689673866 14
      vertex 9.285806462366061 0.22559982041574766 14
    endloop
  endfacet
  facet normal 0 0 1
    outer loop
      vertex 37 5 14
      vertex 8.26640272481713 -1.6286886944388352 14
      vertex 29.391010727596395 3.1924335648682383 14
    endloop
  endfacet
  facet normal 0 0 1
    outer loop
      vertex 37 5 14
      vertex 33.22437277927205 0.40733300908398884 14
      vertex 33.25 0 14
    endloop
  endfacet
  facet normal 0 0 1
    outer loop
      vertex 37 5 14
      vertex 33.14789527366805 0.8082421332857781 14
      vertex 33.22437277927205 0.40733300908398884 14
    endloop
  endfacet
  facet normal 0 0 1
    outer loop
      vertex 37 5 14
      vertex 33.02177357913682 1.1964047962252033 14
      vertex 33.14789527366805 0.8082421332857781 14
    endloop
  endfacet
  facet normal 0 0 1
    outer loop
      vertex 37 5 14
      vertex 32.84799671014255 1.5656994408305749 14
      vertex 33.02177357913682 1.1964047962252033 14
    endloop
  endfacet
  facet normal 0 0 1
    outer loop
      vertex 37 5 14
      vertex 32.629305231718575 1.9103020699505378 14
      vertex 32.84799671014255 1.5656994408305749 14
    endloop
  endfacet
  facet normal 0 0 1
    outer loop
      vertex 37 5 14
      vertex 32.36914803911959 2.2247780942682382 14
      vertex 32.629305231718575 1.9103020699505378 14
    endloop
  endfacet
  facet normal 0 0 1
    outer loop
      vertex 37 5 14
      vertex 32.071627966683245 2.5041680390213146 14
      vertex 32.36914803911959 2.2247780942682382 14
    endloop
  endfacet
  facet normal 0 0 1
    outer loop
      vertex 37 5 14
      vertex 31.74143708368174 2.744065757881549 14
      vertex 32.071627966683245 2.5041680390213146 14
    endloop
  endfacet
  facet normal 0 1 0
    outer loop
      vertex 18.25 6.996053456856544 7
      vertex 18.224372779272052 6.996053456856544 7.407333009083989
      vertex 20.7 6.996053456856544 7
    endloop
  endfacet
  facet normal 0 1 0
    outer loop
      vertex 18.224372779272052 6.996053456856544 7.407333009083989
      vertex 20.71419353763394 6.996053456856544 7.225599820415748
      vertex 20.7 6.996053456856544 7
    endloop
  endfacet
  facet normal 0 1 0
    outer loop
      vertex 18.224372779272052 6.996053456856544 7.407333009083989
      vertex 18.147895273668052 6.996053456856544 7.808242133285778
      vertex 20.71419353763394 6.996053456856544 7.225599820415748
    endloop
  endfacet
  facet normal 0 1 0
    outer loop
      vertex 20.756550309968464 6.996053456856544 7.447641796896739
      vertex 20.71419353763394 6.996053456856544 7.225599820415748
      vertex 18.147895273668052 6.996053456856544 7.808242133285778
    endloop
  endfacet
  facet normal 0 1 0
    outer loop
      vertex 18.147895273668052 6.996053456856544 7.808242133285778
      vertex 20.826402325401148 6.996053456856544 7.6626241948324205
      vertex 20.756550309968464 6.996053456856544 7.447641796896739
    endloop
  endfacet
  facet normal 0 1 0
    outer loop
      vertex 18.147895273668052 6.996053456856544 7.808242133285778
      vertex 18.021773579136816 6.996053456856544 8.196404796225202
      vertex 20.826402325401148 6.996053456856544 7.6626241948324205
    endloop
  endfacet
  facet normal 0 1 0
    outer loop
      vertex 18.021773579136816 6.996053456856544 8.196404796225202
      vertex 17.847996710142557 6.996053456856544 8.565699440830574
      vertex 20.922647975921045 6.996053456856544 7.867156613383088
    endloop
  endfacet
  facet normal 0 1 0
    outer loop
      vertex 18.021773579136816 6.996053456856544 8.196404796225202
      vertex 20.922647975921045 6.996053456856544 7.867156613383088
      vertex 20.826402325401148 6.996053456856544 7.6626241948324205
    endloop
  endfacet
  facet normal 0 1 0
    outer loop
      vertex 21.043769410125094 6.996053456856544 8.058013454126451
      vertex 20.922647975921045 6.996053456856544 7.867156613383088
      vertex 17.847996710142557 6.996053456856544 8.565699440830574
    endloop
  endfacet
  facet normal 0 1 0
    outer loop
      vertex 17.847996710142557 6.996053456856544 8.565699440830574
      vertex 21.18785647064146 6.996053456856544 8.232184790671639
      vertex 21.043769410125094 6.996053456856544 8.058013454126451
    endloop
  endfacet
  facet normal 0 1 0
    outer loop
      vertex 17.847996710142557 6.996053456856544 8.565699440830574
      vertex 17.62930523171858 6.996053456856544 8.910302069950538
      vertex 21.18785647064146 6.996053456856544 8.232184790671639
    endloop
  endfacet
  facet normal 0 1 0
    outer loop
      vertex 17.62930523171858 6.996053456856544 8.910302069950538
      vertex 21.35263681845236 6.996053456856544 8.38692383699642
      vertex 21.18785647064146 6.996053456856544 8.232184790671639
    endloop
  endfacet
  facet normal 0 1 0
    outer loop
      vertex 17.62930523171858 6.996053456856544 8.910302069950538
      vertex 21.535511769037807 6.996053456856544 8.519790265903627
      vertex 21.35263681845236 6.996053456856544 8.38692383699642
    endloop
  endfacet
  facet normal 0 1 0
    outer loop
      vertex 17.62930523171858 6.996053456856544 8.910302069950538
      vertex 17.369148039119587 6.996053456856544 9.224778094268238
      vertex 21.535511769037807 6.996053456856544 8.519790265903627
    endloop
  endfacet
  facet normal 0 1 0
    outer loop
      vertex 17.07162796668324 6.996053456856544 9.504168039021314
      vertex 21.73359727518287 6.996053456856544 8.628688694438836
      vertex 17.369148039119587 6.996053456856544 9.224778094268238
    endloop
  endfacet
  facet normal 0 1 0
    outer loop
      vertex 21.535511769037807 6.996053456856544 8.519790265903627
      vertex 17.369148039119587 6.996053456856544 9.224778094268238
      vertex 21.73359727518287 6.996053456856544 8.628688694438836
    endloop
  endfacet
  facet normal 0 1 0
    outer loop
      vertex 21.73359727518287 6.996053456856544 8.628688694438836
      vertex 17.07162796668324 6.996053456856544 9.504168039021314
      vertex 21.943769410125096 6.996053456856544 8.711901729331277
    endloop
  endfacet
  facet normal 0 1 0
    outer loop
      vertex 21.943769410125096 6.996053456856544 8.711901729331277
      vertex 16.74143708368174 6.996053456856544 9.744065757881549
      vertex 22.162713633745696 6.996053456856544 8.76811705131164
    endloop
  endfacet
  facet normal 0 1 0
    outer loop
      vertex 16.383782697586486 6.996053456856544 9.940687920514563
      vertex 22.386977064847237 6.996053456856544 8.79644811117089
      vertex 22.162713633745696 6.996053456856544 8.76811705131164
    endloop
  endfacet
  facet normal 0 1 0
    outer loop
      vertex 16.74143708368174 6.996053456856544 9.744065757881549
      vertex 21.943769410125096 6.996053456856544 8.711901729331277
      vertex 17.07162796668324 6.996053456856544 9.504168039021314
    endloop
  endfacet
  facet normal 0 1 0
    outer loop
      vertex 35.12558103905862 6.996053456856544 14
      vertex 24.077352024078955 6.996053456856544 7.867156613383088
      vertex 23.956230589874906 6.996053456856544 8.058013454126451
    endloop
  endfacet
  facet normal 0 1 0
    outer loop
      vertex 35.12558103905862 6.996053456856544 14
      vertex 23.956230589874906 6.996053456856544 8.058013454126451
      vertex 23.81214352935854 6.996053456856544 8.23218479067164
    endloop
  endfacet
  facet normal 0 1 0
    outer loop
      vertex 35.12558103905862 6.996053456856544 14
      vertex 23.81214352935854 6.996053456856544 8.23218479067164
      vertex 23.647363181547643 6.996053456856544 8.38692383699642
    endloop
  endfacet
  facet normal 0 1 0
    outer loop
      vertex 35.12558103905862 6.996053456856544 14
      vertex 23.056230589874904 6.996053456856544 8.711901729331277
      vertex 22.837286366254304 6.996053456856544 8.76811705131164
    endloop
  endfacet
  facet normal 0 1 0
    outer loop
      vertex 35.12558103905862 6.996053456856544 14
      vertex 23.26640272481713 6.996053456856544 8.628688694438836
      vertex 23.056230589874904 6.996053456856544 8.711901729331277
    endloop
  endfacet
  facet normal 0 1 0
    outer loop
      vertex 35.12558103905862 6.996053456856544 14
      vertex 23.647363181547643 6.996053456856544 8.38692383699642
      vertex 23.464488230962193 6.996053456856544 8.519790265903627
    endloop
  endfacet
  facet normal 0 1 0
    outer loop
      vertex 35.12558103905862 6.996053456856544 14
      vertex 23.464488230962193 6.996053456856544 8.519790265903627
      vertex 23.26640272481713 6.996053456856544 8.628688694438836
    endloop
  endfacet
  facet normal 0.9980267284282714 0.06279051952931565 0
    outer loop
      vertex 36.984229402628955 5.2506664671286085 0
      vertex 36.984229402628955 5.2506664671286085 14
      vertex 37 5 14
    endloop
  endfacet
  facet normal 0 1 0
    outer loop
      vertex 35.12558103905862 6.996053456856544 0
      vertex 24.173597674598852 6.996053456856544 7.6626241948324205
      vertex 35.12558103905862 6.996053456856544 14
    endloop
  endfacet
  facet normal 0 1 0
    outer loop
      vertex 35.12558103905862 6.996053456856544 14
      vertex 24.173597674598852 6.996053456856544 7.6626241948324205
      vertex 24.077352024078955 6.996053456856544 7.867156613383088
    endloop
  endfacet
  facet normal 0.9822872507286889 0.187381314585723 0
    outer loop
      vertex 36.93716632225726 5.497379774329709 0
      vertex 36.93716632225726 5.497379774329709 14
      vertex 36.984229402628955 5.2506664671286085 14
    endloop
  endfacet
  facet normal 0.9510565162951526 0.30901699437495045 0
    outer loop
      vertex 36.93716632225726 5.497379774329709 0
      vertex 36.8595529717765 5.736249105369356 14
      vertex 36.93716632225726 5.497379774329709 14
    endloop
  endfacet
  facet normal 0.9048270524660235 0.42577929156506444 0
    outer loop
      vertex 36.75261336008773 5.96350734820343 0
      vertex 36.75261336008773 5.96350734820343 14
      vertex 36.8595529717765 5.736249105369356 14
    endloop
  endfacet
  facet normal 0.8443279255020099 0.5358267949790049 0
    outer loop
      vertex 36.61803398874989 6.175570504584947 0
      vertex 36.61803398874989 6.175570504584947 14
      vertex 36.75261336008773 5.96350734820343 14
    endloop
  endfacet
  facet normal 0.7705132427757965 0.637423989748681 0
    outer loop
      vertex 36.61803398874989 6.175570504584947 0
      vertex 36.457937254842825 6.3690942118573775 14
      vertex 36.61803398874989 6.175570504584947 14
    endloop
  endfacet
  facet normal 0.684547105928685 0.728968627421415 0
    outer loop
      vertex 36.27484797949738 6.541026485551578 0
      vertex 36.27484797949738 6.541026485551578 14
      vertex 36.457937254842825 6.3690942118573775 14
    endloop
  endfacet
  facet normal 0.36812455268468 0.9297764858882507 0
    outer loop
      vertex 35.85155858313014 6.809654104932039 0
      vertex 35.61803398874989 6.902113032590307 14
      vertex 35.85155858313014 6.809654104932039 14
    endloop
  endfacet
  facet normal 0.12533323356430293 0.992114701314478 0
    outer loop
      vertex 35.37476262917145 6.964574501457378 0
      vertex 35.12558103905862 6.996053456856544 14
      vertex 35.37476262917145 6.964574501457378 14
    endloop
  endfacet
  facet normal 0.2486898871648574 0.9685831611286304 0
    outer loop
      vertex 35.37476262917145 6.964574501457378 0
      vertex 35.37476262917145 6.964574501457378 14
      vertex 35.61803398874989 6.902113032590307 14
    endloop
  endfacet
  facet normal 0.5877852522924799 0.8090169943749425 0
    outer loop
      vertex 36.071653589958 6.688655851004031 0
      vertex 36.071653589958 6.688655851004031 14
      vertex 36.27484797949738 6.541026485551578 14
    endloop
  endfacet
  facet normal 0.48175367410170333 0.8763066800438702 0
    outer loop
      vertex 36.071653589958 6.688655851004031 0
      vertex 35.85155858313014 6.809654104932039 14
      vertex 36.071653589958 6.688655851004031 14
    endloop
  endfacet
  facet normal 0 1 0
    outer loop
      vertex 35.12558103905862 6.996053456856544 14
      vertex 16.383782697586486 6.996053456856544 9.940687920514563
      vertex 16.00430523171858 6.996053456856544 10.09093367795925
    endloop
  endfacet
  facet normal 0 1 0
    outer loop
      vertex 35.12558103905862 6.996053456856544 14
      vertex 14.795930811529733 6.996053456856544 10.243586867391883
      vertex 14.391010727596395 6.996053456856544 10.192433564868239
    endloop
  endfacet
  facet normal 0 1 0
    outer loop
      vertex 35.12558103905862 6.996053456856544 14
      vertex 15.204069188470267 6.996053456856544 10.243586867391883
      vertex 14.795930811529733 6.996053456856544 10.243586867391883
    endloop
  endfacet
  facet normal 0 1 0
    outer loop
      vertex 35.12558103905862 6.996053456856544 14
      vertex 16.00430523171858 6.996053456856544 10.09093367795925
      vertex 15.608989272403605 6.996053456856544 10.192433564868239
    endloop
  endfacet
  facet normal 0 1 0
    outer loop
      vertex 35.12558103905862 6.996053456856544 14
      vertex 15.608989272403605 6.996053456856544 10.192433564868239
      vertex 15.204069188470267 6.996053456856544 10.243586867391883
    endloop
  endfacet
  facet normal 0 1 0
    outer loop
      vertex 35.12558103905862 6.996053456856544 14
      vertex 22.386977064847237 6.996053456856544 8.79644811117089
      vertex 16.383782697586486 6.996053456856544 9.940687920514563
    endloop
  endfacet
  facet normal 0 1 0
    outer loop
      vertex 35.12558103905862 6.996053456856544 14
      vertex 22.613022935152763 6.996053456856544 8.79644811117089
      vertex 22.386977064847237 6.996053456856544 8.79644811117089
    endloop
  endfacet
  facet normal 0 1 0
    outer loop
      vertex 35.12558103905862 6.996053456856544 14
      vertex 22.837286366254304 6.996053456856544 8.76811705131164
      vertex 22.613022935152763 6.996053456856544 8.79644811117089
    endloop
  endfacet
  facet normal 0 0 1
    outer loop
      vertex 37 5 14
      vertex 29.391010727596395 3.1924335648682383 14
      vertex 29.795930811529733 3.2435868673918824 14
    endloop
  endfacet
  facet normal 0 0 1
    outer loop
      vertex 37 5 14
      vertex 29.795930811529733 3.2435868673918824 14
      vertex 30.204069188470267 3.2435868673918824 14
    endloop
  endfacet
  facet normal 0 0 1
    outer loop
      vertex 37 5 14
      vertex 31.383782697586486 2.9406879205145633 14
      vertex 31.74143708368174 2.744065757881549 14
    endloop
  endfacet
  facet normal 0 0 1
    outer loop
      vertex 37 5 14
      vertex 31.00430523171858 3.090933677959249 14
      vertex 31.383782697586486 2.9406879205145633 14
    endloop
  endfacet
  facet normal 0 0 1
    outer loop
      vertex 37 5 14
      vertex 30.204069188470267 3.2435868673918824 14
      vertex 30.608989272403605 3.1924335648682383 14
    endloop
  endfacet
  facet normal 0 0 1
    outer loop
      vertex 37 5 14
      vertex 30.608989272403605 3.1924335648682383 14
      vertex 31.00430523171858 3.090933677959249 14
    endloop
  endfacet
  facet normal 0 0 1
    outer loop
      vertex 37 5 14
      vertex 36.984229402628955 5.2506664671286085 14
      vertex 36.8595529717765 5.736249105369356 14
    endloop
  endfacet
  facet normal 0 0 1
    outer loop
      vertex 36.984229402628955 5.2506664671286085 14
      vertex 36.93716632225726 5.497379774329709 14
      vertex 36.8595529717765 5.736249105369356 14
    endloop
  endfacet
  facet normal 0 0 1
    outer loop
      vertex 37 5 14
      vertex 36.8595529717765 5.736249105369356 14
      vertex 36.457937254842825 6.3690942118573775 14
    endloop
  endfacet
  facet normal 0 0 1
    outer loop
      vertex 36.8595529717765 5.736249105369356 14
      vertex 36.75261336008773 5.96350734820343 14
      vertex 36.457937254842825 6.3690942118573775 14
    endloop
  endfacet
  facet normal 0 0 1
    outer loop
      vertex 37 5 14
      vertex 36.457937254842825 6.3690942118573775 14
      vertex 35.12558103905862 6.996053456856544 14
    endloop
  endfacet
  facet normal 0 0 1
    outer loop
      vertex 36.75261336008773 5.96350734820343 14
      vertex 36.61803398874989 6.175570504584947 14
      vertex 36.457937254842825 6.3690942118573775 14
    endloop
  endfacet
  facet normal 0 0 1
    outer loop
      vertex 36.457937254842825 6.3690942118573775 14
      vertex 35.85155858313014 6.809654104932039 14
      vertex 35.12558103905862 6.996053456856544 14
    endloop
  endfacet
  facet normal 0 0 1
    outer loop
      vertex 35.12558103905862 6.996053456856544 14
      vertex 35.85155858313014 6.809654104932039 14
      vertex 35.61803398874989 6.902113032590307 14
    endloop
  endfacet
  facet normal 0 0 1
    outer loop
      vertex 35.12558103905862 6.996053456856544 14
      vertex 35.61803398874989 6.902113032590307 14
      vertex 35.37476262917145 6.964574501457378 14
    endloop
  endfacet
  facet normal 0 0 1
    outer loop
      vertex 36.27484797949738 6.541026485551578 14
      vertex 35.85155858313014 6.809654104932039 14
      vertex 36.457937254842825 6.3690942118573775 14
    endloop
  endfacet
  facet normal 0 0 1
    outer loop
      vertex 36.27484797949738 6.541026485551578 14
      vertex 36.071653589958 6.688655851004031 14
      vertex 35.85155858313014 6.809654104932039 14
    endloop
  endfacet
  facet normal 0.7705132427757924 0.637423989748686 0
    outer loop
      vertex -32.36914803911959 -2.224778094268238 0
      vertex -32.629305231718575 -1.9103020699505378 0
      vertex -32.629305231718575 -1.9103020699505378 14
    endloop
  endfacet
  facet normal 0.24868988716485427 0.9685831611286312 0
    outer loop
      vertex -31.00430523171858 -3.090933677959249 0
      vertex -31.00430523171858 -3.090933677959249 14
      vertex -30.608989272403605 -3.192433564868238 0
    endloop
  endfacet
  facet normal 0.12533323356430562 0.9921147013144777 0
    outer loop
      vertex -30.608989272403605 -3.192433564868238 0
      vertex -30.608989272403605 -3.192433564868238 14
      vertex -30.20406918847027 -3.2435868673918824 0
    endloop
  endfacet
  facet normal 0 1 0
    outer loop
      vertex -30.20406918847027 -3.2435868673918824 0
      vertex -30.20406918847027 -3.2435868673918824 14
      vertex -29.79593081152973 -3.2435868673918824 0
    endloop
  endfacet
  facet normal 0.36812455268467653 0.9297764858882519 0
    outer loop
      vertex -31.383782697586486 -2.9406879205145637 0
      vertex -31.383782697586486 -2.9406879205145637 14
      vertex -31.00430523171858 -3.090933677959249 0
    endloop
  endfacet
  facet normal 0.48175367410171754 0.8763066800438623 0
    outer loop
      vertex -31.74143708368174 -2.7440657578815486 0
      vertex -31.74143708368174 -2.7440657578815486 14
      vertex -31.383782697586486 -2.9406879205145637 0
    endloop
  endfacet
  facet normal -0.12533323356430562 0.9921147013144777 0
    outer loop
      vertex -29.79593081152973 -3.2435868673918824 0
      vertex -29.79593081152973 -3.2435868673918824 14
      vertex -29.391010727596395 -3.192433564868238 0
    endloop
  endfacet
  facet normal -0.24868988716485427 0.9685831611286312 0
    outer loop
      vertex -29.391010727596395 -3.192433564868238 0
      vertex -29.391010727596395 -3.192433564868238 14
      vertex -28.99569476828142 -3.090933677959249 0
    endloop
  endfacet
  facet normal -0.36812455268467653 0.9297764858882519 0
    outer loop
      vertex -28.99569476828142 -3.090933677959249 0
      vertex -28.99569476828142 -3.090933677959249 14
      vertex -28.616217302413514 -2.9406879205145637 0
    endloop
  endfacet
  facet normal -0.4817536741017159 0.8763066800438633 0
    outer loop
      vertex -28.616217302413514 -2.9406879205145637 0
      vertex -28.616217302413514 -2.9406879205145637 14
      vertex -28.25856291631826 -2.7440657578815495 0
    endloop
  endfacet
  facet normal -0.5877852522924748 0.8090169943749463 0
    outer loop
      vertex -28.25856291631826 -2.7440657578815495 0
      vertex -28.25856291631826 -2.7440657578815495 14
      vertex -27.92837203331676 -2.504168039021314 0
    endloop
  endfacet
  facet normal 0.5877852522924754 0.8090169943749458 0
    outer loop
      vertex -32.07162796668324 -2.5041680390213155 0
      vertex -32.07162796668324 -2.5041680390213155 14
      vertex -31.74143708368174 -2.7440657578815486 0
    endloop
  endfacet
  facet normal 0.6845471059286861 0.728968627421414 0
    outer loop
      vertex -32.07162796668324 -2.5041680390213155 0
      vertex -32.36914803911959 -2.224778094268238 0
      vertex -32.36914803911959 -2.224778094268238 14
    endloop
  endfacet
  facet normal -0.6845471059286887 0.7289686274214116 0
    outer loop
      vertex -27.92837203331676 -2.504168039021314 0
      vertex -27.92837203331676 -2.504168039021314 14
      vertex -27.630851960880413 -2.224778094268238 0
    endloop
  endfacet
  facet normal 0.844327925502015 0.5358267949789968 0
    outer loop
      vertex -32.629305231718575 -1.9103020699505378 0
      vertex -32.84799671014255 -1.5656994408305749 0
      vertex -32.84799671014255 -1.5656994408305749 14
    endloop
  endfacet
  facet normal 0.9048270524660136 0.42577929156508526 0
    outer loop
      vertex -32.84799671014255 -1.5656994408305749 0
      vertex -33.02177357913682 -1.1964047962252031 0
      vertex -33.02177357913682 -1.1964047962252031 14
    endloop
  endfacet
  facet normal 0.9510565162951575 0.3090169943749353 0
    outer loop
      vertex -33.02177357913682 -1.1964047962252031 0
      vertex -33.14789527366805 -0.8082421332857783 0
      vertex -33.14789527366805 -0.8082421332857783 14
    endloop
  endfacet
  facet normal 0.9822872507286879 0.18738131458572868 0
    outer loop
      vertex -33.14789527366805 -0.8082421332857783 0
      vertex -33.22437277927205 -0.40733300908398823 0
      vertex -33.22437277927205 -0.40733300908398823 14
    endloop
  endfacet
  facet normal 0.9980267284282713 0.06279051952931575 0
    outer loop
      vertex -33.22437277927205 -0.40733300908398823 0
      vertex -33.25 0 0
      vertex -33.25 0 14
    endloop
  endfacet
  facet normal -0.770513242775788 0.6374239897486911 0
    outer loop
      vertex -27.630851960880413 -2.224778094268238 0
      vertex -27.630851960880413 -2.224778094268238 14
      vertex -27.37069476828142 -1.9103020699505378 0
    endloop
  endfacet
  facet normal -0.844327925502015 0.5358267949789968 0
    outer loop
      vertex -27.152003289857443 -1.5656994408305749 0
      vertex -27.37069476828142 -1.9103020699505378 0
      vertex -27.37069476828142 -1.9103020699505378 14
    endloop
  endfacet
  facet normal -0.9048270524660197 0.4257792915650725 0
    outer loop
      vertex -26.978226420863184 -1.1964047962252047 0
      vertex -27.152003289857443 -1.5656994408305749 0
      vertex -27.152003289857443 -1.5656994408305749 14
    endloop
  endfacet
  facet normal -0.9510565162951531 0.3090169943749489 0
    outer loop
      vertex -26.852104726331948 -0.8082421332857769 0
      vertex -26.978226420863184 -1.1964047962252047 0
      vertex -26.978226420863184 -1.1964047962252047 14
    endloop
  endfacet
  facet normal -0.9822872507286893 0.1873813145857209 0
    outer loop
      vertex -26.775627220727948 -0.40733300908398823 0
      vertex -26.852104726331948 -0.8082421332857769 0
      vertex -26.852104726331948 -0.8082421332857769 14
    endloop
  endfacet
  facet normal -0.9980267284282713 0.06279051952931575 0
    outer loop
      vertex -26.775627220727948 -0.40733300908398823 0
      vertex -26.775627220727948 -0.40733300908398823 14
      vertex -26.75 0 0
    endloop
  endfacet
  facet normal 0.7705132427757924 0.637423989748686 0
    outer loop
      vertex -32.36914803911959 -2.224778094268238 0
      vertex -32.629305231718575 -1.9103020699505378 14
      vertex -32.36914803911959 -2.224778094268238 14
    endloop
  endfacet
  facet normal 0.844327925502015 0.5358267949789968 0
    outer loop
      vertex -32.629305231718575 -1.9103020699505378 0
      vertex -32.84799671014255 -1.5656994408305749 14
      vertex -32.629305231718575 -1.9103020699505378 14
    endloop
  endfacet
  facet normal 0.24868988716485427 0.9685831611286312 0
    outer loop
      vertex -30.608989272403605 -3.192433564868238 0
      vertex -31.00430523171858 -3.090933677959249 14
      vertex -30.608989272403605 -3.192433564868238 14
    endloop
  endfacet
  facet normal 0.12533323356430562 0.9921147013144777 0
    outer loop
      vertex -30.20406918847027 -3.2435868673918824 0
      vertex -30.608989272403605 -3.192433564868238 14
      vertex -30.20406918847027 -3.2435868673918824 14
    endloop
  endfacet
  facet normal 0.48175367410171754 0.8763066800438623 0
    outer loop
      vertex -31.383782697586486 -2.9406879205145637 0
      vertex -31.74143708368174 -2.7440657578815486 14
      vertex -31.383782697586486 -2.9406879205145637 14
    endloop
  endfacet
  facet normal 0.5877852522924754 0.8090169943749458 0
    outer loop
      vertex -31.74143708368174 -2.7440657578815486 0
      vertex -32.07162796668324 -2.5041680390213155 14
      vertex -31.74143708368174 -2.7440657578815486 14
    endloop
  endfacet
  facet normal 0.36812455268467653 0.9297764858882519 0
    outer loop
      vertex -31.00430523171858 -3.090933677959249 0
      vertex -31.383782697586486 -2.9406879205145637 14
      vertex -31.00430523171858 -3.090933677959249 14
    endloop
  endfacet
  facet normal 0 1 0
    outer loop
      vertex -29.79593081152973 -3.2435868673918824 0
      vertex -30.20406918847027 -3.2435868673918824 14
      vertex -29.79593081152973 -3.2435868673918824 14
    endloop
  endfacet
  facet normal -0.12533323356430562 0.9921147013144777 0
    outer loop
      vertex -29.391010727596395 -3.192433564868238 0
      vertex -29.79593081152973 -3.2435868673918824 14
      vertex -29.391010727596395 -3.192433564868238 14
    endloop
  endfacet
  facet normal -0.24868988716485427 0.9685831611286312 0
    outer loop
      vertex -28.99569476828142 -3.090933677959249 0
      vertex -29.391010727596395 -3.192433564868238 14
      vertex -28.99569476828142 -3.090933677959249 14
    endloop
  endfacet
  facet normal -0.36812455268467653 0.9297764858882519 0
    outer loop
      vertex -28.616217302413514 -2.9406879205145637 0
      vertex -28.99569476828142 -3.090933677959249 14
      vertex -28.616217302413514 -2.9406879205145637 14
    endloop
  endfacet
  facet normal -0.4817536741017159 0.8763066800438633 0
    outer loop
      vertex -28.25856291631826 -2.7440657578815495 0
      vertex -28.616217302413514 -2.9406879205145637 14
      vertex -28.25856291631826 -2.7440657578815495 14
    endloop
  endfacet
  facet normal 0.6845471059286861 0.728968627421414 0
    outer loop
      vertex -32.07162796668324 -2.5041680390213155 0
      vertex -32.36914803911959 -2.224778094268238 14
      vertex -32.07162796668324 -2.5041680390213155 14
    endloop
  endfacet
  facet normal -0.5877852522924748 0.8090169943749463 0
    outer loop
      vertex -27.92837203331676 -2.504168039021314 0
      vertex -28.25856291631826 -2.7440657578815495 14
      vertex -27.92837203331676 -2.504168039021314 14
    endloop
  endfacet
  facet normal 0.9048270524660136 0.42577929156508526 0
    outer loop
      vertex -32.84799671014255 -1.5656994408305749 0
      vertex -33.02177357913682 -1.1964047962252031 14
      vertex -32.84799671014255 -1.5656994408305749 14
    endloop
  endfacet
  facet normal 0.9510565162951575 0.3090169943749353 0
    outer loop
      vertex -33.02177357913682 -1.1964047962252031 0
      vertex -33.14789527366805 -0.8082421332857783 14
      vertex -33.02177357913682 -1.1964047962252031 14
    endloop
  endfacet
  facet normal 0.9822872507286879 0.18738131458572868 0
    outer loop
      vertex -33.14789527366805 -0.8082421332857783 0
      vertex -33.22437277927205 -0.40733300908398823 14
      vertex -33.14789527366805 -0.8082421332857783 14
    endloop
  endfacet
  facet normal 0.9980267284282713 0.06279051952931575 0
    outer loop
      vertex -33.22437277927205 -0.40733300908398823 0
      vertex -33.25 0 14
      vertex -33.22437277927205 -0.40733300908398823 14
    endloop
  endfacet
  facet normal -0.6845471059286887 0.7289686274214116 0
    outer loop
      vertex -27.630851960880413 -2.224778094268238 0
      vertex -27.92837203331676 -2.504168039021314 14
      vertex -27.630851960880413 -2.224778094268238 14
    endloop
  endfacet
  facet normal -0.770513242775788 0.6374239897486911 0
    outer loop
      vertex -27.37069476828142 -1.9103020699505378 0
      vertex -27.630851960880413 -2.224778094268238 14
      vertex -27.37069476828142 -1.9103020699505378 14
    endloop
  endfacet
  facet normal -0.844327925502015 0.5358267949789968 0
    outer loop
      vertex -27.152003289857443 -1.5656994408305749 0
      vertex -27.37069476828142 -1.9103020699505378 14
      vertex -27.152003289857443 -1.5656994408305749 14
    endloop
  endfacet
  facet normal -0.9048270524660197 0.4257792915650725 0
    outer loop
      vertex -26.978226420863184 -1.1964047962252047 0
      vertex -27.152003289857443 -1.5656994408305749 14
      vertex -26.978226420863184 -1.1964047962252047 14
    endloop
  endfacet
  facet normal -0.9510565162951531 0.3090169943749489 0
    outer loop
      vertex -26.852104726331948 -0.8082421332857769 0
      vertex -26.978226420863184 -1.1964047962252047 14
      vertex -26.852104726331948 -0.8082421332857769 14
    endloop
  endfacet
  facet normal -0.9822872507286893 0.1873813145857209 0
    outer loop
      vertex -26.775627220727948 -0.40733300908398823 0
      vertex -26.852104726331948 -0.8082421332857769 14
      vertex -26.775627220727948 -0.40733300908398823 14
    endloop
  endfacet
  facet normal -0.9980267284282713 0.06279051952931575 0
    outer loop
      vertex -26.75 0 0
      vertex -26.775627220727948 -0.40733300908398823 14
      vertex -26.75 0 14
    endloop
  endfacet
  facet normal 0.9980267284282713 -0.06279051952931575 0
    outer loop
      vertex -33.25 0 0
      vertex -33.22437277927205 0.40733300908398823 0
      vertex -33.22437277927205 0.40733300908398823 14
    endloop
  endfacet
  facet normal 0.9822872507286879 -0.18738131458572868 0
    outer loop
      vertex -33.22437277927205 0.40733300908398823 0
      vertex -33.14789527366805 0.8082421332857783 0
      vertex -33.14789527366805 0.8082421332857783 14
    endloop
  endfacet
  facet normal 0.9510565162951575 -0.3090169943749353 0
    outer loop
      vertex -33.14789527366805 0.8082421332857783 0
      vertex -33.02177357913682 1.1964047962252031 0
      vertex -33.02177357913682 1.1964047962252031 14
    endloop
  endfacet
  facet normal 0.9048270524660136 -0.42577929156508526 0
    outer loop
      vertex -33.02177357913682 1.1964047962252031 0
      vertex -32.84799671014255 1.5656994408305749 0
      vertex -32.84799671014255 1.5656994408305749 14
    endloop
  endfacet
  facet normal 0.844327925502015 -0.5358267949789968 0
    outer loop
      vertex -32.84799671014255 1.5656994408305749 0
      vertex -32.629305231718575 1.9103020699505378 0
      vertex -32.629305231718575 1.9103020699505378 14
    endloop
  endfacet
  facet normal 0.7705132427757924 -0.637423989748686 0
    outer loop
      vertex -32.629305231718575 1.9103020699505378 0
      vertex -32.36914803911959 2.224778094268238 0
      vertex -32.36914803911959 2.224778094268238 14
    endloop
  endfacet
  facet normal 0.6845471059286861 -0.728968627421414 0
    outer loop
      vertex -32.07162796668324 2.5041680390213155 0
      vertex -32.07162796668324 2.5041680390213155 14
      vertex -32.36914803911959 2.224778094268238 0
    endloop
  endfacet
  facet normal -0.5877852522924734 -0.8090169943749472 0
    outer loop
      vertex -27.92837203331676 2.5041680390213146 0
      vertex -27.92837203331676 2.5041680390213146 14
      vertex -28.25856291631826 2.744065757881549 0
    endloop
  endfacet
  facet normal 0.5877852522924754 -0.8090169943749458 0
    outer loop
      vertex -31.74143708368174 2.7440657578815486 0
      vertex -31.74143708368174 2.7440657578815486 14
      vertex -32.07162796668324 2.5041680390213155 0
    endloop
  endfacet
  facet normal 0.48175367410171677 -0.8763066800438628 0
    outer loop
      vertex -31.383782697586486 2.9406879205145633 0
      vertex -31.383782697586486 2.9406879205145633 14
      vertex -31.74143708368174 2.7440657578815486 0
    endloop
  endfacet
  facet normal 0.3681245526846775 -0.9297764858882516 0
    outer loop
      vertex -31.00430523171858 3.090933677959249 0
      vertex -31.00430523171858 3.090933677959249 14
      vertex -31.383782697586486 2.9406879205145633 0
    endloop
  endfacet
  facet normal 0.24868988716485532 -0.9685831611286311 0
    outer loop
      vertex -30.608989272403605 3.1924335648682383 0
      vertex -30.608989272403605 3.1924335648682383 14
      vertex -31.00430523171858 3.090933677959249 0
    endloop
  endfacet
  facet normal 0.12533323356430348 -0.992114701314478 0
    outer loop
      vertex -30.204069188470267 3.2435868673918824 0
      vertex -30.204069188470267 3.2435868673918824 14
      vertex -30.608989272403605 3.1924335648682383 0
    endloop
  endfacet
  facet normal -0.4817536741017159 -0.8763066800438633 0
    outer loop
      vertex -28.25856291631826 2.744065757881549 0
      vertex -28.25856291631826 2.744065757881549 14
      vertex -28.616217302413514 2.9406879205145633 0
    endloop
  endfacet
  facet normal -0.3681245526846775 -0.9297764858882516 0
    outer loop
      vertex -28.616217302413514 2.9406879205145633 0
      vertex -28.616217302413514 2.9406879205145633 14
      vertex -28.99569476828142 3.090933677959249 0
    endloop
  endfacet
  facet normal 0 -1 0
    outer loop
      vertex -29.795930811529733 3.2435868673918824 0
      vertex -29.795930811529733 3.2435868673918824 14
      vertex -30.204069188470267 3.2435868673918824 0
    endloop
  endfacet
  facet normal -0.12533323356430348 -0.992114701314478 0
    outer loop
      vertex -29.391010727596395 3.1924335648682383 0
      vertex -29.391010727596395 3.1924335648682383 14
      vertex -29.795930811529733 3.2435868673918824 0
    endloop
  endfacet
  facet normal -0.24868988716485532 -0.9685831611286311 0
    outer loop
      vertex -28.99569476828142 3.090933677959249 0
      vertex -28.99569476828142 3.090933677959249 14
      vertex -29.391010727596395 3.1924335648682383 0
    endloop
  endfacet
  facet normal -0.9980267284282713 -0.06279051952931565 0
    outer loop
      vertex -26.75 0 0
      vertex -26.75 0 14
      vertex -26.775627220727948 0.40733300908398884 0
    endloop
  endfacet
  facet normal -0.9822872507286895 -0.18738131458572066 0
    outer loop
      vertex -26.852104726331948 0.8082421332857781 0
      vertex -26.775627220727948 0.40733300908398884 0
      vertex -26.775627220727948 0.40733300908398884 14
    endloop
  endfacet
  facet normal -0.9510565162951525 -0.3090169943749508 0
    outer loop
      vertex -26.978226420863184 1.1964047962252033 0
      vertex -26.852104726331948 0.8082421332857781 0
      vertex -26.852104726331948 0.8082421332857781 14
    endloop
  endfacet
  facet normal -0.9048270524660201 -0.4257792915650712 0
    outer loop
      vertex -27.152003289857443 1.5656994408305749 0
      vertex -26.978226420863184 1.1964047962252033 0
      vertex -26.978226420863184 1.1964047962252033 14
    endloop
  endfacet
  facet normal -0.844327925502015 -0.5358267949789968 0
    outer loop
      vertex -27.37069476828142 1.9103020699505378 0
      vertex -27.152003289857443 1.5656994408305749 0
      vertex -27.152003289857443 1.5656994408305749 14
    endloop
  endfacet
  facet normal -0.7705132427757884 -0.6374239897486906 0
    outer loop
      vertex -27.630851960880413 2.2247780942682382 0
      vertex -27.37069476828142 1.9103020699505378 0
      vertex -27.37069476828142 1.9103020699505378 14
    endloop
  endfacet
  facet normal -0.6845471059286887 -0.7289686274214116 0
    outer loop
      vertex -27.630851960880413 2.2247780942682382 0
      vertex -27.630851960880413 2.2247780942682382 14
      vertex -27.92837203331676 2.5041680390213146 0
    endloop
  endfacet
  facet normal 0.9980267284282713 -0.06279051952931575 0
    outer loop
      vertex -33.25 0 0
      vertex -33.22437277927205 0.40733300908398823 14
      vertex -33.25 0 14
    endloop
  endfacet
  facet normal 0.9822872507286879 -0.18738131458572868 0
    outer loop
      vertex -33.22437277927205 0.40733300908398823 0
      vertex -33.14789527366805 0.8082421332857783 14
      vertex -33.22437277927205 0.40733300908398823 14
    endloop
  endfacet
  facet normal 0.9510565162951575 -0.3090169943749353 0
    outer loop
      vertex -33.14789527366805 0.8082421332857783 0
      vertex -33.02177357913682 1.1964047962252031 14
      vertex -33.14789527366805 0.8082421332857783 14
    endloop
  endfacet
  facet normal 0.9048270524660136 -0.42577929156508526 0
    outer loop
      vertex -33.02177357913682 1.1964047962252031 0
      vertex -32.84799671014255 1.5656994408305749 14
      vertex -33.02177357913682 1.1964047962252031 14
    endloop
  endfacet
  facet normal 0.844327925502015 -0.5358267949789968 0
    outer loop
      vertex -32.84799671014255 1.5656994408305749 0
      vertex -32.629305231718575 1.9103020699505378 14
      vertex -32.84799671014255 1.5656994408305749 14
    endloop
  endfacet
  facet normal 0.7705132427757924 -0.637423989748686 0
    outer loop
      vertex -32.629305231718575 1.9103020699505378 0
      vertex -32.36914803911959 2.224778094268238 14
      vertex -32.629305231718575 1.9103020699505378 14
    endloop
  endfacet
  facet normal 0.6845471059286861 -0.728968627421414 0
    outer loop
      vertex -32.36914803911959 2.224778094268238 0
      vertex -32.07162796668324 2.5041680390213155 14
      vertex -32.36914803911959 2.224778094268238 14
    endloop
  endfacet
  facet normal 0.5877852522924754 -0.8090169943749458 0
    outer loop
      vertex -32.07162796668324 2.5041680390213155 0
      vertex -31.74143708368174 2.7440657578815486 14
      vertex -32.07162796668324 2.5041680390213155 14
    endloop
  endfacet
  facet normal -0.6845471059286887 -0.7289686274214116 0
    outer loop
      vertex -27.92837203331676 2.5041680390213146 0
      vertex -27.630851960880413 2.2247780942682382 14
      vertex -27.92837203331676 2.5041680390213146 14
    endloop
  endfacet
  facet normal 0.48175367410171677 -0.8763066800438628 0
    outer loop
      vertex -31.74143708368174 2.7440657578815486 0
      vertex -31.383782697586486 2.9406879205145633 14
      vertex -31.74143708368174 2.7440657578815486 14
    endloop
  endfacet
  facet normal 0.3681245526846775 -0.9297764858882516 0
    outer loop
      vertex -31.383782697586486 2.9406879205145633 0
      vertex -31.00430523171858 3.090933677959249 14
      vertex -31.383782697586486 2.9406879205145633 14
    endloop
  endfacet
  facet normal 0.24868988716485532 -0.9685831611286311 0
    outer loop
      vertex -31.00430523171858 3.090933677959249 0
      vertex -30.608989272403605 3.1924335648682383 14
      vertex -31.00430523171858 3.090933677959249 14
    endloop
  endfacet
  facet normal 0.12533323356430348 -0.992114701314478 0
    outer loop
      vertex -30.608989272403605 3.1924335648682383 0
      vertex -30.204069188470267 3.2435868673918824 14
      vertex -30.608989272403605 3.1924335648682383 14
    endloop
  endfacet
  facet normal 0 -1 0
    outer loop
      vertex -30.204069188470267 3.2435868673918824 0
      vertex -29.795930811529733 3.2435868673918824 14
      vertex -30.204069188470267 3.2435868673918824 14
    endloop
  endfacet
  facet normal -0.5877852522924734 -0.8090169943749472 0
    outer loop
      vertex -28.25856291631826 2.744065757881549 0
      vertex -27.92837203331676 2.5041680390213146 14
      vertex -28.25856291631826 2.744065757881549 14
    endloop
  endfacet
  facet normal -0.4817536741017159 -0.8763066800438633 0
    outer loop
      vertex -28.616217302413514 2.9406879205145633 0
      vertex -28.25856291631826 2.744065757881549 14
      vertex -28.616217302413514 2.9406879205145633 14
    endloop
  endfacet
  facet normal -0.3681245526846775 -0.9297764858882516 0
    outer loop
      vertex -28.99569476828142 3.090933677959249 0
      vertex -28.616217302413514 2.9406879205145633 14
      vertex -28.99569476828142 3.090933677959249 14
    endloop
  endfacet
  facet normal -0.12533323356430348 -0.992114701314478 0
    outer loop
      vertex -29.795930811529733 3.2435868673918824 0
      vertex -29.391010727596395 3.1924335648682383 14
      vertex -29.795930811529733 3.2435868673918824 14
    endloop
  endfacet
  facet normal -0.24868988716485532 -0.9685831611286311 0
    outer loop
      vertex -29.391010727596395 3.1924335648682383 0
      vertex -28.99569476828142 3.090933677959249 14
      vertex -29.391010727596395 3.1924335648682383 14
    endloop
  endfacet
  facet normal -0.9980267284282713 -0.06279051952931565 0
    outer loop
      vertex -26.775627220727948 0.40733300908398884 0
      vertex -26.75 0 14
      vertex -26.775627220727948 0.40733300908398884 14
    endloop
  endfacet
  facet normal -0.9822872507286895 -0.18738131458572066 0
    outer loop
      vertex -26.852104726331948 0.8082421332857781 0
      vertex -26.775627220727948 0.40733300908398884 14
      vertex -26.852104726331948 0.8082421332857781 14
    endloop
  endfacet
  facet normal -0.9510565162951525 -0.3090169943749508 0
    outer loop
      vertex -26.978226420863184 1.1964047962252033 0
      vertex -26.852104726331948 0.8082421332857781 14
      vertex -26.978226420863184 1.1964047962252033 14
    endloop
  endfacet
  facet normal -0.9048270524660201 -0.4257792915650712 0
    outer loop
      vertex -27.152003289857443 1.5656994408305749 0
      vertex -26.978226420863184 1.1964047962252033 14
      vertex -27.152003289857443 1.5656994408305749 14
    endloop
  endfacet
  facet normal -0.844327925502015 -0.5358267949789968 0
    outer loop
      vertex -27.37069476828142 1.9103020699505378 0
      vertex -27.152003289857443 1.5656994408305749 14
      vertex -27.37069476828142 1.9103020699505378 14
    endloop
  endfacet
  facet normal -0.7705132427757884 -0.6374239897486906 0
    outer loop
      vertex -27.630851960880413 2.2247780942682382 0
      vertex -27.37069476828142 1.9103020699505378 14
      vertex -27.630851960880413 2.2247780942682382 14
    endloop
  endfacet
  facet normal 0.1253332335643041 0.9921147013144779 0
    outer loop
      vertex -22.837286366254304 -1.7681170513116395 0
      vertex -22.837286366254304 -1.7681170513116395 14
      vertex -22.613022935152763 -1.7964481111708888 0
    endloop
  endfacet
  facet normal 0 1 0
    outer loop
      vertex -22.613022935152763 -1.7964481111708888 0
      vertex -22.613022935152763 -1.7964481111708888 14
      vertex -22.386977064847237 -1.7964481111708888 0
    endloop
  endfacet
  facet normal -0.1253332335643041 0.9921147013144779 0
    outer loop
      vertex -22.386977064847237 -1.7964481111708888 0
      vertex -22.386977064847237 -1.7964481111708888 14
      vertex -22.162713633745696 -1.7681170513116395 0
    endloop
  endfacet
  facet normal -0.2486898871648559 0.9685831611286309 0
    outer loop
      vertex -22.162713633745696 -1.7681170513116395 0
      vertex -22.162713633745696 -1.7681170513116395 14
      vertex -21.943769410125096 -1.7119017293312764 0
    endloop
  endfacet
  facet normal 0.3681245526846761 0.9297764858882522 0
    outer loop
      vertex -23.26640272481713 -1.6286886944388352 0
      vertex -23.26640272481713 -1.6286886944388352 14
      vertex -23.056230589874904 -1.7119017293312764 0
    endloop
  endfacet
  facet normal 0.4817536741017175 0.8763066800438624 0
    outer loop
      vertex -23.464488230962193 -1.5197902659036269 0
      vertex -23.464488230962193 -1.5197902659036269 14
      vertex -23.26640272481713 -1.6286886944388352 0
    endloop
  endfacet
  facet normal 0.5877852522924729 0.8090169943749476 0
    outer loop
      vertex -23.64736318154764 -1.386923836996421 0
      vertex -23.64736318154764 -1.386923836996421 14
      vertex -23.464488230962193 -1.5197902659036269 0
    endloop
  endfacet
  facet normal 0.6845471059286873 0.7289686274214129 0
    outer loop
      vertex -23.64736318154764 -1.386923836996421 0
      vertex -23.81214352935854 -1.2321847906716394 0
      vertex -23.81214352935854 -1.2321847906716394 14
    endloop
  endfacet
  facet normal 0.7705132427757859 0.6374239897486937 0
    outer loop
      vertex -23.81214352935854 -1.2321847906716394 0
      vertex -23.956230589874906 -1.0580134541264516 0
      vertex -23.956230589874906 -1.0580134541264516 14
    endloop
  endfacet
  facet normal 0.8443279255020146 0.5358267949789973 0
    outer loop
      vertex -23.956230589874906 -1.0580134541264516 0
      vertex -24.077352024078955 -0.8671566133830877 0
      vertex -24.077352024078955 -0.8671566133830877 14
    endloop
  endfacet
  facet normal 0.9048270524660212 0.4257792915650689 0
    outer loop
      vertex -24.077352024078955 -0.8671566133830877 0
      vertex -24.173597674598852 -0.6626241948324202 0
      vertex -24.173597674598852 -0.6626241948324202 14
    endloop
  endfacet
  facet normal 0.9510565162951533 0.3090169943749482 0
    outer loop
      vertex -24.173597674598852 -0.6626241948324202 0
      vertex -24.243449690031536 -0.4476417968967387 0
      vertex -24.243449690031536 -0.4476417968967387 14
    endloop
  endfacet
  facet normal 0.9980267284282716 0.06279051952931261 0
    outer loop
      vertex -24.28580646236606 -0.22559982041574733 0
      vertex -24.3 0 0
      vertex -24.3 0 14
    endloop
  endfacet
  facet normal 0.9822872507286879 0.1873813145857285 0
    outer loop
      vertex -24.243449690031536 -0.4476417968967387 0
      vertex -24.28580646236606 -0.22559982041574733 0
      vertex -24.28580646236606 -0.22559982041574733 14
    endloop
  endfacet
  facet normal 0.2486898871648559 0.9685831611286309 0
    outer loop
      vertex -23.056230589874904 -1.7119017293312764 0
      vertex -23.056230589874904 -1.7119017293312764 14
      vertex -22.837286366254304 -1.7681170513116395 0
    endloop
  endfacet
  facet normal -0.3681245526846761 0.9297764858882522 0
    outer loop
      vertex -21.943769410125096 -1.7119017293312764 0
      vertex -21.943769410125096 -1.7119017293312764 14
      vertex -21.73359727518287 -1.6286886944388352 0
    endloop
  endfacet
  facet normal -0.4817536741017152 0.8763066800438636 0
    outer loop
      vertex -21.73359727518287 -1.6286886944388352 0
      vertex -21.73359727518287 -1.6286886944388352 14
      vertex -21.535511769037807 -1.5197902659036275 0
    endloop
  endfacet
  facet normal -0.5877852522924694 0.8090169943749502 0
    outer loop
      vertex -21.535511769037807 -1.5197902659036275 0
      vertex -21.535511769037807 -1.5197902659036275 14
      vertex -21.352636818452357 -1.3869238369964203 0
    endloop
  endfacet
  facet normal -0.6845471059286936 0.7289686274214069 0
    outer loop
      vertex -21.352636818452357 -1.3869238369964203 0
      vertex -21.352636818452357 -1.3869238369964203 14
      vertex -21.18785647064146 -1.2321847906716394 0
    endloop
  endfacet
  facet normal -0.7705132427757859 0.6374239897486937 0
    outer loop
      vertex -21.18785647064146 -1.2321847906716394 0
      vertex -21.18785647064146 -1.2321847906716394 14
      vertex -21.043769410125094 -1.0580134541264516 0
    endloop
  endfacet
  facet normal -0.8443279255020146 0.5358267949789973 0
    outer loop
      vertex -20.922647975921045 -0.8671566133830877 0
      vertex -21.043769410125094 -1.0580134541264516 0
      vertex -21.043769410125094 -1.0580134541264516 14
    endloop
  endfacet
  facet normal -0.9048270524660205 0.4257792915650704 0
    outer loop
      vertex -20.826402325401148 -0.6626241948324211 0
      vertex -20.922647975921045 -0.8671566133830877 0
      vertex -20.922647975921045 -0.8671566133830877 14
    endloop
  endfacet
  facet normal -0.951056516295154 0.30901699437494606 0
    outer loop
      vertex -20.756550309968464 -0.447641796896738 0
      vertex -20.826402325401148 -0.6626241948324211 0
      vertex -20.826402325401148 -0.6626241948324211 14
    endloop
  endfacet
  facet normal -0.9822872507286877 0.18738131458572907 0
    outer loop
      vertex -20.71419353763394 -0.22559982041574733 0
      vertex -20.756550309968464 -0.447641796896738 0
      vertex -20.756550309968464 -0.447641796896738 14
    endloop
  endfacet
  facet normal -0.9980267284282716 0.06279051952931261 0
    outer loop
      vertex -20.71419353763394 -0.22559982041574733 0
      vertex -20.71419353763394 -0.22559982041574733 14
      vertex -20.7 0 0
    endloop
  endfacet
  facet normal 0.2486898871648559 0.9685831611286309 0
    outer loop
      vertex -22.837286366254304 -1.7681170513116395 0
      vertex -23.056230589874904 -1.7119017293312764 14
      vertex -22.837286366254304 -1.7681170513116395 14
    endloop
  endfacet
  facet normal 0.1253332335643041 0.9921147013144779 0
    outer loop
      vertex -22.613022935152763 -1.7964481111708888 0
      vertex -22.837286366254304 -1.7681170513116395 14
      vertex -22.613022935152763 -1.7964481111708888 14
    endloop
  endfacet
  facet normal 0 1 0
    outer loop
      vertex -22.386977064847237 -1.7964481111708888 0
      vertex -22.613022935152763 -1.7964481111708888 14
      vertex -22.386977064847237 -1.7964481111708888 14
    endloop
  endfacet
  facet normal -0.1253332335643041 0.9921147013144779 0
    outer loop
      vertex -22.162713633745696 -1.7681170513116395 0
      vertex -22.386977064847237 -1.7964481111708888 14
      vertex -22.162713633745696 -1.7681170513116395 14
    endloop
  endfacet
  facet normal 0.3681245526846761 0.9297764858882522 0
    outer loop
      vertex -23.056230589874904 -1.7119017293312764 0
      vertex -23.26640272481713 -1.6286886944388352 14
      vertex -23.056230589874904 -1.7119017293312764 14
    endloop
  endfacet
  facet normal 0.4817536741017175 0.8763066800438624 0
    outer loop
      vertex -23.26640272481713 -1.6286886944388352 0
      vertex -23.464488230962193 -1.5197902659036269 14
      vertex -23.26640272481713 -1.6286886944388352 14
    endloop
  endfacet
  facet normal 0.5877852522924729 0.8090169943749476 0
    outer loop
      vertex -23.464488230962193 -1.5197902659036269 0
      vertex -23.64736318154764 -1.386923836996421 14
      vertex -23.464488230962193 -1.5197902659036269 14
    endloop
  endfacet
  facet normal 0.6845471059286873 0.7289686274214129 0
    outer loop
      vertex -23.64736318154764 -1.386923836996421 0
      vertex -23.81214352935854 -1.2321847906716394 14
      vertex -23.64736318154764 -1.386923836996421 14
    endloop
  endfacet
  facet normal 0.7705132427757859 0.6374239897486937 0
    outer loop
      vertex -23.81214352935854 -1.2321847906716394 0
      vertex -23.956230589874906 -1.0580134541264516 14
      vertex -23.81214352935854 -1.2321847906716394 14
    endloop
  endfacet
  facet normal 0.8443279255020146 0.5358267949789973 0
    outer loop
      vertex -23.956230589874906 -1.0580134541264516 0
      vertex -24.077352024078955 -0.8671566133830877 14
      vertex -23.956230589874906 -1.0580134541264516 14
    endloop
  endfacet
  facet normal 0.9048270524660212 0.4257792915650689 0
    outer loop
      vertex -24.077352024078955 -0.8671566133830877 0
      vertex -24.173597674598852 -0.6626241948324202 14
      vertex -24.077352024078955 -0.8671566133830877 14
    endloop
  endfacet
  facet normal 0.9510565162951533 0.3090169943749482 0
    outer loop
      vertex -24.173597674598852 -0.6626241948324202 0
      vertex -24.243449690031536 -0.4476417968967387 14
      vertex -24.173597674598852 -0.6626241948324202 14
    endloop
  endfacet
  facet normal 0.9980267284282716 0.06279051952931261 0
    outer loop
      vertex -24.28580646236606 -0.22559982041574733 0
      vertex -24.3 0 14
      vertex -24.28580646236606 -0.22559982041574733 14
    endloop
  endfacet
  facet normal 0.9822872507286879 0.1873813145857285 0
    outer loop
      vertex -24.243449690031536 -0.4476417968967387 0
      vertex -24.28580646236606 -0.22559982041574733 14
      vertex -24.243449690031536 -0.4476417968967387 14
    endloop
  endfacet
  facet normal -0.2486898871648559 0.9685831611286309 0
    outer loop
      vertex -21.943769410125096 -1.7119017293312764 0
      vertex -22.162713633745696 -1.7681170513116395 14
      vertex -21.943769410125096 -1.7119017293312764 14
    endloop
  endfacet
  facet normal -0.3681245526846761 0.9297764858882522 0
    outer loop
      vertex -21.73359727518287 -1.6286886944388352 0
      vertex -21.943769410125096 -1.7119017293312764 14
      vertex -21.73359727518287 -1.6286886944388352 14
    endloop
  endfacet
  facet normal -0.4817536741017152 0.8763066800438636 0
    outer loop
      vertex -21.535511769037807 -1.5197902659036275 0
      vertex -21.73359727518287 -1.6286886944388352 14
      vertex -21.535511769037807 -1.5197902659036275 14
    endloop
  endfacet
  facet normal -0.5877852522924694 0.8090169943749502 0
    outer loop
      vertex -21.352636818452357 -1.3869238369964203 0
      vertex -21.535511769037807 -1.5197902659036275 14
      vertex -21.352636818452357 -1.3869238369964203 14
    endloop
  endfacet
  facet normal -0.6845471059286936 0.7289686274214069 0
    outer loop
      vertex -21.18785647064146 -1.2321847906716394 0
      vertex -21.352636818452357 -1.3869238369964203 14
      vertex -21.18785647064146 -1.2321847906716394 14
    endloop
  endfacet
  facet normal -0.7705132427757859 0.6374239897486937 0
    outer loop
      vertex -21.043769410125094 -1.0580134541264516 0
      vertex -21.18785647064146 -1.2321847906716394 14
      vertex -21.043769410125094 -1.0580134541264516 14
    endloop
  endfacet
  facet normal -0.8443279255020146 0.5358267949789973 0
    outer loop
      vertex -20.922647975921045 -0.8671566133830877 0
      vertex -21.043769410125094 -1.0580134541264516 14
      vertex -20.922647975921045 -0.8671566133830877 14
    endloop
  endfacet
  facet normal -0.9048270524660205 0.4257792915650704 0
    outer loop
      vertex -20.826402325401148 -0.6626241948324211 0
      vertex -20.922647975921045 -0.8671566133830877 14
      vertex -20.826402325401148 -0.6626241948324211 14
    endloop
  endfacet
  facet normal -0.951056516295154 0.30901699437494606 0
    outer loop
      vertex -20.756550309968464 -0.447641796896738 0
      vertex -20.826402325401148 -0.6626241948324211 14
      vertex -20.756550309968464 -0.447641796896738 14
    endloop
  endfacet
  facet normal -0.9822872507286877 0.18738131458572907 0
    outer loop
      vertex -20.71419353763394 -0.22559982041574733 0
      vertex -20.756550309968464 -0.447641796896738 14
      vertex -20.71419353763394 -0.22559982041574733 14
    endloop
  endfacet
  facet normal -0.9980267284282716 0.06279051952931261 0
    outer loop
      vertex -20.7 0 0
      vertex -20.71419353763394 -0.22559982041574733 14
      vertex -20.7 0 14
    endloop
  endfacet
  facet normal 0.9980267284282716 -0.06279051952931261 0
    outer loop
      vertex -24.3 0 0
      vertex -24.28580646236606 0.22559982041574733 0
      vertex -24.28580646236606 0.22559982041574733 14
    endloop
  endfacet
  facet normal 0.9822872507286879 -0.1873813145857285 0
    outer loop
      vertex -24.28580646236606 0.22559982041574733 0
      vertex -24.243449690031536 0.4476417968967387 0
      vertex -24.243449690031536 0.4476417968967387 14
    endloop
  endfacet
  facet normal 0.9510565162951533 -0.3090169943749482 0
    outer loop
      vertex -24.243449690031536 0.4476417968967387 0
      vertex -24.173597674598852 0.6626241948324202 0
      vertex -24.173597674598852 0.6626241948324202 14
    endloop
  endfacet
  facet normal 0.9048270524660212 -0.4257792915650689 0
    outer loop
      vertex -24.173597674598852 0.6626241948324202 0
      vertex -24.077352024078955 0.8671566133830877 0
      vertex -24.077352024078955 0.8671566133830877 14
    endloop
  endfacet
  facet normal 0.8443279255020146 -0.5358267949789973 0
    outer loop
      vertex -24.077352024078955 0.8671566133830877 0
      vertex -23.956230589874906 1.0580134541264516 0
      vertex -23.956230589874906 1.0580134541264516 14
    endloop
  endfacet
  facet normal 0.7705132427757859 -0.6374239897486937 0
    outer loop
      vertex -23.956230589874906 1.0580134541264516 0
      vertex -23.81214352935854 1.2321847906716394 0
      vertex -23.81214352935854 1.2321847906716394 14
    endloop
  endfacet
  facet normal 0.6845471059286873 -0.7289686274214129 0
    outer loop
      vertex -23.64736318154764 1.386923836996421 0
      vertex -23.64736318154764 1.386923836996421 14
      vertex -23.81214352935854 1.2321847906716394 0
    endloop
  endfacet
  facet normal 0.5877852522924729 -0.8090169943749476 0
    outer loop
      vertex -23.464488230962193 1.5197902659036269 0
      vertex -23.464488230962193 1.5197902659036269 14
      vertex -23.64736318154764 1.386923836996421 0
    endloop
  endfacet
  facet normal 0.4817536741017168 -0.8763066800438628 0
    outer loop
      vertex -23.26640272481713 1.628688694438835 0
      vertex -23.26640272481713 1.628688694438835 14
      vertex -23.464488230962193 1.5197902659036269 0
    endloop
  endfacet
  facet normal 0.3681245526846769 -0.9297764858882518 0
    outer loop
      vertex -23.056230589874904 1.7119017293312764 0
      vertex -23.056230589874904 1.7119017293312764 14
      vertex -23.26640272481713 1.628688694438835 0
    endloop
  endfacet
  facet normal -0.904827052466021 -0.4257792915650695 0
    outer loop
      vertex -20.922647975921045 0.8671566133830876 0
      vertex -20.826402325401148 0.6626241948324204 0
      vertex -20.826402325401148 0.6626241948324204 14
    endloop
  endfacet
  facet normal -0.9980267284282716 -0.06279051952931253 0
    outer loop
      vertex -20.7 0 0
      vertex -20.7 0 14
      vertex -20.71419353763394 0.22559982041574766 0
    endloop
  endfacet
  facet normal -0.9822872507286878 -0.1873813145857288 0
    outer loop
      vertex -20.756550309968464 0.44764179689673866 0
      vertex -20.71419353763394 0.22559982041574766 0
      vertex -20.71419353763394 0.22559982041574766 14
    endloop
  endfacet
  facet normal -0.9510565162951534 -0.3090169943749478 0
    outer loop
      vertex -20.826402325401148 0.6626241948324204 0
      vertex -20.756550309968464 0.44764179689673866 0
      vertex -20.756550309968464 0.44764179689673866 14
    endloop
  endfacet
  facet normal -0.8443279255020149 -0.5358267949789971 0
    outer loop
      vertex -21.043769410125094 1.0580134541264516 0
      vertex -20.922647975921045 0.8671566133830876 0
      vertex -20.922647975921045 0.8671566133830876 14
    endloop
  endfacet
  facet normal -0.7705132427757863 -0.6374239897486932 0
    outer loop
      vertex -21.18785647064146 1.2321847906716397 0
      vertex -21.043769410125094 1.0580134541264516 0
      vertex -21.043769410125094 1.0580134541264516 14
    endloop
  endfacet
  facet normal -0.6845471059286936 -0.7289686274214069 0
    outer loop
      vertex -21.18785647064146 1.2321847906716397 0
      vertex -21.18785647064146 1.2321847906716397 14
      vertex -21.352636818452357 1.3869238369964205 0
    endloop
  endfacet
  facet normal -0.24868988716485682 -0.9685831611286305 0
    outer loop
      vertex -21.943769410125096 1.7119017293312764 0
      vertex -21.943769410125096 1.7119017293312764 14
      vertex -22.162713633745696 1.7681170513116398 0
    endloop
  endfacet
  facet normal -0.5877852522924674 -0.8090169943749516 0
    outer loop
      vertex -21.352636818452357 1.3869238369964205 0
      vertex -21.352636818452357 1.3869238369964205 14
      vertex -21.535511769037807 1.519790265903627 0
    endloop
  endfacet
  facet normal -0.481753674101716 -0.8763066800438631 0
    outer loop
      vertex -21.535511769037807 1.519790265903627 0
      vertex -21.535511769037807 1.519790265903627 14
      vertex -21.73359727518287 1.628688694438835 0
    endloop
  endfacet
  facet normal -0.3681245526846769 -0.9297764858882518 0
    outer loop
      vertex -21.73359727518287 1.628688694438835 0
      vertex -21.73359727518287 1.628688694438835 14
      vertex -21.943769410125096 1.7119017293312764 0
    endloop
  endfacet
  facet normal 0.24868988716485682 -0.9685831611286305 0
    outer loop
      vertex -22.837286366254304 1.7681170513116398 0
      vertex -22.837286366254304 1.7681170513116398 14
      vertex -23.056230589874904 1.7119017293312764 0
    endloop
  endfacet
  facet normal 0.12533323356430315 -0.992114701314478 0
    outer loop
      vertex -22.613022935152763 1.7964481111708888 0
      vertex -22.613022935152763 1.7964481111708888 14
      vertex -22.837286366254304 1.7681170513116398 0
    endloop
  endfacet
  facet normal 0 -1 0
    outer loop
      vertex -22.386977064847237 1.7964481111708888 0
      vertex -22.386977064847237 1.7964481111708888 14
      vertex -22.613022935152763 1.7964481111708888 0
    endloop
  endfacet
  facet normal -0.12533323356430315 -0.992114701314478 0
    outer loop
      vertex -22.162713633745696 1.7681170513116398 0
      vertex -22.162713633745696 1.7681170513116398 14
      vertex -22.386977064847237 1.7964481111708888 0
    endloop
  endfacet
  facet normal 0.9980267284282716 -0.06279051952931261 0
    outer loop
      vertex -24.3 0 0
      vertex -24.28580646236606 0.22559982041574733 14
      vertex -24.3 0 14
    endloop
  endfacet
  facet normal 0.9822872507286879 -0.1873813145857285 0
    outer loop
      vertex -24.28580646236606 0.22559982041574733 0
      vertex -24.243449690031536 0.4476417968967387 14
      vertex -24.28580646236606 0.22559982041574733 14
    endloop
  endfacet
  facet normal 0.9510565162951533 -0.3090169943749482 0
    outer loop
      vertex -24.243449690031536 0.4476417968967387 0
      vertex -24.173597674598852 0.6626241948324202 14
      vertex -24.243449690031536 0.4476417968967387 14
    endloop
  endfacet
  facet normal 0.9048270524660212 -0.4257792915650689 0
    outer loop
      vertex -24.173597674598852 0.6626241948324202 0
      vertex -24.077352024078955 0.8671566133830877 14
      vertex -24.173597674598852 0.6626241948324202 14
    endloop
  endfacet
  facet normal 0.8443279255020146 -0.5358267949789973 0
    outer loop
      vertex -24.077352024078955 0.8671566133830877 0
      vertex -23.956230589874906 1.0580134541264516 14
      vertex -24.077352024078955 0.8671566133830877 14
    endloop
  endfacet
  facet normal 0.7705132427757859 -0.6374239897486937 0
    outer loop
      vertex -23.956230589874906 1.0580134541264516 0
      vertex -23.81214352935854 1.2321847906716394 14
      vertex -23.956230589874906 1.0580134541264516 14
    endloop
  endfacet
  facet normal 0.6845471059286873 -0.7289686274214129 0
    outer loop
      vertex -23.81214352935854 1.2321847906716394 0
      vertex -23.64736318154764 1.386923836996421 14
      vertex -23.81214352935854 1.2321847906716394 14
    endloop
  endfacet
  facet normal 0.5877852522924729 -0.8090169943749476 0
    outer loop
      vertex -23.64736318154764 1.386923836996421 0
      vertex -23.464488230962193 1.5197902659036269 14
      vertex -23.64736318154764 1.386923836996421 14
    endloop
  endfacet
  facet normal 0.4817536741017168 -0.8763066800438628 0
    outer loop
      vertex -23.464488230962193 1.5197902659036269 0
      vertex -23.26640272481713 1.628688694438835 14
      vertex -23.464488230962193 1.5197902659036269 14
    endloop
  endfacet
  facet normal 0.3681245526846769 -0.9297764858882518 0
    outer loop
      vertex -23.26640272481713 1.628688694438835 0
      vertex -23.056230589874904 1.7119017293312764 14
      vertex -23.26640272481713 1.628688694438835 14
    endloop
  endfacet
  facet normal -0.904827052466021 -0.4257792915650695 0
    outer loop
      vertex -20.922647975921045 0.8671566133830876 0
      vertex -20.826402325401148 0.6626241948324204 14
      vertex -20.922647975921045 0.8671566133830876 14
    endloop
  endfacet
  facet normal -0.9980267284282716 -0.06279051952931253 0
    outer loop
      vertex -20.71419353763394 0.22559982041574766 0
      vertex -20.7 0 14
      vertex -20.71419353763394 0.22559982041574766 14
    endloop
  endfacet
  facet normal -0.9822872507286878 -0.1873813145857288 0
    outer loop
      vertex -20.756550309968464 0.44764179689673866 0
      vertex -20.71419353763394 0.22559982041574766 14
      vertex -20.756550309968464 0.44764179689673866 14
    endloop
  endfacet
  facet normal -0.9510565162951534 -0.3090169943749478 0
    outer loop
      vertex -20.826402325401148 0.6626241948324204 0
      vertex -20.756550309968464 0.44764179689673866 14
      vertex -20.826402325401148 0.6626241948324204 14
    endloop
  endfacet
  facet normal -0.8443279255020149 -0.5358267949789971 0
    outer loop
      vertex -21.043769410125094 1.0580134541264516 0
      vertex -20.922647975921045 0.8671566133830876 14
      vertex -21.043769410125094 1.0580134541264516 14
    endloop
  endfacet
  facet normal -0.7705132427757863 -0.6374239897486932 0
    outer loop
      vertex -21.18785647064146 1.2321847906716397 0
      vertex -21.043769410125094 1.0580134541264516 14
      vertex -21.18785647064146 1.2321847906716397 14
    endloop
  endfacet
  facet normal 0.24868988716485682 -0.9685831611286305 0
    outer loop
      vertex -23.056230589874904 1.7119017293312764 0
      vertex -22.837286366254304 1.7681170513116398 14
      vertex -23.056230589874904 1.7119017293312764 14
    endloop
  endfacet
  facet normal -0.5877852522924674 -0.8090169943749516 0
    outer loop
      vertex -21.535511769037807 1.519790265903627 0
      vertex -21.352636818452357 1.3869238369964205 14
      vertex -21.535511769037807 1.519790265903627 14
    endloop
  endfacet
  facet normal -0.6845471059286936 -0.7289686274214069 0
    outer loop
      vertex -21.352636818452357 1.3869238369964205 0
      vertex -21.18785647064146 1.2321847906716397 14
      vertex -21.352636818452357 1.3869238369964205 14
    endloop
  endfacet
  facet normal -0.481753674101716 -0.8763066800438631 0
    outer loop
      vertex -21.73359727518287 1.628688694438835 0
      vertex -21.535511769037807 1.519790265903627 14
      vertex -21.73359727518287 1.628688694438835 14
    endloop
  endfacet
  facet normal -0.3681245526846769 -0.9297764858882518 0
    outer loop
      vertex -21.943769410125096 1.7119017293312764 0
      vertex -21.73359727518287 1.628688694438835 14
      vertex -21.943769410125096 1.7119017293312764 14
    endloop
  endfacet
  facet normal 0.12533323356430315 -0.992114701314478 0
    outer loop
      vertex -22.837286366254304 1.7681170513116398 0
      vertex -22.613022935152763 1.7964481111708888 14
      vertex -22.837286366254304 1.7681170513116398 14
    endloop
  endfacet
  facet normal 0 -1 0
    outer loop
      vertex -22.613022935152763 1.7964481111708888 0
      vertex -22.386977064847237 1.7964481111708888 14
      vertex -22.613022935152763 1.7964481111708888 14
    endloop
  endfacet
  facet normal -0.12533323356430315 -0.992114701314478 0
    outer loop
      vertex -22.386977064847237 1.7964481111708888 0
      vertex -22.162713633745696 1.7681170513116398 14
      vertex -22.386977064847237 1.7964481111708888 14
    endloop
  endfacet
  facet normal -0.24868988716485682 -0.9685831611286305 0
    outer loop
      vertex -22.162713633745696 1.7681170513116398 0
      vertex -21.943769410125096 1.7119017293312764 14
      vertex -22.162713633745696 1.7681170513116398 14
    endloop
  endfacet
  facet normal 0.4817536741017176 0 0.8763066800438624
    outer loop
      vertex -16.74143708368174 -6.996053456856544 4.255934242118451
      vertex -16.383782697586486 -6.996053456856544 4.059312079485436
      vertex -16.383782697586486 6.996053456856544 4.059312079485436
    endloop
  endfacet
  facet normal 0.5877852522924705 0 0.8090169943749493
    outer loop
      vertex -17.07162796668324 -6.996053456856544 4.495831960978684
      vertex -16.74143708368174 -6.996053456856544 4.255934242118451
      vertex -16.74143708368174 6.996053456856544 4.255934242118451
    endloop
  endfacet
  facet normal 0.24868988716485427 0 0.9685831611286312
    outer loop
      vertex -16.00430523171858 -6.996053456856544 3.909066322040751
      vertex -15.608989272403605 -6.996053456856544 3.807566435131762
      vertex -15.608989272403605 6.996053456856544 3.807566435131762
    endloop
  endfacet
  facet normal 0.12533323356430512 0 0.9921147013144778
    outer loop
      vertex -15.608989272403605 -6.996053456856544 3.807566435131762
      vertex -15.20406918847027 -6.996053456856544 3.7564131326081176
      vertex -15.20406918847027 6.996053456856544 3.7564131326081176
    endloop
  endfacet
  facet normal 0 0 1
    outer loop
      vertex -15.20406918847027 -6.996053456856544 3.7564131326081176
      vertex -14.79593081152973 -6.996053456856544 3.7564131326081176
      vertex -14.79593081152973 6.996053456856544 3.7564131326081176
    endloop
  endfacet
  facet normal -0.12533323356430512 0 0.9921147013144778
    outer loop
      vertex -14.79593081152973 -6.996053456856544 3.7564131326081176
      vertex -14.391010727596395 -6.996053456856544 3.807566435131762
      vertex -14.391010727596395 6.996053456856544 3.807566435131762
    endloop
  endfacet
  facet normal -0.24868988716485427 0 0.9685831611286312
    outer loop
      vertex -14.391010727596395 -6.996053456856544 3.807566435131762
      vertex -13.995694768281421 -6.996053456856544 3.909066322040751
      vertex -13.995694768281421 6.996053456856544 3.909066322040751
    endloop
  endfacet
  facet normal 0.3681245526846766 0 0.929776485888252
    outer loop
      vertex -16.383782697586486 -6.996053456856544 4.059312079485436
      vertex -16.00430523171858 -6.996053456856544 3.909066322040751
      vertex -16.00430523171858 6.996053456856544 3.909066322040751
    endloop
  endfacet
  facet normal 0.6845471059286904 0 0.7289686274214099
    outer loop
      vertex -17.369148039119587 -6.996053456856544 4.775221905731762
      vertex -17.07162796668324 -6.996053456856544 4.495831960978684
      vertex -17.07162796668324 6.996053456856544 4.495831960978684
    endloop
  endfacet
  facet normal 0.7705132427757887 0 0.6374239897486904
    outer loop
      vertex -17.369148039119587 -6.996053456856544 4.775221905731762
      vertex -17.369148039119587 6.996053456856544 4.775221905731762
      vertex -17.62930523171858 -6.996053456856544 5.0896979300494625
    endloop
  endfacet
  facet normal 0.8443279255020147 0 0.5358267949789972
    outer loop
      vertex -17.62930523171858 -6.996053456856544 5.0896979300494625
      vertex -17.62930523171858 6.996053456856544 5.0896979300494625
      vertex -17.847996710142557 -6.996053456856544 5.434300559169425
    endloop
  endfacet
  facet normal -0.3681245526846766 0 0.929776485888252
    outer loop
      vertex -13.995694768281421 -6.996053456856544 3.909066322040751
      vertex -13.616217302413514 -6.996053456856544 4.059312079485436
      vertex -13.616217302413514 6.996053456856544 4.059312079485436
    endloop
  endfacet
  facet normal -0.4817536741017159 0 0.8763066800438633
    outer loop
      vertex -13.616217302413514 -6.996053456856544 4.059312079485436
      vertex -13.258562916318262 -6.996053456856544 4.2559342421184505
      vertex -13.258562916318262 6.996053456856544 4.2559342421184505
    endloop
  endfacet
  facet normal -0.5877852522924747 0 0.8090169943749461
    outer loop
      vertex -13.258562916318262 -6.996053456856544 4.2559342421184505
      vertex -12.928372033316759 -6.996053456856544 4.495831960978686
      vertex -12.928372033316759 6.996053456856544 4.495831960978686
    endloop
  endfacet
  facet normal -0.684547105928686 0 0.7289686274214141
    outer loop
      vertex -12.928372033316759 -6.996053456856544 4.495831960978686
      vertex -12.630851960880412 -6.996053456856544 4.775221905731762
      vertex -12.630851960880412 6.996053456856544 4.775221905731762
    endloop
  endfacet
  facet normal -0.7705132427757908 0 0.6374239897486877
    outer loop
      vertex -12.370694768281421 -6.996053456856544 5.0896979300494625
      vertex -12.370694768281421 6.996053456856544 5.0896979300494625
      vertex -12.630851960880412 -6.996053456856544 4.775221905731762
    endloop
  endfacet
  facet normal 0.9048270524660204 0 0.425779291565071
    outer loop
      vertex -17.847996710142557 -6.996053456856544 5.434300559169425
      vertex -17.847996710142557 6.996053456856544 5.434300559169425
      vertex -18.021773579136816 -6.996053456856544 5.803595203774797
    endloop
  endfacet
  facet normal 0.9510565162951523 0 0.3090169943749512
    outer loop
      vertex -18.021773579136816 -6.996053456856544 5.803595203774797
      vertex -18.021773579136816 6.996053456856544 5.803595203774797
      vertex -18.147895273668052 -6.996053456856544 6.191757866714221
    endloop
  endfacet
  facet normal 0.9822872507286896 0 0.18738131458572008
    outer loop
      vertex -18.147895273668052 -6.996053456856544 6.191757866714221
      vertex -18.147895273668052 6.996053456856544 6.191757866714221
      vertex -18.224372779272052 -6.996053456856544 6.592666990916012
    endloop
  endfacet
  facet normal 0.9980267284282714 0 0.06279051952931576
    outer loop
      vertex -18.224372779272052 -6.996053456856544 6.592666990916012
      vertex -18.224372779272052 6.996053456856544 6.592666990916012
      vertex -18.25 -6.996053456856544 7
    endloop
  endfacet
  facet normal -0.8443279255020147 0 0.5358267949789972
    outer loop
      vertex -12.152003289857443 -6.996053456856544 5.434300559169425
      vertex -12.152003289857443 6.996053456856544 5.434300559169425
      vertex -12.370694768281421 -6.996053456856544 5.0896979300494625
    endloop
  endfacet
  facet normal -0.9048270524660199 0 0.4257792915650718
    outer loop
      vertex -11.978226420863184 -6.996053456856544 5.803595203774796
      vertex -11.978226420863184 6.996053456856544 5.803595203774796
      vertex -12.152003289857443 -6.996053456856544 5.434300559169425
    endloop
  endfacet
  facet normal -0.951056516295153 0 0.3090169943749493
    outer loop
      vertex -11.852104726331948 -6.996053456856544 6.191757866714223
      vertex -11.852104726331948 6.996053456856544 6.191757866714223
      vertex -11.978226420863184 -6.996053456856544 5.803595203774796
    endloop
  endfacet
  facet normal -0.9822872507286894 0 0.18738131458572088
    outer loop
      vertex -11.775627220727948 -6.996053456856544 6.592666990916012
      vertex -11.775627220727948 6.996053456856544 6.592666990916012
      vertex -11.852104726331948 -6.996053456856544 6.191757866714223
    endloop
  endfacet
  facet normal -0.9980267284282714 0 0.06279051952931576
    outer loop
      vertex -11.75 -6.996053456856544 7
      vertex -11.75 6.996053456856544 7
      vertex -11.775627220727948 -6.996053456856544 6.592666990916012
    endloop
  endfacet
  facet normal 0.9980267284282714 0 -0.06279051952931576
    outer loop
      vertex -18.25 -6.996053456856544 7
      vertex -18.25 6.996053456856544 7
      vertex -18.224372779272052 -6.996053456856544 7.407333009083988
    endloop
  endfacet
  facet normal 0.9822872507286896 0 -0.18738131458572008
    outer loop
      vertex -18.224372779272052 -6.996053456856544 7.407333009083988
      vertex -18.224372779272052 6.996053456856544 7.407333009083988
      vertex -18.147895273668052 -6.996053456856544 7.808242133285779
    endloop
  endfacet
  facet normal 0.9510565162951522 0 -0.3090169943749519
    outer loop
      vertex -18.147895273668052 -6.996053456856544 7.808242133285779
      vertex -18.147895273668052 6.996053456856544 7.808242133285779
      vertex -18.021773579136816 -6.996053456856544 8.196404796225202
    endloop
  endfacet
  facet normal 0.9048270524660204 0 -0.425779291565071
    outer loop
      vertex -18.021773579136816 -6.996053456856544 8.196404796225202
      vertex -18.021773579136816 6.996053456856544 8.196404796225202
      vertex -17.847996710142557 -6.996053456856544 8.565699440830574
    endloop
  endfacet
  facet normal 0.8443279255020153 0 -0.5358267949789962
    outer loop
      vertex -17.847996710142557 -6.996053456856544 8.565699440830574
      vertex -17.847996710142557 6.996053456856544 8.565699440830574
      vertex -17.62930523171858 -6.996053456856544 8.910302069950538
    endloop
  endfacet
  facet normal -0.9980267284282714 0 -0.06279051952931562
    outer loop
      vertex -11.775627220727948 -6.996053456856544 7.407333009083989
      vertex -11.775627220727948 6.996053456856544 7.407333009083989
      vertex -11.75 -6.996053456856544 7
    endloop
  endfacet
  facet normal -0.9822872507286894 0 -0.18738131458572088
    outer loop
      vertex -11.852104726331948 -6.996053456856544 7.808242133285778
      vertex -11.852104726331948 6.996053456856544 7.808242133285778
      vertex -11.775627220727948 -6.996053456856544 7.407333009083989
    endloop
  endfacet
  facet normal -0.9510565162951523 0 -0.3090169943749512
    outer loop
      vertex -11.978226420863184 -6.996053456856544 8.196404796225202
      vertex -11.978226420863184 6.996053456856544 8.196404796225202
      vertex -11.852104726331948 -6.996053456856544 7.808242133285778
    endloop
  endfacet
  facet normal -0.9048270524660204 0 -0.425779291565071
    outer loop
      vertex -12.152003289857443 -6.996053456856544 8.565699440830574
      vertex -12.152003289857443 6.996053456856544 8.565699440830574
      vertex -11.978226420863184 -6.996053456856544 8.196404796225202
    endloop
  endfacet
  facet normal 0.7705132427757887 0 -0.6374239897486904
    outer loop
      vertex -17.62930523171858 -6.996053456856544 8.910302069950538
      vertex -17.62930523171858 6.996053456856544 8.910302069950538
      vertex -17.369148039119587 -6.996053456856544 9.224778094268238
    endloop
  endfacet
  facet normal 0.6845471059286904 0 -0.7289686274214099
    outer loop
      vertex -17.369148039119587 -6.996053456856544 9.224778094268238
      vertex -17.369148039119587 6.996053456856544 9.224778094268238
      vertex -17.07162796668324 -6.996053456856544 9.504168039021316
    endloop
  endfacet
  facet normal 0.5877852522924705 0 -0.8090169943749493
    outer loop
      vertex -16.74143708368174 -6.996053456856544 9.744065757881549
      vertex -17.07162796668324 -6.996053456856544 9.504168039021316
      vertex -17.07162796668324 6.996053456856544 9.504168039021316
    endloop
  endfacet
  facet normal 0.4817536741017159 0 -0.8763066800438633
    outer loop
      vertex -16.383782697586486 -6.996053456856544 9.940687920514563
      vertex -16.74143708368174 -6.996053456856544 9.744065757881549
      vertex -16.74143708368174 6.996053456856544 9.744065757881549
    endloop
  endfacet
  facet normal 0.36812455268467936 0 -0.9297764858882508
    outer loop
      vertex -16.00430523171858 -6.996053456856544 10.09093367795925
      vertex -16.383782697586486 -6.996053456856544 9.940687920514563
      vertex -16.383782697586486 6.996053456856544 9.940687920514563
    endloop
  endfacet
  facet normal 0.24868988716485532 0 -0.9685831611286311
    outer loop
      vertex -15.608989272403605 -6.996053456856544 10.192433564868239
      vertex -16.00430523171858 -6.996053456856544 10.09093367795925
      vertex -16.00430523171858 6.996053456856544 10.09093367795925
    endloop
  endfacet
  facet normal 0.12533323356430456 0 -0.9921147013144779
    outer loop
      vertex -15.204069188470267 -6.996053456856544 10.243586867391883
      vertex -15.608989272403605 -6.996053456856544 10.192433564868239
      vertex -15.608989272403605 6.996053456856544 10.192433564868239
    endloop
  endfacet
  facet normal 0 0 -1
    outer loop
      vertex -14.795930811529733 -6.996053456856544 10.243586867391883
      vertex -15.204069188470267 -6.996053456856544 10.243586867391883
      vertex -15.204069188470267 6.996053456856544 10.243586867391883
    endloop
  endfacet
  facet normal -0.12533323356430456 0 -0.9921147013144779
    outer loop
      vertex -14.391010727596395 -6.996053456856544 10.192433564868239
      vertex -14.795930811529733 -6.996053456856544 10.243586867391883
      vertex -14.795930811529733 6.996053456856544 10.243586867391883
    endloop
  endfacet
  facet normal -0.24868988716485532 0 -0.9685831611286311
    outer loop
      vertex -13.995694768281421 -6.996053456856544 10.09093367795925
      vertex -14.391010727596395 -6.996053456856544 10.192433564868239
      vertex -14.391010727596395 6.996053456856544 10.192433564868239
    endloop
  endfacet
  facet normal -0.8443279255020153 0 -0.5358267949789962
    outer loop
      vertex -12.370694768281421 -6.996053456856544 8.910302069950538
      vertex -12.370694768281421 6.996053456856544 8.910302069950538
      vertex -12.152003289857443 -6.996053456856544 8.565699440830574
    endloop
  endfacet
  facet normal -0.7705132427757887 0 -0.6374239897486904
    outer loop
      vertex -12.370694768281421 -6.996053456856544 8.910302069950538
      vertex -12.630851960880413 -6.996053456856544 9.224778094268238
      vertex -12.630851960880413 6.996053456856544 9.224778094268238
    endloop
  endfacet
  facet normal -0.6845471059286882 0 -0.7289686274214121
    outer loop
      vertex -12.630851960880413 -6.996053456856544 9.224778094268238
      vertex -12.928372033316759 -6.996053456856544 9.504168039021314
      vertex -12.928372033316759 6.996053456856544 9.504168039021314
    endloop
  endfacet
  facet normal -0.5877852522924734 0 -0.8090169943749472
    outer loop
      vertex -12.928372033316759 -6.996053456856544 9.504168039021314
      vertex -13.258562916318262 -6.996053456856544 9.744065757881549
      vertex -13.258562916318262 6.996053456856544 9.744065757881549
    endloop
  endfacet
  facet normal -0.4817536741017159 0 -0.8763066800438633
    outer loop
      vertex -13.258562916318262 -6.996053456856544 9.744065757881549
      vertex -13.616217302413514 -6.996053456856544 9.940687920514563
      vertex -13.616217302413514 6.996053456856544 9.940687920514563
    endloop
  endfacet
  facet normal -0.36812455268467936 0 -0.9297764858882508
    outer loop
      vertex -13.616217302413514 -6.996053456856544 9.940687920514563
      vertex -13.995694768281421 -6.996053456856544 10.09093367795925
      vertex -13.995694768281421 6.996053456856544 10.09093367795925
    endloop
  endfacet
  facet normal 0.3681245526846766 0 0.929776485888252
    outer loop
      vertex -16.383782697586486 -6.996053456856544 4.059312079485436
      vertex -16.00430523171858 6.996053456856544 3.909066322040751
      vertex -16.383782697586486 6.996053456856544 4.059312079485436
    endloop
  endfacet
  facet normal 0.4817536741017176 0 0.8763066800438624
    outer loop
      vertex -16.74143708368174 -6.996053456856544 4.255934242118451
      vertex -16.383782697586486 6.996053456856544 4.059312079485436
      vertex -16.74143708368174 6.996053456856544 4.255934242118451
    endloop
  endfacet
  facet normal 0.24868988716485427 0 0.9685831611286312
    outer loop
      vertex -16.00430523171858 -6.996053456856544 3.909066322040751
      vertex -15.608989272403605 6.996053456856544 3.807566435131762
      vertex -16.00430523171858 6.996053456856544 3.909066322040751
    endloop
  endfacet
  facet normal 0.12533323356430512 0 0.9921147013144778
    outer loop
      vertex -15.608989272403605 -6.996053456856544 3.807566435131762
      vertex -15.20406918847027 6.996053456856544 3.7564131326081176
      vertex -15.608989272403605 6.996053456856544 3.807566435131762
    endloop
  endfacet
  facet normal 0 0 1
    outer loop
      vertex -15.20406918847027 -6.996053456856544 3.7564131326081176
      vertex -14.79593081152973 6.996053456856544 3.7564131326081176
      vertex -15.20406918847027 6.996053456856544 3.7564131326081176
    endloop
  endfacet
  facet normal -0.12533323356430512 0 0.9921147013144778
    outer loop
      vertex -14.79593081152973 -6.996053456856544 3.7564131326081176
      vertex -14.391010727596395 6.996053456856544 3.807566435131762
      vertex -14.79593081152973 6.996053456856544 3.7564131326081176
    endloop
  endfacet
  facet normal -0.24868988716485427 0 0.9685831611286312
    outer loop
      vertex -14.391010727596395 -6.996053456856544 3.807566435131762
      vertex -13.995694768281421 6.996053456856544 3.909066322040751
      vertex -14.391010727596395 6.996053456856544 3.807566435131762
    endloop
  endfacet
  facet normal 0.5877852522924705 0 0.8090169943749493
    outer loop
      vertex -17.07162796668324 -6.996053456856544 4.495831960978684
      vertex -16.74143708368174 6.996053456856544 4.255934242118451
      vertex -17.07162796668324 6.996053456856544 4.495831960978684
    endloop
  endfacet
  facet normal 0.6845471059286904 0 0.7289686274214099
    outer loop
      vertex -17.369148039119587 -6.996053456856544 4.775221905731762
      vertex -17.07162796668324 6.996053456856544 4.495831960978684
      vertex -17.369148039119587 6.996053456856544 4.775221905731762
    endloop
  endfacet
  facet normal 0.7705132427757887 0 0.6374239897486904
    outer loop
      vertex -17.62930523171858 -6.996053456856544 5.0896979300494625
      vertex -17.369148039119587 6.996053456856544 4.775221905731762
      vertex -17.62930523171858 6.996053456856544 5.0896979300494625
    endloop
  endfacet
  facet normal -0.3681245526846766 0 0.929776485888252
    outer loop
      vertex -13.995694768281421 -6.996053456856544 3.909066322040751
      vertex -13.616217302413514 6.996053456856544 4.059312079485436
      vertex -13.995694768281421 6.996053456856544 3.909066322040751
    endloop
  endfacet
  facet normal -0.4817536741017159 0 0.8763066800438633
    outer loop
      vertex -13.616217302413514 -6.996053456856544 4.059312079485436
      vertex -13.258562916318262 6.996053456856544 4.2559342421184505
      vertex -13.616217302413514 6.996053456856544 4.059312079485436
    endloop
  endfacet
  facet normal -0.5877852522924747 0 0.8090169943749461
    outer loop
      vertex -13.258562916318262 -6.996053456856544 4.2559342421184505
      vertex -12.928372033316759 6.996053456856544 4.495831960978686
      vertex -13.258562916318262 6.996053456856544 4.2559342421184505
    endloop
  endfacet
  facet normal -0.684547105928686 0 0.7289686274214141
    outer loop
      vertex -12.928372033316759 -6.996053456856544 4.495831960978686
      vertex -12.630851960880412 6.996053456856544 4.775221905731762
      vertex -12.928372033316759 6.996053456856544 4.495831960978686
    endloop
  endfacet
  facet normal -0.7705132427757908 0 0.6374239897486877
    outer loop
      vertex -12.630851960880412 -6.996053456856544 4.775221905731762
      vertex -12.370694768281421 6.996053456856544 5.0896979300494625
      vertex -12.630851960880412 6.996053456856544 4.775221905731762
    endloop
  endfacet
  facet normal -0.8443279255020147 0 0.5358267949789972
    outer loop
      vertex -12.370694768281421 -6.996053456856544 5.0896979300494625
      vertex -12.152003289857443 6.996053456856544 5.434300559169425
      vertex -12.370694768281421 6.996053456856544 5.0896979300494625
    endloop
  endfacet
  facet normal 0.8443279255020147 0 0.5358267949789972
    outer loop
      vertex -17.847996710142557 -6.996053456856544 5.434300559169425
      vertex -17.62930523171858 6.996053456856544 5.0896979300494625
      vertex -17.847996710142557 6.996053456856544 5.434300559169425
    endloop
  endfacet
  facet normal 0.9048270524660204 0 0.425779291565071
    outer loop
      vertex -18.021773579136816 -6.996053456856544 5.803595203774797
      vertex -17.847996710142557 6.996053456856544 5.434300559169425
      vertex -18.021773579136816 6.996053456856544 5.803595203774797
    endloop
  endfacet
  facet normal 0.9510565162951523 0 0.3090169943749512
    outer loop
      vertex -18.147895273668052 -6.996053456856544 6.191757866714221
      vertex -18.021773579136816 6.996053456856544 5.803595203774797
      vertex -18.147895273668052 6.996053456856544 6.191757866714221
    endloop
  endfacet
  facet normal 0.9822872507286896 0 0.18738131458572008
    outer loop
      vertex -18.224372779272052 -6.996053456856544 6.592666990916012
      vertex -18.147895273668052 6.996053456856544 6.191757866714221
      vertex -18.224372779272052 6.996053456856544 6.592666990916012
    endloop
  endfacet
  facet normal 0.9980267284282714 0 0.06279051952931576
    outer loop
      vertex -18.25 -6.996053456856544 7
      vertex -18.224372779272052 6.996053456856544 6.592666990916012
      vertex -18.25 6.996053456856544 7
    endloop
  endfacet
  facet normal -0.9048270524660199 0 0.4257792915650718
    outer loop
      vertex -12.152003289857443 -6.996053456856544 5.434300559169425
      vertex -11.978226420863184 6.996053456856544 5.803595203774796
      vertex -12.152003289857443 6.996053456856544 5.434300559169425
    endloop
  endfacet
  facet normal -0.951056516295153 0 0.3090169943749493
    outer loop
      vertex -11.978226420863184 -6.996053456856544 5.803595203774796
      vertex -11.852104726331948 6.996053456856544 6.191757866714223
      vertex -11.978226420863184 6.996053456856544 5.803595203774796
    endloop
  endfacet
  facet normal -0.9822872507286894 0 0.18738131458572088
    outer loop
      vertex -11.852104726331948 -6.996053456856544 6.191757866714223
      vertex -11.775627220727948 6.996053456856544 6.592666990916012
      vertex -11.852104726331948 6.996053456856544 6.191757866714223
    endloop
  endfacet
  facet normal -0.9980267284282714 0 0.06279051952931576
    outer loop
      vertex -11.775627220727948 -6.996053456856544 6.592666990916012
      vertex -11.75 6.996053456856544 7
      vertex -11.775627220727948 6.996053456856544 6.592666990916012
    endloop
  endfacet
  facet normal 0.9980267284282714 0 -0.06279051952931576
    outer loop
      vertex -18.224372779272052 -6.996053456856544 7.407333009083988
      vertex -18.25 6.996053456856544 7
      vertex -18.224372779272052 6.996053456856544 7.407333009083988
    endloop
  endfacet
  facet normal 0.9822872507286896 0 -0.18738131458572008
    outer loop
      vertex -18.147895273668052 -6.996053456856544 7.808242133285779
      vertex -18.224372779272052 6.996053456856544 7.407333009083988
      vertex -18.147895273668052 6.996053456856544 7.808242133285779
    endloop
  endfacet
  facet normal 0.9510565162951522 0 -0.3090169943749519
    outer loop
      vertex -18.021773579136816 -6.996053456856544 8.196404796225202
      vertex -18.147895273668052 6.996053456856544 7.808242133285779
      vertex -18.021773579136816 6.996053456856544 8.196404796225202
    endloop
  endfacet
  facet normal 0.9048270524660204 0 -0.425779291565071
    outer loop
      vertex -17.847996710142557 -6.996053456856544 8.565699440830574
      vertex -18.021773579136816 6.996053456856544 8.196404796225202
      vertex -17.847996710142557 6.996053456856544 8.565699440830574
    endloop
  endfacet
  facet normal -0.9980267284282714 0 -0.06279051952931562
    outer loop
      vertex -11.75 -6.996053456856544 7
      vertex -11.775627220727948 6.996053456856544 7.407333009083989
      vertex -11.75 6.996053456856544 7
    endloop
  endfacet
  facet normal -0.9822872507286894 0 -0.18738131458572088
    outer loop
      vertex -11.775627220727948 -6.996053456856544 7.407333009083989
      vertex -11.852104726331948 6.996053456856544 7.808242133285778
      vertex -11.775627220727948 6.996053456856544 7.407333009083989
    endloop
  endfacet
  facet normal -0.9510565162951523 0 -0.3090169943749512
    outer loop
      vertex -11.852104726331948 -6.996053456856544 7.808242133285778
      vertex -11.978226420863184 6.996053456856544 8.196404796225202
      vertex -11.852104726331948 6.996053456856544 7.808242133285778
    endloop
  endfacet
  facet normal -0.9048270524660204 0 -0.425779291565071
    outer loop
      vertex -11.978226420863184 -6.996053456856544 8.196404796225202
      vertex -12.152003289857443 6.996053456856544 8.565699440830574
      vertex -11.978226420863184 6.996053456856544 8.196404796225202
    endloop
  endfacet
  facet normal -0.8443279255020153 0 -0.5358267949789962
    outer loop
      vertex -12.152003289857443 -6.996053456856544 8.565699440830574
      vertex -12.370694768281421 6.996053456856544 8.910302069950538
      vertex -12.152003289857443 6.996053456856544 8.565699440830574
    endloop
  endfacet
  facet normal 0.8443279255020153 0 -0.5358267949789962
    outer loop
      vertex -17.62930523171858 -6.996053456856544 8.910302069950538
      vertex -17.847996710142557 6.996053456856544 8.565699440830574
      vertex -17.62930523171858 6.996053456856544 8.910302069950538
    endloop
  endfacet
  facet normal 0.7705132427757887 0 -0.6374239897486904
    outer loop
      vertex -17.369148039119587 -6.996053456856544 9.224778094268238
      vertex -17.62930523171858 6.996053456856544 8.910302069950538
      vertex -17.369148039119587 6.996053456856544 9.224778094268238
    endloop
  endfacet
  facet normal 0.6845471059286904 0 -0.7289686274214099
    outer loop
      vertex -17.07162796668324 -6.996053456856544 9.504168039021316
      vertex -17.369148039119587 6.996053456856544 9.224778094268238
      vertex -17.07162796668324 6.996053456856544 9.504168039021316
    endloop
  endfacet
  facet normal 0.5877852522924705 0 -0.8090169943749493
    outer loop
      vertex -16.74143708368174 -6.996053456856544 9.744065757881549
      vertex -17.07162796668324 6.996053456856544 9.504168039021316
      vertex -16.74143708368174 6.996053456856544 9.744065757881549
    endloop
  endfacet
  facet normal 0.4817536741017159 0 -0.8763066800438633
    outer loop
      vertex -16.383782697586486 -6.996053456856544 9.940687920514563
      vertex -16.74143708368174 6.996053456856544 9.744065757881549
      vertex -16.383782697586486 6.996053456856544 9.940687920514563
    endloop
  endfacet
  facet normal 0.36812455268467936 0 -0.9297764858882508
    outer loop
      vertex -16.00430523171858 -6.996053456856544 10.09093367795925
      vertex -16.383782697586486 6.996053456856544 9.940687920514563
      vertex -16.00430523171858 6.996053456856544 10.09093367795925
    endloop
  endfacet
  facet normal 0.24868988716485532 0 -0.9685831611286311
    outer loop
      vertex -16.00430523171858 6.996053456856544 10.09093367795925
      vertex -15.608989272403605 6.996053456856544 10.192433564868239
      vertex -15.608989272403605 -6.996053456856544 10.192433564868239
    endloop
  endfacet
  facet normal 0.12533323356430456 0 -0.9921147013144779
    outer loop
      vertex -15.204069188470267 -6.996053456856544 10.243586867391883
      vertex -15.608989272403605 6.996053456856544 10.192433564868239
      vertex -15.204069188470267 6.996053456856544 10.243586867391883
    endloop
  endfacet
  facet normal 0 0 -1
    outer loop
      vertex -14.795930811529733 -6.996053456856544 10.243586867391883
      vertex -15.204069188470267 6.996053456856544 10.243586867391883
      vertex -14.795930811529733 6.996053456856544 10.243586867391883
    endloop
  endfacet
  facet normal -0.12533323356430456 0 -0.9921147013144779
    outer loop
      vertex -14.391010727596395 -6.996053456856544 10.192433564868239
      vertex -14.795930811529733 6.996053456856544 10.243586867391883
      vertex -14.391010727596395 6.996053456856544 10.192433564868239
    endloop
  endfacet
  facet normal -0.24868988716485532 0 -0.9685831611286311
    outer loop
      vertex -13.995694768281421 -6.996053456856544 10.09093367795925
      vertex -14.391010727596395 6.996053456856544 10.192433564868239
      vertex -13.995694768281421 6.996053456856544 10.09093367795925
    endloop
  endfacet
  facet normal -0.7705132427757887 0 -0.6374239897486904
    outer loop
      vertex -12.370694768281421 -6.996053456856544 8.910302069950538
      vertex -12.630851960880413 6.996053456856544 9.224778094268238
      vertex -12.370694768281421 6.996053456856544 8.910302069950538
    endloop
  endfacet
  facet normal -0.6845471059286882 0 -0.7289686274214121
    outer loop
      vertex -12.630851960880413 -6.996053456856544 9.224778094268238
      vertex -12.928372033316759 6.996053456856544 9.504168039021314
      vertex -12.630851960880413 6.996053456856544 9.224778094268238
    endloop
  endfacet
  facet normal -0.5877852522924734 0 -0.8090169943749472
    outer loop
      vertex -13.258562916318262 6.996053456856544 9.744065757881549
      vertex -12.928372033316759 6.996053456856544 9.504168039021314
      vertex -12.928372033316759 -6.996053456856544 9.504168039021314
    endloop
  endfacet
  facet normal -0.4817536741017159 0 -0.8763066800438633
    outer loop
      vertex -13.258562916318262 -6.996053456856544 9.744065757881549
      vertex -13.616217302413514 6.996053456856544 9.940687920514563
      vertex -13.258562916318262 6.996053456856544 9.744065757881549
    endloop
  endfacet
  facet normal -0.36812455268467936 0 -0.9297764858882508
    outer loop
      vertex -13.616217302413514 -6.996053456856544 9.940687920514563
      vertex -13.995694768281421 6.996053456856544 10.09093367795925
      vertex -13.616217302413514 6.996053456856544 9.940687920514563
    endloop
  endfacet
  facet normal 0.9822872507286878 0 0.1873813145857287
    outer loop
      vertex -9.243449690031536 -6.996053456856544 6.552358203103261
      vertex -9.243449690031536 6.996053456856544 6.552358203103261
      vertex -9.285806462366061 -6.996053456856544 6.774400179584252
    endloop
  endfacet
  facet normal 0.9980267284282716 0 0.06279051952931251
    outer loop
      vertex -9.285806462366061 -6.996053456856544 6.774400179584252
      vertex -9.285806462366061 6.996053456856544 6.774400179584252
      vertex -9.3 -6.996053456856544 7
    endloop
  endfacet
  facet normal 0.1253332335643065 0 0.9921147013144777
    outer loop
      vertex -7.837286366254305 -6.996053456856544 5.2318829486883605
      vertex -7.613022935152765 -6.996053456856544 5.203551888829111
      vertex -7.613022935152765 6.996053456856544 5.203551888829111
    endloop
  endfacet
  facet normal 0 0 1
    outer loop
      vertex -7.613022935152765 -6.996053456856544 5.203551888829111
      vertex -7.386977064847235 -6.996053456856544 5.203551888829111
      vertex -7.386977064847235 6.996053456856544 5.203551888829111
    endloop
  endfacet
  facet normal -0.1253332335643065 0 0.9921147013144777
    outer loop
      vertex -7.386977064847235 -6.996053456856544 5.203551888829111
      vertex -7.162713633745695 -6.996053456856544 5.2318829486883605
      vertex -7.162713633745695 6.996053456856544 5.2318829486883605
    endloop
  endfacet
  facet normal 0.3681245526846771 0 0.9297764858882517
    outer loop
      vertex -8.26640272481713 -6.996053456856544 5.371311305561164
      vertex -8.056230589874906 -6.996053456856544 5.288098270668724
      vertex -8.056230589874906 6.996053456856544 5.288098270668724
    endloop
  endfacet
  facet normal 0.4817536741017165 0 0.8763066800438629
    outer loop
      vertex -8.464488230962194 -6.996053456856544 5.480209734096373
      vertex -8.26640272481713 -6.996053456856544 5.371311305561164
      vertex -8.26640272481713 6.996053456856544 5.371311305561164
    endloop
  endfacet
  facet normal 0.6845471059286872 0 0.7289686274214128
    outer loop
      vertex -8.812143529358542 -6.996053456856544 5.767815209328361
      vertex -8.647363181547641 -6.996053456856544 5.613076163003579
      vertex -8.647363181547641 6.996053456856544 5.613076163003579
    endloop
  endfacet
  facet normal 0.5877852522924724 0 0.809016994374948
    outer loop
      vertex -8.647363181547641 -6.996053456856544 5.613076163003579
      vertex -8.464488230962194 -6.996053456856544 5.480209734096373
      vertex -8.464488230962194 6.996053456856544 5.480209734096373
    endloop
  endfacet
  facet normal 0.248689887164855 0 0.9685831611286311
    outer loop
      vertex -8.056230589874906 -6.996053456856544 5.288098270668724
      vertex -7.837286366254305 -6.996053456856544 5.2318829486883605
      vertex -7.837286366254305 6.996053456856544 5.2318829486883605
    endloop
  endfacet
  facet normal -0.248689887164855 0 0.9685831611286311
    outer loop
      vertex -7.162713633745695 -6.996053456856544 5.2318829486883605
      vertex -6.943769410125094 -6.996053456856544 5.288098270668724
      vertex -6.943769410125094 6.996053456856544 5.288098270668724
    endloop
  endfacet
  facet normal 0.7705132427757894 0 0.6374239897486895
    outer loop
      vertex -8.956230589874906 -6.996053456856544 5.941986545873548
      vertex -8.812143529358542 -6.996053456856544 5.767815209328361
      vertex -8.812143529358542 6.996053456856544 5.767815209328361
    endloop
  endfacet
  facet normal 0.8443279255020146 0 0.5358267949789973
    outer loop
      vertex -8.956230589874906 -6.996053456856544 5.941986545873548
      vertex -8.956230589874906 6.996053456856544 5.941986545873548
      vertex -9.077352024078955 -6.996053456856544 6.132843386616912
    endloop
  endfacet
  facet normal -0.3681245526846771 0 0.9297764858882517
    outer loop
      vertex -6.943769410125094 -6.996053456856544 5.288098270668724
      vertex -6.73359727518287 -6.996053456856544 5.371311305561164
      vertex -6.73359727518287 6.996053456856544 5.371311305561164
    endloop
  endfacet
  facet normal -0.4817536741017168 0 0.8763066800438628
    outer loop
      vertex -6.73359727518287 -6.996053456856544 5.371311305561164
      vertex -6.535511769037807 -6.996053456856544 5.4802097340963725
      vertex -6.535511769037807 6.996053456856544 5.4802097340963725
    endloop
  endfacet
  facet normal -0.5877852522924718 0 0.8090169943749483
    outer loop
      vertex -6.535511769037807 -6.996053456856544 5.4802097340963725
      vertex -6.352636818452358 -6.996053456856544 5.61307616300358
      vertex -6.352636818452358 6.996053456856544 5.61307616300358
    endloop
  endfacet
  facet normal -0.6845471059286891 0 0.7289686274214112
    outer loop
      vertex -6.352636818452358 -6.996053456856544 5.61307616300358
      vertex -6.187856470641459 -6.996053456856544 5.767815209328361
      vertex -6.187856470641459 6.996053456856544 5.767815209328361
    endloop
  endfacet
  facet normal -0.7705132427757874 0 0.6374239897486919
    outer loop
      vertex -6.043769410125094 -6.996053456856544 5.941986545873548
      vertex -6.043769410125094 6.996053456856544 5.941986545873548
      vertex -6.187856470641459 -6.996053456856544 5.767815209328361
    endloop
  endfacet
  facet normal -0.8443279255020164 0 0.5358267949789944
    outer loop
      vertex -5.922647975921046 -6.996053456856544 6.132843386616912
      vertex -5.922647975921046 6.996053456856544 6.132843386616912
      vertex -6.043769410125094 -6.996053456856544 5.941986545873548
    endloop
  endfacet
  facet normal 0.9048270524660211 0 0.4257792915650691
    outer loop
      vertex -9.077352024078955 -6.996053456856544 6.132843386616912
      vertex -9.077352024078955 6.996053456856544 6.132843386616912
      vertex -9.173597674598852 -6.996053456856544 6.3373758051675795
    endloop
  endfacet
  facet normal 0.9510565162951534 0 0.30901699437494784
    outer loop
      vertex -9.173597674598852 -6.996053456856544 6.3373758051675795
      vertex -9.173597674598852 6.996053456856544 6.3373758051675795
      vertex -9.243449690031536 -6.996053456856544 6.552358203103261
    endloop
  endfacet
  facet normal -0.904827052466019 0 0.4257792915650738
    outer loop
      vertex -5.826402325401148 -6.996053456856544 6.337375805167579
      vertex -5.826402325401148 6.996053456856544 6.337375805167579
      vertex -5.922647975921046 -6.996053456856544 6.132843386616912
    endloop
  endfacet
  facet normal -0.9510565162951542 0 0.3090169943749455
    outer loop
      vertex -5.756550309968464 -6.996053456856544 6.552358203103262
      vertex -5.756550309968464 6.996053456856544 6.552358203103262
      vertex -5.826402325401148 -6.996053456856544 6.337375805167579
    endloop
  endfacet
  facet normal -0.9822872507286885 0 0.18738131458572566
    outer loop
      vertex -5.71419353763394 -6.996053456856544 6.774400179584252
      vertex -5.71419353763394 6.996053456856544 6.774400179584252
      vertex -5.756550309968464 -6.996053456856544 6.552358203103262
    endloop
  endfacet
  facet normal -0.9980267284282716 0 0.06279051952931251
    outer loop
      vertex -5.7 -6.996053456856544 7
      vertex -5.7 6.996053456856544 7
      vertex -5.71419353763394 -6.996053456856544 6.774400179584252
    endloop
  endfacet
  facet normal 0.9980267284282716 0 -0.06279051952931251
    outer loop
      vertex -9.3 -6.996053456856544 7
      vertex -9.3 6.996053456856544 7
      vertex -9.285806462366061 -6.996053456856544 7.225599820415748
    endloop
  endfacet
  facet normal 0.9822872507286878 0 -0.1873813145857287
    outer loop
      vertex -9.285806462366061 -6.996053456856544 7.225599820415748
      vertex -9.285806462366061 6.996053456856544 7.225599820415748
      vertex -9.243449690031536 -6.996053456856544 7.447641796896739
    endloop
  endfacet
  facet normal 0.9510565162951534 0 -0.30901699437494784
    outer loop
      vertex -9.243449690031536 -6.996053456856544 7.447641796896739
      vertex -9.243449690031536 6.996053456856544 7.447641796896739
      vertex -9.173597674598852 -6.996053456856544 7.6626241948324205
    endloop
  endfacet
  facet normal 0.9048270524660211 0 -0.4257792915650691
    outer loop
      vertex -9.173597674598852 -6.996053456856544 7.6626241948324205
      vertex -9.173597674598852 6.996053456856544 7.6626241948324205
      vertex -9.077352024078955 -6.996053456856544 7.867156613383088
    endloop
  endfacet
  facet normal -0.9980267284282716 0 -0.06279051952931251
    outer loop
      vertex -5.71419353763394 -6.996053456856544 7.225599820415748
      vertex -5.71419353763394 6.996053456856544 7.225599820415748
      vertex -5.7 -6.996053456856544 7
    endloop
  endfacet
  facet normal -0.9822872507286886 0 -0.1873813145857249
    outer loop
      vertex -5.756550309968464 -6.996053456856544 7.447641796896739
      vertex -5.756550309968464 6.996053456856544 7.447641796896739
      vertex -5.71419353763394 -6.996053456856544 7.225599820415748
    endloop
  endfacet
  facet normal -0.9510565162951534 0 -0.30901699437494784
    outer loop
      vertex -5.826402325401148 -6.996053456856544 7.6626241948324205
      vertex -5.826402325401148 6.996053456856544 7.6626241948324205
      vertex -5.756550309968464 -6.996053456856544 7.447641796896739
    endloop
  endfacet
  facet normal -0.9048270524660197 0 -0.4257792915650724
    outer loop
      vertex -5.922647975921046 -6.996053456856544 7.867156613383088
      vertex -5.922647975921046 6.996053456856544 7.867156613383088
      vertex -5.826402325401148 -6.996053456856544 7.6626241948324205
    endloop
  endfacet
  facet normal 0.8443279255020135 0 -0.5358267949789991
    outer loop
      vertex -9.077352024078955 -6.996053456856544 7.867156613383088
      vertex -9.077352024078955 6.996053456856544 7.867156613383088
      vertex -8.956230589874906 -6.996053456856544 8.058013454126451
    endloop
  endfacet
  facet normal 0.7705132427757894 0 -0.6374239897486895
    outer loop
      vertex -8.956230589874906 -6.996053456856544 8.058013454126451
      vertex -8.956230589874906 6.996053456856544 8.058013454126451
      vertex -8.812143529358542 -6.996053456856544 8.232184790671639
    endloop
  endfacet
  facet normal 0.6845471059286872 0 -0.7289686274214128
    outer loop
      vertex -8.812143529358542 -6.996053456856544 8.232184790671639
      vertex -8.812143529358542 6.996053456856544 8.232184790671639
      vertex -8.647363181547641 -6.996053456856544 8.38692383699642
    endloop
  endfacet
  facet normal 0.5877852522924749 0 -0.8090169943749462
    outer loop
      vertex -8.464488230962194 -6.996053456856544 8.519790265903627
      vertex -8.647363181547641 -6.996053456856544 8.38692383699642
      vertex -8.647363181547641 6.996053456856544 8.38692383699642
    endloop
  endfacet
  facet normal 0.4817536741017165 0 -0.8763066800438629
    outer loop
      vertex -8.26640272481713 -6.996053456856544 8.628688694438836
      vertex -8.464488230962194 -6.996053456856544 8.519790265903627
      vertex -8.464488230962194 6.996053456856544 8.519790265903627
    endloop
  endfacet
  facet normal 0.3681245526846805 0 -0.9297764858882505
    outer loop
      vertex -8.056230589874906 -6.996053456856544 8.711901729331277
      vertex -8.26640272481713 -6.996053456856544 8.628688694438836
      vertex -8.26640272481713 6.996053456856544 8.628688694438836
    endloop
  endfacet
  facet normal 0.24868988716485033 0 -0.9685831611286322
    outer loop
      vertex -7.837286366254304 -6.996053456856544 8.76811705131164
      vertex -8.056230589874906 -6.996053456856544 8.711901729331277
      vertex -8.056230589874906 6.996053456856544 8.711901729331277
    endloop
  endfacet
  facet normal -0.24868988716485033 0 -0.9685831611286322
    outer loop
      vertex -6.943769410125094 -6.996053456856544 8.711901729331277
      vertex -7.162713633745696 -6.996053456856544 8.76811705131164
      vertex -7.162713633745696 6.996053456856544 8.76811705131164
    endloop
  endfacet
  facet normal -0.8443279255020153 0 -0.5358267949789963
    outer loop
      vertex -6.043769410125094 -6.996053456856544 8.058013454126451
      vertex -6.043769410125094 6.996053456856544 8.058013454126451
      vertex -5.922647975921046 -6.996053456856544 7.867156613383088
    endloop
  endfacet
  facet normal -0.7705132427757906 0 -0.637423989748688
    outer loop
      vertex -6.187856470641459 -6.996053456856544 8.23218479067164
      vertex -6.187856470641459 6.996053456856544 8.23218479067164
      vertex -6.043769410125094 -6.996053456856544 8.058013454126451
    endloop
  endfacet
  facet normal -0.5877852522924749 0 -0.8090169943749462
    outer loop
      vertex -6.352636818452359 -6.996053456856544 8.38692383699642
      vertex -6.5355117690378055 -6.996053456856544 8.519790265903627
      vertex -6.5355117690378055 6.996053456856544 8.519790265903627
    endloop
  endfacet
  facet normal -0.6845471059286851 0 -0.7289686274214149
    outer loop
      vertex -6.187856470641459 -6.996053456856544 8.23218479067164
      vertex -6.352636818452359 -6.996053456856544 8.38692383699642
      vertex -6.352636818452359 6.996053456856544 8.38692383699642
    endloop
  endfacet
  facet normal -0.48175367410171815 0 -0.876306680043862
    outer loop
      vertex -6.5355117690378055 -6.996053456856544 8.519790265903627
      vertex -6.733597275182869 -6.996053456856544 8.628688694438836
      vertex -6.733597275182869 6.996053456856544 8.628688694438836
    endloop
  endfacet
  facet normal -0.36812455268467914 0 -0.929776485888251
    outer loop
      vertex -6.733597275182869 -6.996053456856544 8.628688694438836
      vertex -6.943769410125094 -6.996053456856544 8.711901729331277
      vertex -6.943769410125094 6.996053456856544 8.711901729331277
    endloop
  endfacet
  facet normal 0.1253332335643065 0 -0.9921147013144777
    outer loop
      vertex -7.613022935152764 -6.996053456856544 8.79644811117089
      vertex -7.837286366254304 -6.996053456856544 8.76811705131164
      vertex -7.837286366254304 6.996053456856544 8.76811705131164
    endloop
  endfacet
  facet normal 0 0 -1
    outer loop
      vertex -7.386977064847236 -6.996053456856544 8.79644811117089
      vertex -7.613022935152764 -6.996053456856544 8.79644811117089
      vertex -7.613022935152764 6.996053456856544 8.79644811117089
    endloop
  endfacet
  facet normal -0.1253332335643065 0 -0.9921147013144777
    outer loop
      vertex -7.162713633745696 -6.996053456856544 8.76811705131164
      vertex -7.386977064847236 -6.996053456856544 8.79644811117089
      vertex -7.386977064847236 6.996053456856544 8.79644811117089
    endloop
  endfacet
  facet normal 0.9822872507286878 0 0.1873813145857287
    outer loop
      vertex -9.285806462366061 -6.996053456856544 6.774400179584252
      vertex -9.243449690031536 6.996053456856544 6.552358203103261
      vertex -9.285806462366061 6.996053456856544 6.774400179584252
    endloop
  endfacet
  facet normal 0.9980267284282716 0 0.06279051952931251
    outer loop
      vertex -9.3 -6.996053456856544 7
      vertex -9.285806462366061 6.996053456856544 6.774400179584252
      vertex -9.3 6.996053456856544 7
    endloop
  endfacet
  facet normal 0.1253332335643065 0 0.9921147013144777
    outer loop
      vertex -7.837286366254305 -6.996053456856544 5.2318829486883605
      vertex -7.613022935152765 6.996053456856544 5.203551888829111
      vertex -7.837286366254305 6.996053456856544 5.2318829486883605
    endloop
  endfacet
  facet normal 0 0 1
    outer loop
      vertex -7.613022935152765 -6.996053456856544 5.203551888829111
      vertex -7.386977064847235 6.996053456856544 5.203551888829111
      vertex -7.613022935152765 6.996053456856544 5.203551888829111
    endloop
  endfacet
  facet normal -0.1253332335643065 0 0.9921147013144777
    outer loop
      vertex -7.386977064847235 -6.996053456856544 5.203551888829111
      vertex -7.162713633745695 6.996053456856544 5.2318829486883605
      vertex -7.386977064847235 6.996053456856544 5.203551888829111
    endloop
  endfacet
  facet normal 0.3681245526846771 0 0.9297764858882517
    outer loop
      vertex -8.26640272481713 -6.996053456856544 5.371311305561164
      vertex -8.056230589874906 6.996053456856544 5.288098270668724
      vertex -8.26640272481713 6.996053456856544 5.371311305561164
    endloop
  endfacet
  facet normal 0.4817536741017165 0 0.8763066800438629
    outer loop
      vertex -8.464488230962194 -6.996053456856544 5.480209734096373
      vertex -8.26640272481713 6.996053456856544 5.371311305561164
      vertex -8.464488230962194 6.996053456856544 5.480209734096373
    endloop
  endfacet
  facet normal 0.5877852522924724 0 0.809016994374948
    outer loop
      vertex -8.647363181547641 -6.996053456856544 5.613076163003579
      vertex -8.464488230962194 6.996053456856544 5.480209734096373
      vertex -8.647363181547641 6.996053456856544 5.613076163003579
    endloop
  endfacet
  facet normal 0.248689887164855 0 0.9685831611286311
    outer loop
      vertex -8.056230589874906 -6.996053456856544 5.288098270668724
      vertex -7.837286366254305 6.996053456856544 5.2318829486883605
      vertex -8.056230589874906 6.996053456856544 5.288098270668724
    endloop
  endfacet
  facet normal -0.248689887164855 0 0.9685831611286311
    outer loop
      vertex -7.162713633745695 -6.996053456856544 5.2318829486883605
      vertex -6.943769410125094 6.996053456856544 5.288098270668724
      vertex -7.162713633745695 6.996053456856544 5.2318829486883605
    endloop
  endfacet
  facet normal 0.6845471059286872 0 0.7289686274214128
    outer loop
      vertex -8.812143529358542 -6.996053456856544 5.767815209328361
      vertex -8.647363181547641 6.996053456856544 5.613076163003579
      vertex -8.812143529358542 6.996053456856544 5.767815209328361
    endloop
  endfacet
  facet normal 0.7705132427757894 0 0.6374239897486895
    outer loop
      vertex -8.956230589874906 -6.996053456856544 5.941986545873548
      vertex -8.812143529358542 6.996053456856544 5.767815209328361
      vertex -8.956230589874906 6.996053456856544 5.941986545873548
    endloop
  endfacet
  facet normal 0.8443279255020146 0 0.5358267949789973
    outer loop
      vertex -9.077352024078955 -6.996053456856544 6.132843386616912
      vertex -8.956230589874906 6.996053456856544 5.941986545873548
      vertex -9.077352024078955 6.996053456856544 6.132843386616912
    endloop
  endfacet
  facet normal -0.3681245526846771 0 0.9297764858882517
    outer loop
      vertex -6.943769410125094 -6.996053456856544 5.288098270668724
      vertex -6.73359727518287 6.996053456856544 5.371311305561164
      vertex -6.943769410125094 6.996053456856544 5.288098270668724
    endloop
  endfacet
  facet normal -0.4817536741017168 0 0.8763066800438628
    outer loop
      vertex -6.73359727518287 -6.996053456856544 5.371311305561164
      vertex -6.535511769037807 6.996053456856544 5.4802097340963725
      vertex -6.73359727518287 6.996053456856544 5.371311305561164
    endloop
  endfacet
  facet normal -0.5877852522924718 0 0.8090169943749483
    outer loop
      vertex -6.535511769037807 -6.996053456856544 5.4802097340963725
      vertex -6.352636818452358 6.996053456856544 5.61307616300358
      vertex -6.535511769037807 6.996053456856544 5.4802097340963725
    endloop
  endfacet
  facet normal -0.6845471059286891 0 0.7289686274214112
    outer loop
      vertex -6.352636818452358 -6.996053456856544 5.61307616300358
      vertex -6.187856470641459 6.996053456856544 5.767815209328361
      vertex -6.352636818452358 6.996053456856544 5.61307616300358
    endloop
  endfacet
  facet normal -0.7705132427757874 0 0.6374239897486919
    outer loop
      vertex -6.187856470641459 -6.996053456856544 5.767815209328361
      vertex -6.043769410125094 6.996053456856544 5.941986545873548
      vertex -6.187856470641459 6.996053456856544 5.767815209328361
    endloop
  endfacet
  facet normal -0.8443279255020164 0 0.5358267949789944
    outer loop
      vertex -6.043769410125094 -6.996053456856544 5.941986545873548
      vertex -5.922647975921046 6.996053456856544 6.132843386616912
      vertex -6.043769410125094 6.996053456856544 5.941986545873548
    endloop
  endfacet
  facet normal 0.9048270524660211 0 0.4257792915650691
    outer loop
      vertex -9.173597674598852 -6.996053456856544 6.3373758051675795
      vertex -9.077352024078955 6.996053456856544 6.132843386616912
      vertex -9.173597674598852 6.996053456856544 6.3373758051675795
    endloop
  endfacet
  facet normal 0.9510565162951534 0 0.30901699437494784
    outer loop
      vertex -9.243449690031536 -6.996053456856544 6.552358203103261
      vertex -9.173597674598852 6.996053456856544 6.3373758051675795
      vertex -9.243449690031536 6.996053456856544 6.552358203103261
    endloop
  endfacet
  facet normal -0.904827052466019 0 0.4257792915650738
    outer loop
      vertex -5.922647975921046 -6.996053456856544 6.132843386616912
      vertex -5.826402325401148 6.996053456856544 6.337375805167579
      vertex -5.922647975921046 6.996053456856544 6.132843386616912
    endloop
  endfacet
  facet normal -0.9510565162951542 0 0.3090169943749455
    outer loop
      vertex -5.826402325401148 -6.996053456856544 6.337375805167579
      vertex -5.756550309968464 6.996053456856544 6.552358203103262
      vertex -5.826402325401148 6.996053456856544 6.337375805167579
    endloop
  endfacet
  facet normal -0.9822872507286885 0 0.18738131458572566
    outer loop
      vertex -5.756550309968464 -6.996053456856544 6.552358203103262
      vertex -5.71419353763394 6.996053456856544 6.774400179584252
      vertex -5.756550309968464 6.996053456856544 6.552358203103262
    endloop
  endfacet
  facet normal -0.9980267284282716 0 0.06279051952931251
    outer loop
      vertex -5.71419353763394 -6.996053456856544 6.774400179584252
      vertex -5.7 6.996053456856544 7
      vertex -5.71419353763394 6.996053456856544 6.774400179584252
    endloop
  endfacet
  facet normal 0.9980267284282716 0 -0.06279051952931251
    outer loop
      vertex -9.285806462366061 -6.996053456856544 7.225599820415748
      vertex -9.3 6.996053456856544 7
      vertex -9.285806462366061 6.996053456856544 7.225599820415748
    endloop
  endfacet
  facet normal 0.9822872507286878 0 -0.1873813145857287
    outer loop
      vertex -9.243449690031536 -6.996053456856544 7.447641796896739
      vertex -9.285806462366061 6.996053456856544 7.225599820415748
      vertex -9.243449690031536 6.996053456856544 7.447641796896739
    endloop
  endfacet
  facet normal 0.9510565162951534 0 -0.30901699437494784
    outer loop
      vertex -9.173597674598852 -6.996053456856544 7.6626241948324205
      vertex -9.243449690031536 6.996053456856544 7.447641796896739
      vertex -9.173597674598852 6.996053456856544 7.6626241948324205
    endloop
  endfacet
  facet normal 0.9048270524660211 0 -0.4257792915650691
    outer loop
      vertex -9.077352024078955 -6.996053456856544 7.867156613383088
      vertex -9.173597674598852 6.996053456856544 7.6626241948324205
      vertex -9.077352024078955 6.996053456856544 7.867156613383088
    endloop
  endfacet
  facet normal -0.9980267284282716 0 -0.06279051952931251
    outer loop
      vertex -5.7 -6.996053456856544 7
      vertex -5.71419353763394 6.996053456856544 7.225599820415748
      vertex -5.7 6.996053456856544 7
    endloop
  endfacet
  facet normal -0.9822872507286886 0 -0.1873813145857249
    outer loop
      vertex -5.71419353763394 -6.996053456856544 7.225599820415748
      vertex -5.756550309968464 6.996053456856544 7.447641796896739
      vertex -5.71419353763394 6.996053456856544 7.225599820415748
    endloop
  endfacet
  facet normal -0.9048270524660197 0 -0.4257792915650724
    outer loop
      vertex -5.826402325401148 -6.996053456856544 7.6626241948324205
      vertex -5.922647975921046 6.996053456856544 7.867156613383088
      vertex -5.826402325401148 6.996053456856544 7.6626241948324205
    endloop
  endfacet
  facet normal -0.9510565162951534 0 -0.30901699437494784
    outer loop
      vertex -5.756550309968464 -6.996053456856544 7.447641796896739
      vertex -5.826402325401148 6.996053456856544 7.6626241948324205
      vertex -5.756550309968464 6.996053456856544 7.447641796896739
    endloop
  endfacet
  facet normal 0.8443279255020135 0 -0.5358267949789991
    outer loop
      vertex -8.956230589874906 -6.996053456856544 8.058013454126451
      vertex -9.077352024078955 6.996053456856544 7.867156613383088
      vertex -8.956230589874906 6.996053456856544 8.058013454126451
    endloop
  endfacet
  facet normal 0.7705132427757894 0 -0.6374239897486895
    outer loop
      vertex -8.812143529358542 -6.996053456856544 8.232184790671639
      vertex -8.956230589874906 6.996053456856544 8.058013454126451
      vertex -8.812143529358542 6.996053456856544 8.232184790671639
    endloop
  endfacet
  facet normal 0.6845471059286872 0 -0.7289686274214128
    outer loop
      vertex -8.647363181547641 -6.996053456856544 8.38692383699642
      vertex -8.812143529358542 6.996053456856544 8.232184790671639
      vertex -8.647363181547641 6.996053456856544 8.38692383699642
    endloop
  endfacet
  facet normal 0.5877852522924749 0 -0.8090169943749462
    outer loop
      vertex -8.464488230962194 -6.996053456856544 8.519790265903627
      vertex -8.647363181547641 6.996053456856544 8.38692383699642
      vertex -8.464488230962194 6.996053456856544 8.519790265903627
    endloop
  endfacet
  facet normal 0.4817536741017165 0 -0.8763066800438629
    outer loop
      vertex -8.26640272481713 -6.996053456856544 8.628688694438836
      vertex -8.464488230962194 6.996053456856544 8.519790265903627
      vertex -8.26640272481713 6.996053456856544 8.628688694438836
    endloop
  endfacet
  facet normal 0.3681245526846805 0 -0.9297764858882505
    outer loop
      vertex -8.26640272481713 6.996053456856544 8.628688694438836
      vertex -8.056230589874906 6.996053456856544 8.711901729331277
      vertex -8.056230589874906 -6.996053456856544 8.711901729331277
    endloop
  endfacet
  facet normal 0.24868988716485033 0 -0.9685831611286322
    outer loop
      vertex -7.837286366254304 -6.996053456856544 8.76811705131164
      vertex -8.056230589874906 6.996053456856544 8.711901729331277
      vertex -7.837286366254304 6.996053456856544 8.76811705131164
    endloop
  endfacet
  facet normal -0.24868988716485033 0 -0.9685831611286322
    outer loop
      vertex -6.943769410125094 -6.996053456856544 8.711901729331277
      vertex -7.162713633745696 6.996053456856544 8.76811705131164
      vertex -6.943769410125094 6.996053456856544 8.711901729331277
    endloop
  endfacet
  facet normal -0.8443279255020153 0 -0.5358267949789963
    outer loop
      vertex -5.922647975921046 -6.996053456856544 7.867156613383088
      vertex -6.043769410125094 6.996053456856544 8.058013454126451
      vertex -5.922647975921046 6.996053456856544 7.867156613383088
    endloop
  endfacet
  facet normal -0.7705132427757906 0 -0.637423989748688
    outer loop
      vertex -6.043769410125094 -6.996053456856544 8.058013454126451
      vertex -6.187856470641459 6.996053456856544 8.23218479067164
      vertex -6.043769410125094 6.996053456856544 8.058013454126451
    endloop
  endfacet
  facet normal -0.6845471059286851 0 -0.7289686274214149
    outer loop
      vertex -6.352636818452359 6.996053456856544 8.38692383699642
      vertex -6.187856470641459 6.996053456856544 8.23218479067164
      vertex -6.187856470641459 -6.996053456856544 8.23218479067164
    endloop
  endfacet
  facet normal -0.5877852522924749 0 -0.8090169943749462
    outer loop
      vertex -6.352636818452359 -6.996053456856544 8.38692383699642
      vertex -6.5355117690378055 6.996053456856544 8.519790265903627
      vertex -6.352636818452359 6.996053456856544 8.38692383699642
    endloop
  endfacet
  facet normal -0.48175367410171815 0 -0.876306680043862
    outer loop
      vertex -6.5355117690378055 -6.996053456856544 8.519790265903627
      vertex -6.733597275182869 6.996053456856544 8.628688694438836
      vertex -6.5355117690378055 6.996053456856544 8.519790265903627
    endloop
  endfacet
  facet normal -0.36812455268467914 0 -0.929776485888251
    outer loop
      vertex -6.733597275182869 -6.996053456856544 8.628688694438836
      vertex -6.943769410125094 6.996053456856544 8.711901729331277
      vertex -6.733597275182869 6.996053456856544 8.628688694438836
    endloop
  endfacet
  facet normal 0.1253332335643065 0 -0.9921147013144777
    outer loop
      vertex -7.613022935152764 -6.996053456856544 8.79644811117089
      vertex -7.837286366254304 6.996053456856544 8.76811705131164
      vertex -7.613022935152764 6.996053456856544 8.79644811117089
    endloop
  endfacet
  facet normal 0 0 -1
    outer loop
      vertex -7.386977064847236 -6.996053456856544 8.79644811117089
      vertex -7.613022935152764 6.996053456856544 8.79644811117089
      vertex -7.386977064847236 6.996053456856544 8.79644811117089
    endloop
  endfacet
  facet normal -0.1253332335643065 0 -0.9921147013144777
    outer loop
      vertex -7.162713633745696 -6.996053456856544 8.76811705131164
      vertex -7.386977064847236 6.996053456856544 8.79644811117089
      vertex -7.162713633745696 6.996053456856544 8.76811705131164
    endloop
  endfacet
  facet normal 0.24868988716485482 0.9685831611286311 0
    outer loop
      vertex -1.004305231718579 -3.090933677959249 0
      vertex -1.004305231718579 -3.090933677959249 14
      vertex -0.6089892724036057 -3.192433564868238 0
    endloop
  endfacet
  facet normal 0.12533323356430498 0.9921147013144779 0
    outer loop
      vertex -0.6089892724036057 -3.192433564868238 0
      vertex -0.6089892724036057 -3.192433564868238 14
      vertex -0.20406918847026972 -3.2435868673918824 0
    endloop
  endfacet
  facet normal 0 1 0
    outer loop
      vertex -0.20406918847026972 -3.2435868673918824 0
      vertex -0.20406918847026972 -3.2435868673918824 14
      vertex 0.20406918847026972 -3.2435868673918824 0
    endloop
  endfacet
  facet normal 0.3681245526846773 0.9297764858882517 0
    outer loop
      vertex -1.3837826975864855 -2.9406879205145637 0
      vertex -1.3837826975864855 -2.9406879205145637 14
      vertex -1.004305231718579 -3.090933677959249 0
    endloop
  endfacet
  facet normal 0.48175367410171543 0.8763066800438635 0
    outer loop
      vertex -1.7414370836817394 -2.7440657578815486 0
      vertex -1.7414370836817394 -2.7440657578815486 14
      vertex -1.3837826975864855 -2.9406879205145637 0
    endloop
  endfacet
  facet normal 0.7705132427757896 0.6374239897486892 0
    outer loop
      vertex -2.369148039119588 -2.224778094268238 0
      vertex -2.629305231718579 -1.9103020699505378 0
      vertex -2.629305231718579 -1.9103020699505378 14
    endloop
  endfacet
  facet normal 0.5877852522924726 0.8090169943749479 0
    outer loop
      vertex -2.0716279666832413 -2.5041680390213155 0
      vertex -2.0716279666832413 -2.5041680390213155 14
      vertex -1.7414370836817394 -2.7440657578815486 0
    endloop
  endfacet
  facet normal 0.6845471059286888 0.7289686274214116 0
    outer loop
      vertex -2.0716279666832413 -2.5041680390213155 0
      vertex -2.369148039119588 -2.224778094268238 0
      vertex -2.369148039119588 -2.224778094268238 14
    endloop
  endfacet
  facet normal 0.844327925502015 0.5358267949789968 0
    outer loop
      vertex -2.629305231718579 -1.9103020699505378 0
      vertex -2.8479967101425565 -1.5656994408305749 0
      vertex -2.8479967101425565 -1.5656994408305749 14
    endloop
  endfacet
  facet normal 0.9048270524660195 0.4257792915650728 0
    outer loop
      vertex -2.8479967101425565 -1.5656994408305749 0
      vertex -3.021773579136817 -1.1964047962252031 0
      vertex -3.021773579136817 -1.1964047962252031 14
    endloop
  endfacet
  facet normal 0.9510565162951536 0.3090169943749471 0
    outer loop
      vertex -3.021773579136817 -1.1964047962252031 0
      vertex -3.147895273668051 -0.8082421332857783 0
      vertex -3.147895273668051 -0.8082421332857783 14
    endloop
  endfacet
  facet normal 0.9822872507286887 0.1873813145857245 0
    outer loop
      vertex -3.147895273668051 -0.8082421332857783 0
      vertex -3.224372779272053 -0.40733300908398823 0
      vertex -3.224372779272053 -0.40733300908398823 14
    endloop
  endfacet
  facet normal 0.9980267284282717 0.06279051952931358 0
    outer loop
      vertex -3.224372779272053 -0.40733300908398823 0
      vertex -3.25 0 0
      vertex -3.25 0 14
    endloop
  endfacet
  facet normal 0.24868988716485482 0.9685831611286311 0
    outer loop
      vertex -0.6089892724036057 -3.192433564868238 0
      vertex -1.004305231718579 -3.090933677959249 14
      vertex -0.6089892724036057 -3.192433564868238 14
    endloop
  endfacet
  facet normal 0.12533323356430498 0.9921147013144779 0
    outer loop
      vertex -0.20406918847026972 -3.2435868673918824 0
      vertex -0.6089892724036057 -3.192433564868238 14
      vertex -0.20406918847026972 -3.2435868673918824 14
    endloop
  endfacet
  facet normal 0.48175367410171543 0.8763066800438635 0
    outer loop
      vertex -1.3837826975864855 -2.9406879205145637 0
      vertex -1.7414370836817394 -2.7440657578815486 14
      vertex -1.3837826975864855 -2.9406879205145637 14
    endloop
  endfacet
  facet normal 0.5877852522924726 0.8090169943749479 0
    outer loop
      vertex -1.7414370836817394 -2.7440657578815486 0
      vertex -2.0716279666832413 -2.5041680390213155 14
      vertex -1.7414370836817394 -2.7440657578815486 14
    endloop
  endfacet
  facet normal 0.3681245526846773 0.9297764858882517 0
    outer loop
      vertex -1.004305231718579 -3.090933677959249 0
      vertex -1.3837826975864855 -2.9406879205145637 14
      vertex -1.004305231718579 -3.090933677959249 14
    endloop
  endfacet
  facet normal 0.7705132427757896 0.6374239897486892 0
    outer loop
      vertex -2.369148039119588 -2.224778094268238 0
      vertex -2.629305231718579 -1.9103020699505378 14
      vertex -2.369148039119588 -2.224778094268238 14
    endloop
  endfacet
  facet normal 0.844327925502015 0.5358267949789968 0
    outer loop
      vertex -2.8479967101425565 -1.5656994408305749 14
      vertex -2.629305231718579 -1.9103020699505378 14
      vertex -2.629305231718579 -1.9103020699505378 0
    endloop
  endfacet
  facet normal 0.6845471059286888 0.7289686274214116 0
    outer loop
      vertex -2.0716279666832413 -2.5041680390213155 0
      vertex -2.369148039119588 -2.224778094268238 14
      vertex -2.0716279666832413 -2.5041680390213155 14
    endloop
  endfacet
  facet normal 0.9048270524660195 0.4257792915650728 0
    outer loop
      vertex -2.8479967101425565 -1.5656994408305749 0
      vertex -3.021773579136817 -1.1964047962252031 14
      vertex -2.8479967101425565 -1.5656994408305749 14
    endloop
  endfacet
  facet normal 0.9510565162951536 0.3090169943749471 0
    outer loop
      vertex -3.021773579136817 -1.1964047962252031 0
      vertex -3.147895273668051 -0.8082421332857783 14
      vertex -3.021773579136817 -1.1964047962252031 14
    endloop
  endfacet
  facet normal 0.9822872507286887 0.1873813145857245 0
    outer loop
      vertex -3.147895273668051 -0.8082421332857783 0
      vertex -3.224372779272053 -0.40733300908398823 14
      vertex -3.147895273668051 -0.8082421332857783 14
    endloop
  endfacet
  facet normal 0.9980267284282717 0.06279051952931358 0
    outer loop
      vertex -3.224372779272053 -0.40733300908398823 0
      vertex -3.25 0 14
      vertex -3.224372779272053 -0.40733300908398823 14
    endloop
  endfacet
  facet normal 0.9980267284282717 -0.06279051952931358 0
    outer loop
      vertex -3.25 0 0
      vertex -3.224372779272053 0.40733300908398823 0
      vertex -3.224372779272053 0.40733300908398823 14
    endloop
  endfacet
  facet normal 0.9822872507286887 -0.1873813145857245 0
    outer loop
      vertex -3.224372779272053 0.40733300908398823 0
      vertex -3.147895273668051 0.8082421332857783 0
      vertex -3.147895273668051 0.8082421332857783 14
    endloop
  endfacet
  facet normal 0.9510565162951536 -0.3090169943749471 0
    outer loop
      vertex -3.147895273668051 0.8082421332857783 0
      vertex -3.021773579136817 1.1964047962252031 0
      vertex -3.021773579136817 1.1964047962252031 14
    endloop
  endfacet
  facet normal 0.9048270524660195 -0.4257792915650728 0
    outer loop
      vertex -3.021773579136817 1.1964047962252031 0
      vertex -2.8479967101425565 1.5656994408305749 0
      vertex -2.8479967101425565 1.5656994408305749 14
    endloop
  endfacet
  facet normal 0.844327925502015 -0.5358267949789968 0
    outer loop
      vertex -2.8479967101425565 1.5656994408305749 0
      vertex -2.629305231718579 1.9103020699505378 0
      vertex -2.629305231718579 1.9103020699505378 14
    endloop
  endfacet
  facet normal 0.7705132427757896 -0.6374239897486892 0
    outer loop
      vertex -2.629305231718579 1.9103020699505378 0
      vertex -2.369148039119588 2.224778094268238 0
      vertex -2.369148039119588 2.224778094268238 14
    endloop
  endfacet
  facet normal 0.6845471059286888 -0.7289686274214116 0
    outer loop
      vertex -2.0716279666832413 2.5041680390213155 0
      vertex -2.0716279666832413 2.5041680390213155 14
      vertex -2.369148039119588 2.224778094268238 0
    endloop
  endfacet
  facet normal 0.5877852522924726 -0.8090169943749479 0
    outer loop
      vertex -1.7414370836817394 2.7440657578815486 0
      vertex -1.7414370836817394 2.7440657578815486 14
      vertex -2.0716279666832413 2.5041680390213155 0
    endloop
  endfacet
  facet normal 0.48175367410171555 -0.8763066800438635 0
    outer loop
      vertex -1.3837826975864864 2.9406879205145633 0
      vertex -1.3837826975864864 2.9406879205145633 14
      vertex -1.7414370836817394 2.7440657578815486 0
    endloop
  endfacet
  facet normal 0.3681245526846775 -0.9297764858882516 0
    outer loop
      vertex -1.004305231718579 3.090933677959249 0
      vertex -1.004305231718579 3.090933677959249 14
      vertex -1.3837826975864864 2.9406879205145633 0
    endloop
  endfacet
  facet normal 0.24868988716485538 -0.9685831611286309 0
    outer loop
      vertex -0.6089892724036049 3.1924335648682383 0
      vertex -0.6089892724036049 3.1924335648682383 14
      vertex -1.004305231718579 3.090933677959249 0
    endloop
  endfacet
  facet normal 0.12533323356430368 -0.992114701314478 0
    outer loop
      vertex -0.20406918847026814 3.2435868673918824 0
      vertex -0.20406918847026814 3.2435868673918824 14
      vertex -0.6089892724036049 3.1924335648682383 0
    endloop
  endfacet
  facet normal 0.9980267284282717 -0.06279051952931358 0
    outer loop
      vertex -3.25 0 0
      vertex -3.224372779272053 0.40733300908398823 14
      vertex -3.25 0 14
    endloop
  endfacet
  facet normal 0.9822872507286887 -0.1873813145857245 0
    outer loop
      vertex -3.224372779272053 0.40733300908398823 0
      vertex -3.147895273668051 0.8082421332857783 14
      vertex -3.224372779272053 0.40733300908398823 14
    endloop
  endfacet
  facet normal 0.9510565162951536 -0.3090169943749471 0
    outer loop
      vertex -3.147895273668051 0.8082421332857783 0
      vertex -3.021773579136817 1.1964047962252031 14
      vertex -3.147895273668051 0.8082421332857783 14
    endloop
  endfacet
  facet normal 0.9048270524660195 -0.4257792915650728 0
    outer loop
      vertex -3.021773579136817 1.1964047962252031 0
      vertex -2.8479967101425565 1.5656994408305749 14
      vertex -3.021773579136817 1.1964047962252031 14
    endloop
  endfacet
  facet normal 0.844327925502015 -0.5358267949789968 0
    outer loop
      vertex -2.8479967101425565 1.5656994408305749 0
      vertex -2.629305231718579 1.9103020699505378 14
      vertex -2.8479967101425565 1.5656994408305749 14
    endloop
  endfacet
  facet normal 0.7705132427757896 -0.6374239897486892 0
    outer loop
      vertex -2.629305231718579 1.9103020699505378 0
      vertex -2.369148039119588 2.224778094268238 14
      vertex -2.629305231718579 1.9103020699505378 14
    endloop
  endfacet
  facet normal 0.6845471059286888 -0.7289686274214116 0
    outer loop
      vertex -2.369148039119588 2.224778094268238 0
      vertex -2.0716279666832413 2.5041680390213155 14
      vertex -2.369148039119588 2.224778094268238 14
    endloop
  endfacet
  facet normal 0.5877852522924726 -0.8090169943749479 0
    outer loop
      vertex -2.0716279666832413 2.5041680390213155 0
      vertex -1.7414370836817394 2.7440657578815486 14
      vertex -2.0716279666832413 2.5041680390213155 14
    endloop
  endfacet
  facet normal 0.48175367410171555 -0.8763066800438635 0
    outer loop
      vertex -1.7414370836817394 2.7440657578815486 0
      vertex -1.3837826975864864 2.9406879205145633 14
      vertex -1.7414370836817394 2.7440657578815486 14
    endloop
  endfacet
  facet normal 0.3681245526846775 -0.9297764858882516 0
    outer loop
      vertex -1.3837826975864864 2.9406879205145633 0
      vertex -1.004305231718579 3.090933677959249 14
      vertex -1.3837826975864864 2.9406879205145633 14
    endloop
  endfacet
  facet normal 0.24868988716485538 -0.9685831611286309 0
    outer loop
      vertex -1.004305231718579 3.090933677959249 0
      vertex -0.6089892724036049 3.1924335648682383 14
      vertex -1.004305231718579 3.090933677959249 14
    endloop
  endfacet
  facet normal 0.12533323356430368 -0.992114701314478 0
    outer loop
      vertex -0.6089892724036049 3.1924335648682383 0
      vertex -0.20406918847026814 3.2435868673918824 14
      vertex -0.6089892724036049 3.1924335648682383 14
    endloop
  endfacet
  facet normal 0 -1 0
    outer loop
      vertex 0.20406918847026814 3.2435868673918824 14
      vertex -0.20406918847026814 3.2435868673918824 14
      vertex -0.20406918847026814 3.2435868673918824 0
    endloop
  endfacet
  facet normal -0.12533323356430498 0.9921147013144779 0
    outer loop
      vertex 0.20406918847026972 -3.2435868673918824 0
      vertex 0.20406918847026972 -3.2435868673918824 14
      vertex 0.6089892724036057 -3.192433564868238 0
    endloop
  endfacet
  facet normal -0.24868988716485482 0.9685831611286311 0
    outer loop
      vertex 0.6089892724036057 -3.192433564868238 0
      vertex 0.6089892724036057 -3.192433564868238 14
      vertex 1.004305231718579 -3.090933677959249 0
    endloop
  endfacet
  facet normal -0.3681245526846773 0.9297764858882517 0
    outer loop
      vertex 1.004305231718579 -3.090933677959249 0
      vertex 1.004305231718579 -3.090933677959249 14
      vertex 1.3837826975864855 -2.9406879205145637 0
    endloop
  endfacet
  facet normal -0.48175367410171566 0.8763066800438635 0
    outer loop
      vertex 1.3837826975864855 -2.9406879205145637 0
      vertex 1.3837826975864855 -2.9406879205145637 14
      vertex 1.7414370836817377 -2.7440657578815495 0
    endloop
  endfacet
  facet normal -0.587785252292473 0.8090169943749476 0
    outer loop
      vertex 1.7414370836817377 -2.7440657578815495 0
      vertex 1.7414370836817377 -2.7440657578815495 14
      vertex 2.0716279666832422 -2.504168039021314 0
    endloop
  endfacet
  facet normal -0.6845471059286881 0.7289686274214119 0
    outer loop
      vertex 2.0716279666832422 -2.504168039021314 0
      vertex 2.0716279666832422 -2.504168039021314 14
      vertex 2.369148039119588 -2.224778094268238 0
    endloop
  endfacet
  facet normal -0.7705132427757896 0.6374239897486892 0
    outer loop
      vertex 2.369148039119588 -2.224778094268238 0
      vertex 2.369148039119588 -2.224778094268238 14
      vertex 2.629305231718579 -1.9103020699505378 0
    endloop
  endfacet
  facet normal -0.844327925502015 0.5358267949789968 0
    outer loop
      vertex 2.8479967101425565 -1.5656994408305749 0
      vertex 2.629305231718579 -1.9103020699505378 0
      vertex 2.629305231718579 -1.9103020699505378 14
    endloop
  endfacet
  facet normal -0.9048270524660197 0.4257792915650725 0
    outer loop
      vertex 3.0217735791368163 -1.1964047962252047 0
      vertex 2.8479967101425565 -1.5656994408305749 0
      vertex 2.8479967101425565 -1.5656994408305749 14
    endloop
  endfacet
  facet normal -0.9510565162951534 0.30901699437494795 0
    outer loop
      vertex 3.1478952736680514 -0.8082421332857769 0
      vertex 3.0217735791368163 -1.1964047962252047 0
      vertex 3.0217735791368163 -1.1964047962252047 14
    endloop
  endfacet
  facet normal -0.9822872507286887 0.18738131458572407 0
    outer loop
      vertex 3.224372779272053 -0.40733300908398823 0
      vertex 3.1478952736680514 -0.8082421332857769 0
      vertex 3.1478952736680514 -0.8082421332857769 14
    endloop
  endfacet
  facet normal -0.9980267284282717 0.06279051952931358 0
    outer loop
      vertex 3.224372779272053 -0.40733300908398823 0
      vertex 3.224372779272053 -0.40733300908398823 14
      vertex 3.25 0 0
    endloop
  endfacet
  facet normal 0 1 0
    outer loop
      vertex -0.20406918847026972 -3.2435868673918824 14
      vertex 0.20406918847026972 -3.2435868673918824 14
      vertex 0.20406918847026972 -3.2435868673918824 0
    endloop
  endfacet
  facet normal -0.12533323356430498 0.9921147013144779 0
    outer loop
      vertex 0.6089892724036057 -3.192433564868238 0
      vertex 0.20406918847026972 -3.2435868673918824 14
      vertex 0.6089892724036057 -3.192433564868238 14
    endloop
  endfacet
  facet normal -0.24868988716485482 0.9685831611286311 0
    outer loop
      vertex 1.004305231718579 -3.090933677959249 0
      vertex 0.6089892724036057 -3.192433564868238 14
      vertex 1.004305231718579 -3.090933677959249 14
    endloop
  endfacet
  facet normal -0.3681245526846773 0.9297764858882517 0
    outer loop
      vertex 1.3837826975864855 -2.9406879205145637 0
      vertex 1.004305231718579 -3.090933677959249 14
      vertex 1.3837826975864855 -2.9406879205145637 14
    endloop
  endfacet
  facet normal -0.48175367410171566 0.8763066800438635 0
    outer loop
      vertex 1.7414370836817377 -2.7440657578815495 0
      vertex 1.3837826975864855 -2.9406879205145637 14
      vertex 1.7414370836817377 -2.7440657578815495 14
    endloop
  endfacet
  facet normal -0.587785252292473 0.8090169943749476 0
    outer loop
      vertex 2.0716279666832422 -2.504168039021314 0
      vertex 1.7414370836817377 -2.7440657578815495 14
      vertex 2.0716279666832422 -2.504168039021314 14
    endloop
  endfacet
  facet normal -0.6845471059286881 0.7289686274214119 0
    outer loop
      vertex 2.369148039119588 -2.224778094268238 0
      vertex 2.0716279666832422 -2.504168039021314 14
      vertex 2.369148039119588 -2.224778094268238 14
    endloop
  endfacet
  facet normal -0.7705132427757896 0.6374239897486892 0
    outer loop
      vertex 2.629305231718579 -1.9103020699505378 0
      vertex 2.369148039119588 -2.224778094268238 14
      vertex 2.629305231718579 -1.9103020699505378 14
    endloop
  endfacet
  facet normal -0.844327925502015 0.5358267949789968 0
    outer loop
      vertex 2.8479967101425565 -1.5656994408305749 0
      vertex 2.629305231718579 -1.9103020699505378 14
      vertex 2.8479967101425565 -1.5656994408305749 14
    endloop
  endfacet
  facet normal -0.9048270524660197 0.4257792915650725 0
    outer loop
      vertex 3.0217735791368163 -1.1964047962252047 0
      vertex 2.8479967101425565 -1.5656994408305749 14
      vertex 3.0217735791368163 -1.1964047962252047 14
    endloop
  endfacet
  facet normal -0.9510565162951534 0.30901699437494795 0
    outer loop
      vertex 3.1478952736680514 -0.8082421332857769 0
      vertex 3.0217735791368163 -1.1964047962252047 14
      vertex 3.1478952736680514 -0.8082421332857769 14
    endloop
  endfacet
  facet normal -0.9822872507286887 0.18738131458572407 0
    outer loop
      vertex 3.1478952736680514 -0.8082421332857769 14
      vertex 3.224372779272053 -0.40733300908398823 14
      vertex 3.224372779272053 -0.40733300908398823 0
    endloop
  endfacet
  facet normal -0.9980267284282717 0.06279051952931358 0
    outer loop
      vertex 3.25 0 0
      vertex 3.224372779272053 -0.40733300908398823 14
      vertex 3.25 0 14
    endloop
  endfacet
  facet normal -0.9980267284282717 -0.0627905195293135 0
    outer loop
      vertex 3.25 0 0
      vertex 3.25 0 14
      vertex 3.224372779272053 0.40733300908398884 0
    endloop
  endfacet
  facet normal -0.9822872507286887 -0.18738131458572488 0
    outer loop
      vertex 3.147895273668051 0.8082421332857781 0
      vertex 3.224372779272053 0.40733300908398884 0
      vertex 3.224372779272053 0.40733300908398884 14
    endloop
  endfacet
  facet normal -0.9510565162951534 -0.30901699437494784 0
    outer loop
      vertex 3.0217735791368168 1.1964047962252033 0
      vertex 3.147895273668051 0.8082421332857781 0
      vertex 3.147895273668051 0.8082421332857781 14
    endloop
  endfacet
  facet normal -0.9048270524660198 -0.42577929156507216 0
    outer loop
      vertex 2.8479967101425565 1.5656994408305749 0
      vertex 3.0217735791368168 1.1964047962252033 0
      vertex 3.0217735791368168 1.1964047962252033 14
    endloop
  endfacet
  facet normal -0.844327925502015 -0.5358267949789968 0
    outer loop
      vertex 2.629305231718579 1.9103020699505378 0
      vertex 2.8479967101425565 1.5656994408305749 0
      vertex 2.8479967101425565 1.5656994408305749 14
    endloop
  endfacet
  facet normal -0.6845471059286881 -0.7289686274214119 0
    outer loop
      vertex 2.3691480391195876 2.2247780942682382 0
      vertex 2.3691480391195876 2.2247780942682382 14
      vertex 2.071627966683242 2.5041680390213146 0
    endloop
  endfacet
  facet normal -0.5877852522924738 -0.8090169943749469 0
    outer loop
      vertex 2.071627966683242 2.5041680390213146 0
      vertex 2.071627966683242 2.5041680390213146 14
      vertex 1.7414370836817392 2.744065757881549 0
    endloop
  endfacet
  facet normal -0.7705132427757895 -0.6374239897486893 0
    outer loop
      vertex 2.3691480391195876 2.2247780942682382 0
      vertex 2.629305231718579 1.9103020699505378 0
      vertex 2.629305231718579 1.9103020699505378 14
    endloop
  endfacet
  facet normal -0.481753674101715 -0.8763066800438638 0
    outer loop
      vertex 1.7414370836817392 2.744065757881549 0
      vertex 1.7414370836817392 2.744065757881549 14
      vertex 1.3837826975864864 2.9406879205145633 0
    endloop
  endfacet
  facet normal -0.3681245526846775 -0.9297764858882516 0
    outer loop
      vertex 1.3837826975864864 2.9406879205145633 0
      vertex 1.3837826975864864 2.9406879205145633 14
      vertex 1.004305231718579 3.090933677959249 0
    endloop
  endfacet
  facet normal 0 -1 0
    outer loop
      vertex -0.20406918847026814 3.2435868673918824 0
      vertex 0.20406918847026814 3.2435868673918824 0
      vertex 0.20406918847026814 3.2435868673918824 14
    endloop
  endfacet
  facet normal -0.12533323356430368 -0.992114701314478 0
    outer loop
      vertex 0.6089892724036049 3.1924335648682383 0
      vertex 0.6089892724036049 3.1924335648682383 14
      vertex 0.20406918847026814 3.2435868673918824 0
    endloop
  endfacet
  facet normal -0.24868988716485538 -0.9685831611286309 0
    outer loop
      vertex 1.004305231718579 3.090933677959249 0
      vertex 1.004305231718579 3.090933677959249 14
      vertex 0.6089892724036049 3.1924335648682383 0
    endloop
  endfacet
  facet normal -0.9980267284282717 -0.0627905195293135 0
    outer loop
      vertex 3.224372779272053 0.40733300908398884 0
      vertex 3.25 0 14
      vertex 3.224372779272053 0.40733300908398884 14
    endloop
  endfacet
  facet normal -0.9822872507286887 -0.18738131458572488 0
    outer loop
      vertex 3.147895273668051 0.8082421332857781 0
      vertex 3.224372779272053 0.40733300908398884 14
      vertex 3.147895273668051 0.8082421332857781 14
    endloop
  endfacet
  facet normal -0.9510565162951534 -0.30901699437494784 0
    outer loop
      vertex 3.0217735791368168 1.1964047962252033 0
      vertex 3.147895273668051 0.8082421332857781 14
      vertex 3.0217735791368168 1.1964047962252033 14
    endloop
  endfacet
  facet normal -0.9048270524660198 -0.42577929156507216 0
    outer loop
      vertex 2.8479967101425565 1.5656994408305749 0
      vertex 3.0217735791368168 1.1964047962252033 14
      vertex 2.8479967101425565 1.5656994408305749 14
    endloop
  endfacet
  facet normal -0.6845471059286881 -0.7289686274214119 0
    outer loop
      vertex 2.071627966683242 2.5041680390213146 0
      vertex 2.3691480391195876 2.2247780942682382 14
      vertex 2.071627966683242 2.5041680390213146 14
    endloop
  endfacet
  facet normal -0.844327925502015 -0.5358267949789968 0
    outer loop
      vertex 2.629305231718579 1.9103020699505378 0
      vertex 2.8479967101425565 1.5656994408305749 14
      vertex 2.629305231718579 1.9103020699505378 14
    endloop
  endfacet
  facet normal -0.7705132427757895 -0.6374239897486893 0
    outer loop
      vertex 2.3691480391195876 2.2247780942682382 0
      vertex 2.629305231718579 1.9103020699505378 14
      vertex 2.3691480391195876 2.2247780942682382 14
    endloop
  endfacet
  facet normal -0.3681245526846775 -0.9297764858882516 0
    outer loop
      vertex 1.004305231718579 3.090933677959249 0
      vertex 1.3837826975864864 2.9406879205145633 14
      vertex 1.004305231718579 3.090933677959249 14
    endloop
  endfacet
  facet normal -0.5877852522924738 -0.8090169943749469 0
    outer loop
      vertex 1.7414370836817392 2.744065757881549 0
      vertex 2.071627966683242 2.5041680390213146 14
      vertex 1.7414370836817392 2.744065757881549 14
    endloop
  endfacet
  facet normal -0.481753674101715 -0.8763066800438638 0
    outer loop
      vertex 1.3837826975864864 2.9406879205145633 0
      vertex 1.7414370836817392 2.744065757881549 14
      vertex 1.3837826975864864 2.9406879205145633 14
    endloop
  endfacet
  facet normal -0.12533323356430368 -0.992114701314478 0
    outer loop
      vertex 0.20406918847026814 3.2435868673918824 0
      vertex 0.6089892724036049 3.1924335648682383 14
      vertex 0.20406918847026814 3.2435868673918824 14
    endloop
  endfacet
  facet normal -0.24868988716485538 -0.9685831611286309 0
    outer loop
      vertex 0.6089892724036049 3.1924335648682383 0
      vertex 1.004305231718579 3.090933677959249 14
      vertex 0.6089892724036049 3.1924335648682383 14
    endloop
  endfacet
  facet normal 0.12533323356430456 0.9921147013144777 0
    outer loop
      vertex 7.162713633745695 -1.7681170513116395 0
      vertex 7.162713633745695 -1.7681170513116395 14
      vertex 7.386977064847235 -1.7964481111708888 0
    endloop
  endfacet
  facet normal 0 1 0
    outer loop
      vertex 7.386977064847235 -1.7964481111708888 0
      vertex 7.386977064847235 -1.7964481111708888 14
      vertex 7.613022935152765 -1.7964481111708888 0
    endloop
  endfacet
  facet normal -0.12533323356430456 0.9921147013144777 0
    outer loop
      vertex 7.613022935152765 -1.7964481111708888 0
      vertex 7.613022935152765 -1.7964481111708888 14
      vertex 7.837286366254305 -1.7681170513116395 0
    endloop
  endfacet
  facet normal -0.248689887164855 0.9685831611286311 0
    outer loop
      vertex 7.837286366254305 -1.7681170513116395 0
      vertex 7.837286366254305 -1.7681170513116395 14
      vertex 8.056230589874906 -1.7119017293312764 0
    endloop
  endfacet
  facet normal 0.36812455268467875 0.9297764858882511 0
    outer loop
      vertex 6.73359727518287 -1.6286886944388352 0
      vertex 6.73359727518287 -1.6286886944388352 14
      vertex 6.943769410125094 -1.7119017293312764 0
    endloop
  endfacet
  facet normal 0.4817536741017142 0.8763066800438641 0
    outer loop
      vertex 6.5355117690378055 -1.5197902659036269 0
      vertex 6.5355117690378055 -1.5197902659036269 14
      vertex 6.73359727518287 -1.6286886944388352 0
    endloop
  endfacet
  facet normal 0.5877852522924729 0.8090169943749476 0
    outer loop
      vertex 6.352636818452359 -1.386923836996421 0
      vertex 6.352636818452359 -1.386923836996421 14
      vertex 6.5355117690378055 -1.5197902659036269 0
    endloop
  endfacet
  facet normal 0.6845471059286892 0.728968627421411 0
    outer loop
      vertex 6.187856470641459 -1.2321847906716394 0
      vertex 6.187856470641459 -1.2321847906716394 14
      vertex 6.352636818452359 -1.386923836996421 0
    endloop
  endfacet
  facet normal 0.7705132427757879 0.6374239897486914 0
    outer loop
      vertex 6.187856470641459 -1.2321847906716394 0
      vertex 6.043769410125094 -1.0580134541264516 0
      vertex 6.043769410125094 -1.0580134541264516 14
    endloop
  endfacet
  facet normal 0.8443279255020164 0.5358267949789945 0
    outer loop
      vertex 6.043769410125094 -1.0580134541264516 0
      vertex 5.922647975921046 -0.8671566133830877 0
      vertex 5.922647975921046 -0.8671566133830877 14
    endloop
  endfacet
  facet normal 0.248689887164855 0.9685831611286311 0
    outer loop
      vertex 6.943769410125094 -1.7119017293312764 0
      vertex 6.943769410125094 -1.7119017293312764 14
      vertex 7.162713633745695 -1.7681170513116395 0
    endloop
  endfacet
  facet normal -0.36812455268467875 0.9297764858882511 0
    outer loop
      vertex 8.056230589874906 -1.7119017293312764 0
      vertex 8.056230589874906 -1.7119017293312764 14
      vertex 8.26640272481713 -1.6286886944388352 0
    endloop
  endfacet
  facet normal -0.4817536741017152 0.8763066800438636 0
    outer loop
      vertex 8.26640272481713 -1.6286886944388352 0
      vertex 8.26640272481713 -1.6286886944388352 14
      vertex 8.464488230962193 -1.5197902659036275 0
    endloop
  endfacet
  facet normal -0.5877852522924731 0.8090169943749475 0
    outer loop
      vertex 8.464488230962193 -1.5197902659036275 0
      vertex 8.464488230962193 -1.5197902659036275 14
      vertex 8.647363181547641 -1.3869238369964203 0
    endloop
  endfacet
  facet normal -0.6845471059286857 0.7289686274214143 0
    outer loop
      vertex 8.647363181547641 -1.3869238369964203 0
      vertex 8.647363181547641 -1.3869238369964203 14
      vertex 8.812143529358542 -1.2321847906716394 0
    endloop
  endfacet
  facet normal -0.7705132427757897 0.6374239897486891 0
    outer loop
      vertex 8.812143529358542 -1.2321847906716394 0
      vertex 8.812143529358542 -1.2321847906716394 14
      vertex 8.956230589874906 -1.0580134541264516 0
    endloop
  endfacet
  facet normal -0.8443279255020146 0.5358267949789973 0
    outer loop
      vertex 9.077352024078955 -0.8671566133830877 0
      vertex 8.956230589874906 -1.0580134541264516 0
      vertex 8.956230589874906 -1.0580134541264516 14
    endloop
  endfacet
  facet normal 0.9510565162951533 0.3090169943749482 0
    outer loop
      vertex 5.826402325401148 -0.6626241948324202 0
      vertex 5.756550309968464 -0.4476417968967387 0
      vertex 5.756550309968464 -0.4476417968967387 14
    endloop
  endfacet
  facet normal 0.9048270524660199 0.42577929156507216 0
    outer loop
      vertex 5.922647975921046 -0.8671566133830877 0
      vertex 5.826402325401148 -0.6626241948324202 0
      vertex 5.826402325401148 -0.6626241948324202 14
    endloop
  endfacet
  facet normal 0.9822872507286886 0.18738131458572468 0
    outer loop
      vertex 5.756550309968464 -0.4476417968967387 0
      vertex 5.71419353763394 -0.22559982041574733 0
      vertex 5.71419353763394 -0.22559982041574733 14
    endloop
  endfacet
  facet normal 0.9980267284282716 0.06279051952931261 0
    outer loop
      vertex 5.71419353763394 -0.22559982041574733 0
      vertex 5.7 0 0
      vertex 5.7 0 14
    endloop
  endfacet
  facet normal -0.9048270524660205 0.4257792915650704 0
    outer loop
      vertex 9.173597674598852 -0.6626241948324211 0
      vertex 9.077352024078955 -0.8671566133830877 0
      vertex 9.077352024078955 -0.8671566133830877 14
    endloop
  endfacet
  facet normal -0.951056516295154 0.30901699437494606 0
    outer loop
      vertex 9.243449690031536 -0.447641796896738 0
      vertex 9.173597674598852 -0.6626241948324211 0
      vertex 9.173597674598852 -0.6626241948324211 14
    endloop
  endfacet
  facet normal -0.9822872507286877 0.18738131458572907 0
    outer loop
      vertex 9.285806462366061 -0.22559982041574733 0
      vertex 9.243449690031536 -0.447641796896738 0
      vertex 9.243449690031536 -0.447641796896738 14
    endloop
  endfacet
  facet normal -0.9980267284282716 0.06279051952931261 0
    outer loop
      vertex 9.285806462366061 -0.22559982041574733 0
      vertex 9.285806462366061 -0.22559982041574733 14
      vertex 9.3 0 0
    endloop
  endfacet
  facet normal 0.248689887164855 0.9685831611286311 0
    outer loop
      vertex 7.162713633745695 -1.7681170513116395 0
      vertex 6.943769410125094 -1.7119017293312764 14
      vertex 7.162713633745695 -1.7681170513116395 14
    endloop
  endfacet
  facet normal 0.12533323356430456 0.9921147013144777 0
    outer loop
      vertex 7.386977064847235 -1.7964481111708888 0
      vertex 7.162713633745695 -1.7681170513116395 14
      vertex 7.386977064847235 -1.7964481111708888 14
    endloop
  endfacet
  facet normal 0 1 0
    outer loop
      vertex 7.613022935152765 -1.7964481111708888 0
      vertex 7.386977064847235 -1.7964481111708888 14
      vertex 7.613022935152765 -1.7964481111708888 14
    endloop
  endfacet
  facet normal -0.12533323356430456 0.9921147013144777 0
    outer loop
      vertex 7.837286366254305 -1.7681170513116395 0
      vertex 7.613022935152765 -1.7964481111708888 14
      vertex 7.837286366254305 -1.7681170513116395 14
    endloop
  endfacet
  facet normal 0.36812455268467875 0.9297764858882511 0
    outer loop
      vertex 6.943769410125094 -1.7119017293312764 0
      vertex 6.73359727518287 -1.6286886944388352 14
      vertex 6.943769410125094 -1.7119017293312764 14
    endloop
  endfacet
  facet normal 0.4817536741017142 0.8763066800438641 0
    outer loop
      vertex 6.73359727518287 -1.6286886944388352 0
      vertex 6.5355117690378055 -1.5197902659036269 14
      vertex 6.73359727518287 -1.6286886944388352 14
    endloop
  endfacet
  facet normal 0.6845471059286892 0.728968627421411 0
    outer loop
      vertex 6.352636818452359 -1.386923836996421 0
      vertex 6.187856470641459 -1.2321847906716394 14
      vertex 6.352636818452359 -1.386923836996421 14
    endloop
  endfacet
  facet normal 0.5877852522924729 0.8090169943749476 0
    outer loop
      vertex 6.5355117690378055 -1.5197902659036269 0
      vertex 6.352636818452359 -1.386923836996421 14
      vertex 6.5355117690378055 -1.5197902659036269 14
    endloop
  endfacet
  facet normal 0.7705132427757879 0.6374239897486914 0
    outer loop
      vertex 6.187856470641459 -1.2321847906716394 0
      vertex 6.043769410125094 -1.0580134541264516 14
      vertex 6.187856470641459 -1.2321847906716394 14
    endloop
  endfacet
  facet normal 0.8443279255020164 0.5358267949789945 0
    outer loop
      vertex 6.043769410125094 -1.0580134541264516 0
      vertex 5.922647975921046 -0.8671566133830877 14
      vertex 6.043769410125094 -1.0580134541264516 14
    endloop
  endfacet
  facet normal -0.248689887164855 0.9685831611286311 0
    outer loop
      vertex 8.056230589874906 -1.7119017293312764 0
      vertex 7.837286366254305 -1.7681170513116395 14
      vertex 8.056230589874906 -1.7119017293312764 14
    endloop
  endfacet
  facet normal -0.36812455268467875 0.9297764858882511 0
    outer loop
      vertex 8.26640272481713 -1.6286886944388352 0
      vertex 8.056230589874906 -1.7119017293312764 14
      vertex 8.26640272481713 -1.6286886944388352 14
    endloop
  endfacet
  facet normal -0.4817536741017152 0.8763066800438636 0
    outer loop
      vertex 8.464488230962193 -1.5197902659036275 0
      vertex 8.26640272481713 -1.6286886944388352 14
      vertex 8.464488230962193 -1.5197902659036275 14
    endloop
  endfacet
  facet normal -0.5877852522924731 0.8090169943749475 0
    outer loop
      vertex 8.647363181547641 -1.3869238369964203 0
      vertex 8.464488230962193 -1.5197902659036275 14
      vertex 8.647363181547641 -1.3869238369964203 14
    endloop
  endfacet
  facet normal -0.6845471059286857 0.7289686274214143 0
    outer loop
      vertex 8.812143529358542 -1.2321847906716394 0
      vertex 8.647363181547641 -1.3869238369964203 14
      vertex 8.812143529358542 -1.2321847906716394 14
    endloop
  endfacet
  facet normal -0.7705132427757897 0.6374239897486891 0
    outer loop
      vertex 8.956230589874906 -1.0580134541264516 0
      vertex 8.812143529358542 -1.2321847906716394 14
      vertex 8.956230589874906 -1.0580134541264516 14
    endloop
  endfacet
  facet normal -0.8443279255020146 0.5358267949789973 0
    outer loop
      vertex 9.077352024078955 -0.8671566133830877 0
      vertex 8.956230589874906 -1.0580134541264516 14
      vertex 9.077352024078955 -0.8671566133830877 14
    endloop
  endfacet
  facet normal 0.9048270524660199 0.42577929156507216 0
    outer loop
      vertex 5.922647975921046 -0.8671566133830877 0
      vertex 5.826402325401148 -0.6626241948324202 14
      vertex 5.922647975921046 -0.8671566133830877 14
    endloop
  endfacet
  facet normal 0.9510565162951533 0.3090169943749482 0
    outer loop
      vertex 5.826402325401148 -0.6626241948324202 0
      vertex 5.756550309968464 -0.4476417968967387 14
      vertex 5.826402325401148 -0.6626241948324202 14
    endloop
  endfacet
  facet normal 0.9822872507286886 0.18738131458572468 0
    outer loop
      vertex 5.756550309968464 -0.4476417968967387 0
      vertex 5.71419353763394 -0.22559982041574733 14
      vertex 5.756550309968464 -0.4476417968967387 14
    endloop
  endfacet
  facet normal 0.9980267284282716 0.06279051952931261 0
    outer loop
      vertex 5.7 0 14
      vertex 5.71419353763394 -0.22559982041574733 14
      vertex 5.71419353763394 -0.22559982041574733 0
    endloop
  endfacet
  facet normal -0.9048270524660205 0.4257792915650704 0
    outer loop
      vertex 9.173597674598852 -0.6626241948324211 0
      vertex 9.077352024078955 -0.8671566133830877 14
      vertex 9.173597674598852 -0.6626241948324211 14
    endloop
  endfacet
  facet normal -0.951056516295154 0.30901699437494606 0
    outer loop
      vertex 9.243449690031536 -0.447641796896738 0
      vertex 9.173597674598852 -0.6626241948324211 14
      vertex 9.243449690031536 -0.447641796896738 14
    endloop
  endfacet
  facet normal -0.9822872507286877 0.18738131458572907 0
    outer loop
      vertex 9.285806462366061 -0.22559982041574733 0
      vertex 9.243449690031536 -0.447641796896738 14
      vertex 9.285806462366061 -0.22559982041574733 14
    endloop
  endfacet
  facet normal -0.9980267284282716 0.06279051952931261 0
    outer loop
      vertex 9.3 0 0
      vertex 9.285806462366061 -0.22559982041574733 14
      vertex 9.3 0 14
    endloop
  endfacet
  facet normal 0.9980267284282716 -0.06279051952931261 0
    outer loop
      vertex 5.7 0 0
      vertex 5.71419353763394 0.22559982041574733 0
      vertex 5.71419353763394 0.22559982041574733 14
    endloop
  endfacet
  facet normal 0.9822872507286886 -0.18738131458572468 0
    outer loop
      vertex 5.71419353763394 0.22559982041574733 0
      vertex 5.756550309968464 0.4476417968967387 0
      vertex 5.756550309968464 0.4476417968967387 14
    endloop
  endfacet
  facet normal 0.9510565162951533 -0.3090169943749482 0
    outer loop
      vertex 5.756550309968464 0.4476417968967387 0
      vertex 5.826402325401148 0.6626241948324202 0
      vertex 5.826402325401148 0.6626241948324202 14
    endloop
  endfacet
  facet normal 0.9048270524660199 -0.42577929156507216 0
    outer loop
      vertex 5.826402325401148 0.6626241948324202 0
      vertex 5.922647975921046 0.8671566133830877 0
      vertex 5.922647975921046 0.8671566133830877 14
    endloop
  endfacet
  facet normal -0.9510565162951534 -0.3090169943749478 0
    outer loop
      vertex 9.173597674598852 0.6626241948324204 0
      vertex 9.243449690031536 0.44764179689673866 0
      vertex 9.243449690031536 0.44764179689673866 14
    endloop
  endfacet
  facet normal -0.904827052466021 -0.4257792915650695 0
    outer loop
      vertex 9.077352024078955 0.8671566133830876 0
      vertex 9.173597674598852 0.6626241948324204 0
      vertex 9.173597674598852 0.6626241948324204 14
    endloop
  endfacet
  facet normal 0.8443279255020164 -0.5358267949789945 0
    outer loop
      vertex 5.922647975921046 0.8671566133830877 0
      vertex 6.043769410125094 1.0580134541264516 0
      vertex 6.043769410125094 1.0580134541264516 14
    endloop
  endfacet
  facet normal 0.7705132427757879 -0.6374239897486914 0
    outer loop
      vertex 6.043769410125094 1.0580134541264516 0
      vertex 6.187856470641459 1.2321847906716394 0
      vertex 6.187856470641459 1.2321847906716394 14
    endloop
  endfacet
  facet normal 0.6845471059286892 -0.728968627421411 0
    outer loop
      vertex 6.352636818452359 1.386923836996421 0
      vertex 6.352636818452359 1.386923836996421 14
      vertex 6.187856470641459 1.2321847906716394 0
    endloop
  endfacet
  facet normal 0.5877852522924729 -0.8090169943749476 0
    outer loop
      vertex 6.5355117690378055 1.5197902659036269 0
      vertex 6.5355117690378055 1.5197902659036269 14
      vertex 6.352636818452359 1.386923836996421 0
    endloop
  endfacet
  facet normal 0.4817536741017151 -0.8763066800438637 0
    outer loop
      vertex 6.733597275182869 1.628688694438835 0
      vertex 6.733597275182869 1.628688694438835 14
      vertex 6.5355117690378055 1.5197902659036269 0
    endloop
  endfacet
  facet normal 0.36812455268467825 -0.9297764858882512 0
    outer loop
      vertex 6.943769410125094 1.7119017293312764 0
      vertex 6.943769410125094 1.7119017293312764 14
      vertex 6.733597275182869 1.628688694438835 0
    endloop
  endfacet
  facet normal -0.8443279255020149 -0.5358267949789971 0
    outer loop
      vertex 8.956230589874906 1.0580134541264516 0
      vertex 9.077352024078955 0.8671566133830876 0
      vertex 9.077352024078955 0.8671566133830876 14
    endloop
  endfacet
  facet normal -0.7705132427757863 -0.6374239897486932 0
    outer loop
      vertex 8.81214352935854 1.2321847906716397 0
      vertex 8.956230589874906 1.0580134541264516 0
      vertex 8.956230589874906 1.0580134541264516 14
    endloop
  endfacet
  facet normal -0.6845471059286896 -0.7289686274214106 0
    outer loop
      vertex 8.647363181547641 1.3869238369964205 0
      vertex 8.81214352935854 1.2321847906716397 0
      vertex 8.81214352935854 1.2321847906716397 14
    endloop
  endfacet
  facet normal -0.24868988716485493 -0.9685831611286311 0
    outer loop
      vertex 8.056230589874906 1.7119017293312764 0
      vertex 8.056230589874906 1.7119017293312764 14
      vertex 7.837286366254304 1.7681170513116398 0
    endloop
  endfacet
  facet normal -0.5877852522924749 -0.8090169943749461 0
    outer loop
      vertex 8.647363181547641 1.3869238369964205 0
      vertex 8.647363181547641 1.3869238369964205 14
      vertex 8.464488230962194 1.519790265903627 0
    endloop
  endfacet
  facet normal -0.4817536741017127 -0.876306680043865 0
    outer loop
      vertex 8.464488230962194 1.519790265903627 0
      vertex 8.464488230962194 1.519790265903627 14
      vertex 8.26640272481713 1.628688694438835 0
    endloop
  endfacet
  facet normal -0.3681245526846796 -0.9297764858882507 0
    outer loop
      vertex 8.26640272481713 1.628688694438835 0
      vertex 8.26640272481713 1.628688694438835 14
      vertex 8.056230589874906 1.7119017293312764 0
    endloop
  endfacet
  facet normal 0.24868988716485493 -0.9685831611286311 0
    outer loop
      vertex 7.162713633745696 1.7681170513116398 0
      vertex 7.162713633745696 1.7681170513116398 14
      vertex 6.943769410125094 1.7119017293312764 0
    endloop
  endfacet
  facet normal 0.12533323356430362 -0.992114701314478 0
    outer loop
      vertex 7.386977064847236 1.7964481111708888 0
      vertex 7.386977064847236 1.7964481111708888 14
      vertex 7.162713633745696 1.7681170513116398 0
    endloop
  endfacet
  facet normal 0 -1 0
    outer loop
      vertex 7.613022935152764 1.7964481111708888 0
      vertex 7.613022935152764 1.7964481111708888 14
      vertex 7.386977064847236 1.7964481111708888 0
    endloop
  endfacet
  facet normal -0.12533323356430362 -0.992114701314478 0
    outer loop
      vertex 7.837286366254304 1.7681170513116398 0
      vertex 7.837286366254304 1.7681170513116398 14
      vertex 7.613022935152764 1.7964481111708888 0
    endloop
  endfacet
  facet normal -0.9980267284282716 -0.06279051952931253 0
    outer loop
      vertex 9.3 0 0
      vertex 9.3 0 14
      vertex 9.285806462366061 0.22559982041574766 0
    endloop
  endfacet
  facet normal -0.9822872507286878 -0.1873813145857288 0
    outer loop
      vertex 9.243449690031536 0.44764179689673866 0
      vertex 9.285806462366061 0.22559982041574766 0
      vertex 9.285806462366061 0.22559982041574766 14
    endloop
  endfacet
  facet normal 0.9980267284282716 -0.06279051952931261 0
    outer loop
      vertex 5.7 0 0
      vertex 5.71419353763394 0.22559982041574733 14
      vertex 5.7 0 14
    endloop
  endfacet
  facet normal 0.9822872507286886 -0.18738131458572468 0
    outer loop
      vertex 5.71419353763394 0.22559982041574733 0
      vertex 5.756550309968464 0.4476417968967387 14
      vertex 5.71419353763394 0.22559982041574733 14
    endloop
  endfacet
  facet normal 0.9510565162951533 -0.3090169943749482 0
    outer loop
      vertex 5.756550309968464 0.4476417968967387 0
      vertex 5.826402325401148 0.6626241948324202 14
      vertex 5.756550309968464 0.4476417968967387 14
    endloop
  endfacet
  facet normal 0.9048270524660199 -0.42577929156507216 0
    outer loop
      vertex 5.826402325401148 0.6626241948324202 0
      vertex 5.922647975921046 0.8671566133830877 14
      vertex 5.826402325401148 0.6626241948324202 14
    endloop
  endfacet
  facet normal -0.9510565162951534 -0.3090169943749478 0
    outer loop
      vertex 9.173597674598852 0.6626241948324204 0
      vertex 9.243449690031536 0.44764179689673866 14
      vertex 9.173597674598852 0.6626241948324204 14
    endloop
  endfacet
  facet normal -0.904827052466021 -0.4257792915650695 0
    outer loop
      vertex 9.077352024078955 0.8671566133830876 0
      vertex 9.173597674598852 0.6626241948324204 14
      vertex 9.077352024078955 0.8671566133830876 14
    endloop
  endfacet
  facet normal 0.8443279255020164 -0.5358267949789945 0
    outer loop
      vertex 5.922647975921046 0.8671566133830877 0
      vertex 6.043769410125094 1.0580134541264516 14
      vertex 5.922647975921046 0.8671566133830877 14
    endloop
  endfacet
  facet normal 0.7705132427757879 -0.6374239897486914 0
    outer loop
      vertex 6.043769410125094 1.0580134541264516 0
      vertex 6.187856470641459 1.2321847906716394 14
      vertex 6.043769410125094 1.0580134541264516 14
    endloop
  endfacet
  facet normal 0.6845471059286892 -0.728968627421411 0
    outer loop
      vertex 6.187856470641459 1.2321847906716394 0
      vertex 6.352636818452359 1.386923836996421 14
      vertex 6.187856470641459 1.2321847906716394 14
    endloop
  endfacet
  facet normal 0.5877852522924729 -0.8090169943749476 0
    outer loop
      vertex 6.352636818452359 1.386923836996421 0
      vertex 6.5355117690378055 1.5197902659036269 14
      vertex 6.352636818452359 1.386923836996421 14
    endloop
  endfacet
  facet normal 0.4817536741017151 -0.8763066800438637 0
    outer loop
      vertex 6.5355117690378055 1.5197902659036269 0
      vertex 6.733597275182869 1.628688694438835 14
      vertex 6.5355117690378055 1.5197902659036269 14
    endloop
  endfacet
  facet normal 0.36812455268467825 -0.9297764858882512 0
    outer loop
      vertex 6.733597275182869 1.628688694438835 0
      vertex 6.943769410125094 1.7119017293312764 14
      vertex 6.733597275182869 1.628688694438835 14
    endloop
  endfacet
  facet normal -0.8443279255020149 -0.5358267949789971 0
    outer loop
      vertex 8.956230589874906 1.0580134541264516 0
      vertex 9.077352024078955 0.8671566133830876 14
      vertex 8.956230589874906 1.0580134541264516 14
    endloop
  endfacet
  facet normal -0.7705132427757863 -0.6374239897486932 0
    outer loop
      vertex 8.81214352935854 1.2321847906716397 0
      vertex 8.956230589874906 1.0580134541264516 14
      vertex 8.81214352935854 1.2321847906716397 14
    endloop
  endfacet
  facet normal 0.24868988716485493 -0.9685831611286311 0
    outer loop
      vertex 6.943769410125094 1.7119017293312764 0
      vertex 7.162713633745696 1.7681170513116398 14
      vertex 6.943769410125094 1.7119017293312764 14
    endloop
  endfacet
  facet normal -0.5877852522924749 -0.8090169943749461 0
    outer loop
      vertex 8.464488230962194 1.519790265903627 0
      vertex 8.647363181547641 1.3869238369964205 14
      vertex 8.464488230962194 1.519790265903627 14
    endloop
  endfacet
  facet normal -0.6845471059286896 -0.7289686274214106 0
    outer loop
      vertex 8.647363181547641 1.3869238369964205 0
      vertex 8.81214352935854 1.2321847906716397 14
      vertex 8.647363181547641 1.3869238369964205 14
    endloop
  endfacet
  facet normal -0.4817536741017127 -0.876306680043865 0
    outer loop
      vertex 8.26640272481713 1.628688694438835 0
      vertex 8.464488230962194 1.519790265903627 14
      vertex 8.26640272481713 1.628688694438835 14
    endloop
  endfacet
  facet normal -0.3681245526846796 -0.9297764858882507 0
    outer loop
      vertex 8.056230589874906 1.7119017293312764 0
      vertex 8.26640272481713 1.628688694438835 14
      vertex 8.056230589874906 1.7119017293312764 14
    endloop
  endfacet
  facet normal 0.12533323356430362 -0.992114701314478 0
    outer loop
      vertex 7.162713633745696 1.7681170513116398 0
      vertex 7.386977064847236 1.7964481111708888 14
      vertex 7.162713633745696 1.7681170513116398 14
    endloop
  endfacet
  facet normal 0 -1 0
    outer loop
      vertex 7.386977064847236 1.7964481111708888 0
      vertex 7.613022935152764 1.7964481111708888 14
      vertex 7.386977064847236 1.7964481111708888 14
    endloop
  endfacet
  facet normal -0.12533323356430362 -0.992114701314478 0
    outer loop
      vertex 7.613022935152764 1.7964481111708888 0
      vertex 7.837286366254304 1.7681170513116398 14
      vertex 7.613022935152764 1.7964481111708888 14
    endloop
  endfacet
  facet normal -0.24868988716485493 -0.9685831611286311 0
    outer loop
      vertex 7.837286366254304 1.7681170513116398 0
      vertex 8.056230589874906 1.7119017293312764 14
      vertex 7.837286366254304 1.7681170513116398 14
    endloop
  endfacet
  facet normal -0.9980267284282716 -0.06279051952931253 0
    outer loop
      vertex 9.285806462366061 0.22559982041574766 0
      vertex 9.3 0 14
      vertex 9.285806462366061 0.22559982041574766 14
    endloop
  endfacet
  facet normal -0.9822872507286878 -0.1873813145857288 0
    outer loop
      vertex 9.285806462366061 0.22559982041574766 14
      vertex 9.243449690031536 0.44764179689673866 14
      vertex 9.243449690031536 0.44764179689673866 0
    endloop
  endfacet
  facet normal 0.3681245526846766 0 0.929776485888252
    outer loop
      vertex 13.616217302413514 -6.996053456856544 4.059312079485436
      vertex 13.995694768281421 -6.996053456856544 3.909066322040751
      vertex 13.995694768281421 6.996053456856544 3.909066322040751
    endloop
  endfacet
  facet normal 0.4817536741017157 0 0.8763066800438634
    outer loop
      vertex 13.25856291631826 -6.996053456856544 4.255934242118451
      vertex 13.616217302413514 -6.996053456856544 4.059312079485436
      vertex 13.616217302413514 6.996053456856544 4.059312079485436
    endloop
  endfacet
  facet normal 0.5877852522924726 0 0.8090169943749478
    outer loop
      vertex 12.928372033316759 -6.996053456856544 4.495831960978684
      vertex 13.25856291631826 -6.996053456856544 4.255934242118451
      vertex 13.25856291631826 6.996053456856544 4.255934242118451
    endloop
  endfacet
  facet normal 0.6845471059286883 0 0.728968627421412
    outer loop
      vertex 12.630851960880412 -6.996053456856544 4.775221905731762
      vertex 12.928372033316759 -6.996053456856544 4.495831960978684
      vertex 12.928372033316759 6.996053456856544 4.495831960978684
    endloop
  endfacet
  facet normal 0.7705132427757908 0 0.6374239897486877
    outer loop
      vertex 12.630851960880412 -6.996053456856544 4.775221905731762
      vertex 12.630851960880412 6.996053456856544 4.775221905731762
      vertex 12.370694768281421 -6.996053456856544 5.0896979300494625
    endloop
  endfacet
  facet normal 0.8443279255020147 0 0.5358267949789972
    outer loop
      vertex 12.370694768281421 -6.996053456856544 5.0896979300494625
      vertex 12.370694768281421 6.996053456856544 5.0896979300494625
      vertex 12.152003289857443 -6.996053456856544 5.434300559169425
    endloop
  endfacet
  facet normal 0.24868988716485427 0 0.9685831611286312
    outer loop
      vertex 13.995694768281421 -6.996053456856544 3.909066322040751
      vertex 14.391010727596395 -6.996053456856544 3.807566435131762
      vertex 14.391010727596395 6.996053456856544 3.807566435131762
    endloop
  endfacet
  facet normal 0.12533323356430512 0 0.9921147013144778
    outer loop
      vertex 14.391010727596395 -6.996053456856544 3.807566435131762
      vertex 14.79593081152973 -6.996053456856544 3.7564131326081176
      vertex 14.79593081152973 6.996053456856544 3.7564131326081176
    endloop
  endfacet
  facet normal 0 0 1
    outer loop
      vertex 14.79593081152973 -6.996053456856544 3.7564131326081176
      vertex 15.20406918847027 -6.996053456856544 3.7564131326081176
      vertex 15.20406918847027 6.996053456856544 3.7564131326081176
    endloop
  endfacet
  facet normal -0.12533323356430512 0 0.9921147013144778
    outer loop
      vertex 15.20406918847027 -6.996053456856544 3.7564131326081176
      vertex 15.608989272403605 -6.996053456856544 3.807566435131762
      vertex 15.608989272403605 6.996053456856544 3.807566435131762
    endloop
  endfacet
  facet normal -0.24868988716485427 0 0.9685831611286312
    outer loop
      vertex 15.608989272403605 -6.996053456856544 3.807566435131762
      vertex 16.00430523171858 -6.996053456856544 3.909066322040751
      vertex 16.00430523171858 6.996053456856544 3.909066322040751
    endloop
  endfacet
  facet normal -0.3681245526846766 0 0.929776485888252
    outer loop
      vertex 16.00430523171858 -6.996053456856544 3.909066322040751
      vertex 16.383782697586486 -6.996053456856544 4.059312079485436
      vertex 16.383782697586486 6.996053456856544 4.059312079485436
    endloop
  endfacet
  facet normal -0.4817536741017159 0 0.8763066800438633
    outer loop
      vertex 16.383782697586486 -6.996053456856544 4.059312079485436
      vertex 16.74143708368174 -6.996053456856544 4.2559342421184505
      vertex 16.74143708368174 6.996053456856544 4.2559342421184505
    endloop
  endfacet
  facet normal -0.5877852522924747 0 0.8090169943749461
    outer loop
      vertex 16.74143708368174 -6.996053456856544 4.2559342421184505
      vertex 17.07162796668324 -6.996053456856544 4.495831960978686
      vertex 17.07162796668324 6.996053456856544 4.495831960978686
    endloop
  endfacet
  facet normal -0.6845471059286882 0 0.7289686274214121
    outer loop
      vertex 17.07162796668324 -6.996053456856544 4.495831960978686
      vertex 17.369148039119587 -6.996053456856544 4.775221905731762
      vertex 17.369148039119587 6.996053456856544 4.775221905731762
    endloop
  endfacet
  facet normal -0.7705132427757887 0 0.6374239897486904
    outer loop
      vertex 17.62930523171858 -6.996053456856544 5.0896979300494625
      vertex 17.62930523171858 6.996053456856544 5.0896979300494625
      vertex 17.369148039119587 -6.996053456856544 4.775221905731762
    endloop
  endfacet
  facet normal 0.9048270524660204 0 0.425779291565071
    outer loop
      vertex 12.152003289857443 -6.996053456856544 5.434300559169425
      vertex 12.152003289857443 6.996053456856544 5.434300559169425
      vertex 11.978226420863184 -6.996053456856544 5.803595203774797
    endloop
  endfacet
  facet normal 0.9510565162951523 0 0.3090169943749512
    outer loop
      vertex 11.978226420863184 -6.996053456856544 5.803595203774797
      vertex 11.978226420863184 6.996053456856544 5.803595203774797
      vertex 11.852104726331948 -6.996053456856544 6.191757866714221
    endloop
  endfacet
  facet normal 0.9822872507286896 0 0.18738131458572008
    outer loop
      vertex 11.852104726331948 -6.996053456856544 6.191757866714221
      vertex 11.852104726331948 6.996053456856544 6.191757866714221
      vertex 11.775627220727948 -6.996053456856544 6.592666990916012
    endloop
  endfacet
  facet normal 0.9980267284282714 0 0.06279051952931576
    outer loop
      vertex 11.775627220727948 -6.996053456856544 6.592666990916012
      vertex 11.775627220727948 6.996053456856544 6.592666990916012
      vertex 11.75 -6.996053456856544 7
    endloop
  endfacet
  facet normal -0.8443279255020147 0 0.5358267949789972
    outer loop
      vertex 17.847996710142557 -6.996053456856544 5.434300559169425
      vertex 17.847996710142557 6.996053456856544 5.434300559169425
      vertex 17.62930523171858 -6.996053456856544 5.0896979300494625
    endloop
  endfacet
  facet normal -0.9048270524660199 0 0.4257792915650718
    outer loop
      vertex 18.021773579136816 -6.996053456856544 5.803595203774796
      vertex 18.021773579136816 6.996053456856544 5.803595203774796
      vertex 17.847996710142557 -6.996053456856544 5.434300559169425
    endloop
  endfacet
  facet normal -0.951056516295153 0 0.3090169943749493
    outer loop
      vertex 18.147895273668052 -6.996053456856544 6.191757866714223
      vertex 18.147895273668052 6.996053456856544 6.191757866714223
      vertex 18.021773579136816 -6.996053456856544 5.803595203774796
    endloop
  endfacet
  facet normal -0.9822872507286894 0 0.18738131458572088
    outer loop
      vertex 18.224372779272052 -6.996053456856544 6.592666990916012
      vertex 18.224372779272052 6.996053456856544 6.592666990916012
      vertex 18.147895273668052 -6.996053456856544 6.191757866714223
    endloop
  endfacet
  facet normal -0.9980267284282714 0 0.06279051952931576
    outer loop
      vertex 18.25 -6.996053456856544 7
      vertex 18.25 6.996053456856544 7
      vertex 18.224372779272052 -6.996053456856544 6.592666990916012
    endloop
  endfacet
  facet normal 0.9980267284282714 0 -0.06279051952931576
    outer loop
      vertex 11.75 -6.996053456856544 7
      vertex 11.75 6.996053456856544 7
      vertex 11.775627220727948 -6.996053456856544 7.407333009083988
    endloop
  endfacet
  facet normal 0.9822872507286896 0 -0.18738131458572008
    outer loop
      vertex 11.775627220727948 -6.996053456856544 7.407333009083988
      vertex 11.775627220727948 6.996053456856544 7.407333009083988
      vertex 11.852104726331948 -6.996053456856544 7.808242133285779
    endloop
  endfacet
  facet normal 0.9510565162951522 0 -0.3090169943749519
    outer loop
      vertex 11.852104726331948 -6.996053456856544 7.808242133285779
      vertex 11.852104726331948 6.996053456856544 7.808242133285779
      vertex 11.978226420863184 -6.996053456856544 8.196404796225202
    endloop
  endfacet
  facet normal 0.9048270524660204 0 -0.425779291565071
    outer loop
      vertex 11.978226420863184 -6.996053456856544 8.196404796225202
      vertex 11.978226420863184 6.996053456856544 8.196404796225202
      vertex 12.152003289857443 -6.996053456856544 8.565699440830574
    endloop
  endfacet
  facet normal 0.8443279255020153 0 -0.5358267949789962
    outer loop
      vertex 12.152003289857443 -6.996053456856544 8.565699440830574
      vertex 12.152003289857443 6.996053456856544 8.565699440830574
      vertex 12.370694768281421 -6.996053456856544 8.910302069950538
    endloop
  endfacet
  facet normal -0.9980267284282714 0 -0.06279051952931562
    outer loop
      vertex 18.224372779272052 -6.996053456856544 7.407333009083989
      vertex 18.224372779272052 6.996053456856544 7.407333009083989
      vertex 18.25 -6.996053456856544 7
    endloop
  endfacet
  facet normal -0.9822872507286894 0 -0.18738131458572088
    outer loop
      vertex 18.147895273668052 -6.996053456856544 7.808242133285778
      vertex 18.147895273668052 6.996053456856544 7.808242133285778
      vertex 18.224372779272052 -6.996053456856544 7.407333009083989
    endloop
  endfacet
  facet normal -0.9510565162951523 0 -0.3090169943749512
    outer loop
      vertex 18.021773579136816 -6.996053456856544 8.196404796225202
      vertex 18.021773579136816 6.996053456856544 8.196404796225202
      vertex 18.147895273668052 -6.996053456856544 7.808242133285778
    endloop
  endfacet
  facet normal -0.9048270524660204 0 -0.425779291565071
    outer loop
      vertex 17.847996710142557 -6.996053456856544 8.565699440830574
      vertex 17.847996710142557 6.996053456856544 8.565699440830574
      vertex 18.021773579136816 -6.996053456856544 8.196404796225202
    endloop
  endfacet
  facet normal 0.7705132427757908 0 -0.6374239897486877
    outer loop
      vertex 12.370694768281421 -6.996053456856544 8.910302069950538
      vertex 12.370694768281421 6.996053456856544 8.910302069950538
      vertex 12.630851960880412 -6.996053456856544 9.224778094268238
    endloop
  endfacet
  facet normal 0.6845471059286883 0 -0.728968627421412
    outer loop
      vertex 12.630851960880412 -6.996053456856544 9.224778094268238
      vertex 12.630851960880412 6.996053456856544 9.224778094268238
      vertex 12.928372033316759 -6.996053456856544 9.504168039021316
    endloop
  endfacet
  facet normal 0.5877852522924726 0 -0.8090169943749478
    outer loop
      vertex 13.25856291631826 -6.996053456856544 9.744065757881549
      vertex 12.928372033316759 -6.996053456856544 9.504168039021316
      vertex 12.928372033316759 6.996053456856544 9.504168039021316
    endloop
  endfacet
  facet normal 0.481753674101714 0 -0.8763066800438641
    outer loop
      vertex 13.616217302413514 -6.996053456856544 9.940687920514563
      vertex 13.25856291631826 -6.996053456856544 9.744065757881549
      vertex 13.25856291631826 6.996053456856544 9.744065757881549
    endloop
  endfacet
  facet normal 0.36812455268467936 0 -0.9297764858882508
    outer loop
      vertex 13.995694768281421 -6.996053456856544 10.09093367795925
      vertex 13.616217302413514 -6.996053456856544 9.940687920514563
      vertex 13.616217302413514 6.996053456856544 9.940687920514563
    endloop
  endfacet
  facet normal -0.8443279255020153 0 -0.5358267949789962
    outer loop
      vertex 17.62930523171858 -6.996053456856544 8.910302069950538
      vertex 17.62930523171858 6.996053456856544 8.910302069950538
      vertex 17.847996710142557 -6.996053456856544 8.565699440830574
    endloop
  endfacet
  facet normal -0.7705132427757887 0 -0.6374239897486904
    outer loop
      vertex 17.62930523171858 -6.996053456856544 8.910302069950538
      vertex 17.369148039119587 -6.996053456856544 9.224778094268238
      vertex 17.369148039119587 6.996053456856544 9.224778094268238
    endloop
  endfacet
  facet normal -0.6845471059286882 0 -0.7289686274214121
    outer loop
      vertex 17.369148039119587 -6.996053456856544 9.224778094268238
      vertex 17.07162796668324 -6.996053456856544 9.504168039021314
      vertex 17.07162796668324 6.996053456856544 9.504168039021314
    endloop
  endfacet
  facet normal -0.36812455268467936 0 -0.9297764858882508
    outer loop
      vertex 16.383782697586486 -6.996053456856544 9.940687920514563
      vertex 16.00430523171858 -6.996053456856544 10.09093367795925
      vertex 16.00430523171858 6.996053456856544 10.09093367795925
    endloop
  endfacet
  facet normal 0.24868988716485532 0 -0.9685831611286311
    outer loop
      vertex 14.391010727596395 -6.996053456856544 10.192433564868239
      vertex 13.995694768281421 -6.996053456856544 10.09093367795925
      vertex 13.995694768281421 6.996053456856544 10.09093367795925
    endloop
  endfacet
  facet normal 0.12533323356430456 0 -0.9921147013144779
    outer loop
      vertex 14.795930811529733 -6.996053456856544 10.243586867391883
      vertex 14.391010727596395 -6.996053456856544 10.192433564868239
      vertex 14.391010727596395 6.996053456856544 10.192433564868239
    endloop
  endfacet
  facet normal 0 0 -1
    outer loop
      vertex 15.204069188470267 -6.996053456856544 10.243586867391883
      vertex 14.795930811529733 -6.996053456856544 10.243586867391883
      vertex 14.795930811529733 6.996053456856544 10.243586867391883
    endloop
  endfacet
  facet normal -0.12533323356430456 0 -0.9921147013144779
    outer loop
      vertex 15.608989272403605 -6.996053456856544 10.192433564868239
      vertex 15.204069188470267 -6.996053456856544 10.243586867391883
      vertex 15.204069188470267 6.996053456856544 10.243586867391883
    endloop
  endfacet
  facet normal -0.24868988716485532 0 -0.9685831611286311
    outer loop
      vertex 16.00430523171858 -6.996053456856544 10.09093367795925
      vertex 15.608989272403605 -6.996053456856544 10.192433564868239
      vertex 15.608989272403605 6.996053456856544 10.192433564868239
    endloop
  endfacet
  facet normal -0.5877852522924734 0 -0.8090169943749472
    outer loop
      vertex 17.07162796668324 -6.996053456856544 9.504168039021314
      vertex 16.74143708368174 -6.996053456856544 9.744065757881549
      vertex 16.74143708368174 6.996053456856544 9.744065757881549
    endloop
  endfacet
  facet normal -0.4817536741017159 0 -0.8763066800438633
    outer loop
      vertex 16.74143708368174 -6.996053456856544 9.744065757881549
      vertex 16.383782697586486 -6.996053456856544 9.940687920514563
      vertex 16.383782697586486 6.996053456856544 9.940687920514563
    endloop
  endfacet
  facet normal 0.3681245526846766 0 0.929776485888252
    outer loop
      vertex 13.616217302413514 -6.996053456856544 4.059312079485436
      vertex 13.995694768281421 6.996053456856544 3.909066322040751
      vertex 13.616217302413514 6.996053456856544 4.059312079485436
    endloop
  endfacet
  facet normal 0.4817536741017157 0 0.8763066800438634
    outer loop
      vertex 13.25856291631826 -6.996053456856544 4.255934242118451
      vertex 13.616217302413514 6.996053456856544 4.059312079485436
      vertex 13.25856291631826 6.996053456856544 4.255934242118451
    endloop
  endfacet
  facet normal 0.5877852522924726 0 0.8090169943749478
    outer loop
      vertex 13.25856291631826 6.996053456856544 4.255934242118451
      vertex 12.928372033316759 6.996053456856544 4.495831960978684
      vertex 12.928372033316759 -6.996053456856544 4.495831960978684
    endloop
  endfacet
  facet normal 0.6845471059286883 0 0.728968627421412
    outer loop
      vertex 12.630851960880412 -6.996053456856544 4.775221905731762
      vertex 12.928372033316759 6.996053456856544 4.495831960978684
      vertex 12.630851960880412 6.996053456856544 4.775221905731762
    endloop
  endfacet
  facet normal 0.7705132427757908 0 0.6374239897486877
    outer loop
      vertex 12.370694768281421 -6.996053456856544 5.0896979300494625
      vertex 12.630851960880412 6.996053456856544 4.775221905731762
      vertex 12.370694768281421 6.996053456856544 5.0896979300494625
    endloop
  endfacet
  facet normal 0.24868988716485427 0 0.9685831611286312
    outer loop
      vertex 13.995694768281421 -6.996053456856544 3.909066322040751
      vertex 14.391010727596395 6.996053456856544 3.807566435131762
      vertex 13.995694768281421 6.996053456856544 3.909066322040751
    endloop
  endfacet
  facet normal 0.12533323356430512 0 0.9921147013144778
    outer loop
      vertex 14.391010727596395 -6.996053456856544 3.807566435131762
      vertex 14.79593081152973 6.996053456856544 3.7564131326081176
      vertex 14.391010727596395 6.996053456856544 3.807566435131762
    endloop
  endfacet
  facet normal 0 0 1
    outer loop
      vertex 14.79593081152973 -6.996053456856544 3.7564131326081176
      vertex 15.20406918847027 6.996053456856544 3.7564131326081176
      vertex 14.79593081152973 6.996053456856544 3.7564131326081176
    endloop
  endfacet
  facet normal -0.12533323356430512 0 0.9921147013144778
    outer loop
      vertex 15.20406918847027 -6.996053456856544 3.7564131326081176
      vertex 15.608989272403605 6.996053456856544 3.807566435131762
      vertex 15.20406918847027 6.996053456856544 3.7564131326081176
    endloop
  endfacet
  facet normal -0.24868988716485427 0 0.9685831611286312
    outer loop
      vertex 16.00430523171858 6.996053456856544 3.909066322040751
      vertex 15.608989272403605 6.996053456856544 3.807566435131762
      vertex 15.608989272403605 -6.996053456856544 3.807566435131762
    endloop
  endfacet
  facet normal -0.3681245526846766 0 0.929776485888252
    outer loop
      vertex 16.00430523171858 -6.996053456856544 3.909066322040751
      vertex 16.383782697586486 6.996053456856544 4.059312079485436
      vertex 16.00430523171858 6.996053456856544 3.909066322040751
    endloop
  endfacet
  facet normal -0.4817536741017159 0 0.8763066800438633
    outer loop
      vertex 16.383782697586486 -6.996053456856544 4.059312079485436
      vertex 16.74143708368174 6.996053456856544 4.2559342421184505
      vertex 16.383782697586486 6.996053456856544 4.059312079485436
    endloop
  endfacet
  facet normal -0.5877852522924747 0 0.8090169943749461
    outer loop
      vertex 16.74143708368174 -6.996053456856544 4.2559342421184505
      vertex 17.07162796668324 6.996053456856544 4.495831960978686
      vertex 16.74143708368174 6.996053456856544 4.2559342421184505
    endloop
  endfacet
  facet normal -0.6845471059286882 0 0.7289686274214121
    outer loop
      vertex 17.07162796668324 -6.996053456856544 4.495831960978686
      vertex 17.369148039119587 6.996053456856544 4.775221905731762
      vertex 17.07162796668324 6.996053456856544 4.495831960978686
    endloop
  endfacet
  facet normal -0.7705132427757887 0 0.6374239897486904
    outer loop
      vertex 17.369148039119587 -6.996053456856544 4.775221905731762
      vertex 17.62930523171858 6.996053456856544 5.0896979300494625
      vertex 17.369148039119587 6.996053456856544 4.775221905731762
    endloop
  endfacet
  facet normal -0.8443279255020147 0 0.5358267949789972
    outer loop
      vertex 17.62930523171858 -6.996053456856544 5.0896979300494625
      vertex 17.847996710142557 6.996053456856544 5.434300559169425
      vertex 17.62930523171858 6.996053456856544 5.0896979300494625
    endloop
  endfacet
  facet normal 0.8443279255020147 0 0.5358267949789972
    outer loop
      vertex 12.152003289857443 -6.996053456856544 5.434300559169425
      vertex 12.370694768281421 6.996053456856544 5.0896979300494625
      vertex 12.152003289857443 6.996053456856544 5.434300559169425
    endloop
  endfacet
  facet normal 0.9048270524660204 0 0.425779291565071
    outer loop
      vertex 11.978226420863184 -6.996053456856544 5.803595203774797
      vertex 12.152003289857443 6.996053456856544 5.434300559169425
      vertex 11.978226420863184 6.996053456856544 5.803595203774797
    endloop
  endfacet
  facet normal 0.9510565162951523 0 0.3090169943749512
    outer loop
      vertex 11.852104726331948 -6.996053456856544 6.191757866714221
      vertex 11.978226420863184 6.996053456856544 5.803595203774797
      vertex 11.852104726331948 6.996053456856544 6.191757866714221
    endloop
  endfacet
  facet normal 0.9822872507286896 0 0.18738131458572008
    outer loop
      vertex 11.775627220727948 -6.996053456856544 6.592666990916012
      vertex 11.852104726331948 6.996053456856544 6.191757866714221
      vertex 11.775627220727948 6.996053456856544 6.592666990916012
    endloop
  endfacet
  facet normal 0.9980267284282714 0 0.06279051952931576
    outer loop
      vertex 11.75 -6.996053456856544 7
      vertex 11.775627220727948 6.996053456856544 6.592666990916012
      vertex 11.75 6.996053456856544 7
    endloop
  endfacet
  facet normal -0.9048270524660199 0 0.4257792915650718
    outer loop
      vertex 17.847996710142557 -6.996053456856544 5.434300559169425
      vertex 18.021773579136816 6.996053456856544 5.803595203774796
      vertex 17.847996710142557 6.996053456856544 5.434300559169425
    endloop
  endfacet
  facet normal -0.951056516295153 0 0.3090169943749493
    outer loop
      vertex 18.021773579136816 -6.996053456856544 5.803595203774796
      vertex 18.147895273668052 6.996053456856544 6.191757866714223
      vertex 18.021773579136816 6.996053456856544 5.803595203774796
    endloop
  endfacet
  facet normal -0.9822872507286894 0 0.18738131458572088
    outer loop
      vertex 18.147895273668052 -6.996053456856544 6.191757866714223
      vertex 18.224372779272052 6.996053456856544 6.592666990916012
      vertex 18.147895273668052 6.996053456856544 6.191757866714223
    endloop
  endfacet
  facet normal -0.9980267284282714 0 0.06279051952931576
    outer loop
      vertex 18.224372779272052 -6.996053456856544 6.592666990916012
      vertex 18.25 6.996053456856544 7
      vertex 18.224372779272052 6.996053456856544 6.592666990916012
    endloop
  endfacet
  facet normal 0.9980267284282714 0 -0.06279051952931576
    outer loop
      vertex 11.775627220727948 -6.996053456856544 7.407333009083988
      vertex 11.75 6.996053456856544 7
      vertex 11.775627220727948 6.996053456856544 7.407333009083988
    endloop
  endfacet
  facet normal 0.9822872507286896 0 -0.18738131458572008
    outer loop
      vertex 11.852104726331948 -6.996053456856544 7.808242133285779
      vertex 11.775627220727948 6.996053456856544 7.407333009083988
      vertex 11.852104726331948 6.996053456856544 7.808242133285779
    endloop
  endfacet
  facet normal 0.9510565162951522 0 -0.3090169943749519
    outer loop
      vertex 11.978226420863184 -6.996053456856544 8.196404796225202
      vertex 11.852104726331948 6.996053456856544 7.808242133285779
      vertex 11.978226420863184 6.996053456856544 8.196404796225202
    endloop
  endfacet
  facet normal 0.9048270524660204 0 -0.425779291565071
    outer loop
      vertex 12.152003289857443 -6.996053456856544 8.565699440830574
      vertex 11.978226420863184 6.996053456856544 8.196404796225202
      vertex 12.152003289857443 6.996053456856544 8.565699440830574
    endloop
  endfacet
  facet normal -0.9980267284282714 0 -0.06279051952931562
    outer loop
      vertex 18.25 -6.996053456856544 7
      vertex 18.224372779272052 6.996053456856544 7.407333009083989
      vertex 18.25 6.996053456856544 7
    endloop
  endfacet
  facet normal -0.9822872507286894 0 -0.18738131458572088
    outer loop
      vertex 18.224372779272052 -6.996053456856544 7.407333009083989
      vertex 18.147895273668052 6.996053456856544 7.808242133285778
      vertex 18.224372779272052 6.996053456856544 7.407333009083989
    endloop
  endfacet
  facet normal -0.9510565162951523 0 -0.3090169943749512
    outer loop
      vertex 18.147895273668052 -6.996053456856544 7.808242133285778
      vertex 18.021773579136816 6.996053456856544 8.196404796225202
      vertex 18.147895273668052 6.996053456856544 7.808242133285778
    endloop
  endfacet
  facet normal -0.9048270524660204 0 -0.425779291565071
    outer loop
      vertex 18.021773579136816 -6.996053456856544 8.196404796225202
      vertex 17.847996710142557 6.996053456856544 8.565699440830574
      vertex 18.021773579136816 6.996053456856544 8.196404796225202
    endloop
  endfacet
  facet normal -0.8443279255020153 0 -0.5358267949789962
    outer loop
      vertex 17.847996710142557 -6.996053456856544 8.565699440830574
      vertex 17.62930523171858 6.996053456856544 8.910302069950538
      vertex 17.847996710142557 6.996053456856544 8.565699440830574
    endloop
  endfacet
  facet normal 0.8443279255020153 0 -0.5358267949789962
    outer loop
      vertex 12.370694768281421 -6.996053456856544 8.910302069950538
      vertex 12.152003289857443 6.996053456856544 8.565699440830574
      vertex 12.370694768281421 6.996053456856544 8.910302069950538
    endloop
  endfacet
  facet normal 0.7705132427757908 0 -0.6374239897486877
    outer loop
      vertex 12.630851960880412 -6.996053456856544 9.224778094268238
      vertex 12.370694768281421 6.996053456856544 8.910302069950538
      vertex 12.630851960880412 6.996053456856544 9.224778094268238
    endloop
  endfacet
  facet normal 0.6845471059286883 0 -0.728968627421412
    outer loop
      vertex 12.928372033316759 -6.996053456856544 9.504168039021316
      vertex 12.630851960880412 6.996053456856544 9.224778094268238
      vertex 12.928372033316759 6.996053456856544 9.504168039021316
    endloop
  endfacet
  facet normal 0.5877852522924726 0 -0.8090169943749478
    outer loop
      vertex 13.25856291631826 -6.996053456856544 9.744065757881549
      vertex 12.928372033316759 6.996053456856544 9.504168039021316
      vertex 13.25856291631826 6.996053456856544 9.744065757881549
    endloop
  endfacet
  facet normal 0.481753674101714 0 -0.8763066800438641
    outer loop
      vertex 13.616217302413514 -6.996053456856544 9.940687920514563
      vertex 13.25856291631826 6.996053456856544 9.744065757881549
      vertex 13.616217302413514 6.996053456856544 9.940687920514563
    endloop
  endfacet
  facet normal 0.36812455268467936 0 -0.9297764858882508
    outer loop
      vertex 13.995694768281421 -6.996053456856544 10.09093367795925
      vertex 13.616217302413514 6.996053456856544 9.940687920514563
      vertex 13.995694768281421 6.996053456856544 10.09093367795925
    endloop
  endfacet
  facet normal -0.7705132427757887 0 -0.6374239897486904
    outer loop
      vertex 17.62930523171858 -6.996053456856544 8.910302069950538
      vertex 17.369148039119587 6.996053456856544 9.224778094268238
      vertex 17.62930523171858 6.996053456856544 8.910302069950538
    endloop
  endfacet
  facet normal -0.6845471059286882 0 -0.7289686274214121
    outer loop
      vertex 17.369148039119587 -6.996053456856544 9.224778094268238
      vertex 17.07162796668324 6.996053456856544 9.504168039021314
      vertex 17.369148039119587 6.996053456856544 9.224778094268238
    endloop
  endfacet
  facet normal -0.5877852522924734 0 -0.8090169943749472
    outer loop
      vertex 17.07162796668324 -6.996053456856544 9.504168039021314
      vertex 16.74143708368174 6.996053456856544 9.744065757881549
      vertex 17.07162796668324 6.996053456856544 9.504168039021314
    endloop
  endfacet
  facet normal 0.24868988716485532 0 -0.9685831611286311
    outer loop
      vertex 14.391010727596395 -6.996053456856544 10.192433564868239
      vertex 13.995694768281421 6.996053456856544 10.09093367795925
      vertex 14.391010727596395 6.996053456856544 10.192433564868239
    endloop
  endfacet
  facet normal 0.12533323356430456 0 -0.9921147013144779
    outer loop
      vertex 14.795930811529733 -6.996053456856544 10.243586867391883
      vertex 14.391010727596395 6.996053456856544 10.192433564868239
      vertex 14.795930811529733 6.996053456856544 10.243586867391883
    endloop
  endfacet
  facet normal 0 0 -1
    outer loop
      vertex 15.204069188470267 -6.996053456856544 10.243586867391883
      vertex 14.795930811529733 6.996053456856544 10.243586867391883
      vertex 15.204069188470267 6.996053456856544 10.243586867391883
    endloop
  endfacet
  facet normal -0.12533323356430456 0 -0.9921147013144779
    outer loop
      vertex 15.608989272403605 -6.996053456856544 10.192433564868239
      vertex 15.204069188470267 6.996053456856544 10.243586867391883
      vertex 15.608989272403605 6.996053456856544 10.192433564868239
    endloop
  endfacet
  facet normal -0.24868988716485532 0 -0.9685831611286311
    outer loop
      vertex 16.00430523171858 -6.996053456856544 10.09093367795925
      vertex 15.608989272403605 6.996053456856544 10.192433564868239
      vertex 16.00430523171858 6.996053456856544 10.09093367795925
    endloop
  endfacet
  facet normal -0.4817536741017159 0 -0.8763066800438633
    outer loop
      vertex 16.74143708368174 -6.996053456856544 9.744065757881549
      vertex 16.383782697586486 6.996053456856544 9.940687920514563
      vertex 16.74143708368174 6.996053456856544 9.744065757881549
    endloop
  endfacet
  facet normal -0.36812455268467936 0 -0.9297764858882508
    outer loop
      vertex 16.383782697586486 -6.996053456856544 9.940687920514563
      vertex 16.00430523171858 6.996053456856544 10.09093367795925
      vertex 16.383782697586486 6.996053456856544 9.940687920514563
    endloop
  endfacet
  facet normal 0.12533323356430603 0 0.9921147013144777
    outer loop
      vertex 22.162713633745696 -6.996053456856544 5.2318829486883605
      vertex 22.386977064847237 -6.996053456856544 5.203551888829111
      vertex 22.386977064847237 6.996053456856544 5.203551888829111
    endloop
  endfacet
  facet normal 0 0 1
    outer loop
      vertex 22.386977064847237 -6.996053456856544 5.203551888829111
      vertex 22.613022935152763 -6.996053456856544 5.203551888829111
      vertex 22.613022935152763 6.996053456856544 5.203551888829111
    endloop
  endfacet
  facet normal -0.12533323356430603 0 0.9921147013144777
    outer loop
      vertex 22.613022935152763 -6.996053456856544 5.203551888829111
      vertex 22.837286366254304 -6.996053456856544 5.2318829486883605
      vertex 22.837286366254304 6.996053456856544 5.2318829486883605
    endloop
  endfacet
  facet normal 0.36812455268467437 0 0.9297764858882528
    outer loop
      vertex 21.73359727518287 -6.996053456856544 5.371311305561164
      vertex 21.943769410125096 -6.996053456856544 5.288098270668724
      vertex 21.943769410125096 6.996053456856544 5.288098270668724
    endloop
  endfacet
  facet normal 0.4817536741017198 0 0.876306680043861
    outer loop
      vertex 21.535511769037807 -6.996053456856544 5.480209734096373
      vertex 21.73359727518287 -6.996053456856544 5.371311305561164
      vertex 21.73359727518287 6.996053456856544 5.371311305561164
    endloop
  endfacet
  facet normal 0.6845471059286872 0 0.7289686274214128
    outer loop
      vertex 21.18785647064146 -6.996053456856544 5.767815209328361
      vertex 21.35263681845236 -6.996053456856544 5.613076163003579
      vertex 21.35263681845236 6.996053456856544 5.613076163003579
    endloop
  endfacet
  facet normal 0.5877852522924724 0 0.809016994374948
    outer loop
      vertex 21.35263681845236 -6.996053456856544 5.613076163003579
      vertex 21.535511769037807 -6.996053456856544 5.480209734096373
      vertex 21.535511769037807 6.996053456856544 5.480209734096373
    endloop
  endfacet
  facet normal 0.24868988716485593 0 0.9685831611286309
    outer loop
      vertex 21.943769410125096 -6.996053456856544 5.288098270668724
      vertex 22.162713633745696 -6.996053456856544 5.2318829486883605
      vertex 22.162713633745696 6.996053456856544 5.2318829486883605
    endloop
  endfacet
  facet normal -0.24868988716485593 0 0.9685831611286309
    outer loop
      vertex 22.837286366254304 -6.996053456856544 5.2318829486883605
      vertex 23.056230589874904 -6.996053456856544 5.288098270668724
      vertex 23.056230589874904 6.996053456856544 5.288098270668724
    endloop
  endfacet
  facet normal 0.7705132427757856 0 0.6374239897486942
    outer loop
      vertex 21.18785647064146 -6.996053456856544 5.767815209328361
      vertex 21.18785647064146 6.996053456856544 5.767815209328361
      vertex 21.043769410125094 -6.996053456856544 5.941986545873548
    endloop
  endfacet
  facet normal 0.8443279255020146 0 0.5358267949789973
    outer loop
      vertex 21.043769410125094 -6.996053456856544 5.941986545873548
      vertex 21.043769410125094 6.996053456856544 5.941986545873548
      vertex 20.922647975921045 -6.996053456856544 6.132843386616912
    endloop
  endfacet
  facet normal 0.9510565162951534 0 0.30901699437494784
    outer loop
      vertex 20.826402325401148 -6.996053456856544 6.3373758051675795
      vertex 20.826402325401148 6.996053456856544 6.3373758051675795
      vertex 20.756550309968464 -6.996053456856544 6.552358203103261
    endloop
  endfacet
  facet normal 0.9822872507286878 0 0.1873813145857287
    outer loop
      vertex 20.756550309968464 -6.996053456856544 6.552358203103261
      vertex 20.756550309968464 6.996053456856544 6.552358203103261
      vertex 20.71419353763394 -6.996053456856544 6.774400179584252
    endloop
  endfacet
  facet normal 0.9980267284282716 0 0.06279051952931251
    outer loop
      vertex 20.71419353763394 -6.996053456856544 6.774400179584252
      vertex 20.71419353763394 6.996053456856544 6.774400179584252
      vertex 20.7 -6.996053456856544 7
    endloop
  endfacet
  facet normal 0.9048270524660211 0 0.4257792915650691
    outer loop
      vertex 20.922647975921045 -6.996053456856544 6.132843386616912
      vertex 20.922647975921045 6.996053456856544 6.132843386616912
      vertex 20.826402325401148 -6.996053456856544 6.3373758051675795
    endloop
  endfacet
  facet normal -0.36812455268467437 0 0.9297764858882528
    outer loop
      vertex 23.056230589874904 -6.996053456856544 5.288098270668724
      vertex 23.26640272481713 -6.996053456856544 5.371311305561164
      vertex 23.26640272481713 6.996053456856544 5.371311305561164
    endloop
  endfacet
  facet normal -0.4817536741017168 0 0.8763066800438628
    outer loop
      vertex 23.26640272481713 -6.996053456856544 5.371311305561164
      vertex 23.464488230962193 -6.996053456856544 5.4802097340963725
      vertex 23.464488230962193 6.996053456856544 5.4802097340963725
    endloop
  endfacet
  facet normal -0.5877852522924699 0 0.8090169943749497
    outer loop
      vertex 23.464488230962193 -6.996053456856544 5.4802097340963725
      vertex 23.647363181547643 -6.996053456856544 5.61307616300358
      vertex 23.647363181547643 6.996053456856544 5.61307616300358
    endloop
  endfacet
  facet normal -0.684547105928693 0 0.7289686274214074
    outer loop
      vertex 23.647363181547643 -6.996053456856544 5.61307616300358
      vertex 23.81214352935854 -6.996053456856544 5.767815209328361
      vertex 23.81214352935854 6.996053456856544 5.767815209328361
    endloop
  endfacet
  facet normal -0.7705132427757856 0 0.6374239897486942
    outer loop
      vertex 23.956230589874906 -6.996053456856544 5.941986545873548
      vertex 23.956230589874906 6.996053456856544 5.941986545873548
      vertex 23.81214352935854 -6.996053456856544 5.767815209328361
    endloop
  endfacet
  facet normal -0.8443279255020146 0 0.5358267949789973
    outer loop
      vertex 24.077352024078955 -6.996053456856544 6.132843386616912
      vertex 24.077352024078955 6.996053456856544 6.132843386616912
      vertex 23.956230589874906 -6.996053456856544 5.941986545873548
    endloop
  endfacet
  facet normal -0.9048270524660205 0 0.42577929156507066
    outer loop
      vertex 24.173597674598852 -6.996053456856544 6.337375805167579
      vertex 24.173597674598852 6.996053456856544 6.337375805167579
      vertex 24.077352024078955 -6.996053456856544 6.132843386616912
    endloop
  endfacet
  facet normal -0.9510565162951542 0 0.3090169943749455
    outer loop
      vertex 24.243449690031536 -6.996053456856544 6.552358203103262
      vertex 24.243449690031536 6.996053456856544 6.552358203103262
      vertex 24.173597674598852 -6.996053456856544 6.337375805167579
    endloop
  endfacet
  facet normal -0.9822872507286878 0 0.18738131458572946
    outer loop
      vertex 24.28580646236606 -6.996053456856544 6.774400179584252
      vertex 24.28580646236606 6.996053456856544 6.774400179584252
      vertex 24.243449690031536 -6.996053456856544 6.552358203103262
    endloop
  endfacet
  facet normal -0.9980267284282716 0 0.06279051952931251
    outer loop
      vertex 24.3 -6.996053456856544 7
      vertex 24.3 6.996053456856544 7
      vertex 24.28580646236606 -6.996053456856544 6.774400179584252
    endloop
  endfacet
  facet normal 0.9980267284282716 0 -0.06279051952931251
    outer loop
      vertex 20.7 -6.996053456856544 7
      vertex 20.7 6.996053456856544 7
      vertex 20.71419353763394 -6.996053456856544 7.225599820415748
    endloop
  endfacet
  facet normal 0.9822872507286878 0 -0.1873813145857287
    outer loop
      vertex 20.71419353763394 -6.996053456856544 7.225599820415748
      vertex 20.71419353763394 6.996053456856544 7.225599820415748
      vertex 20.756550309968464 -6.996053456856544 7.447641796896739
    endloop
  endfacet
  facet normal 0.9510565162951534 0 -0.30901699437494784
    outer loop
      vertex 20.756550309968464 -6.996053456856544 7.447641796896739
      vertex 20.756550309968464 6.996053456856544 7.447641796896739
      vertex 20.826402325401148 -6.996053456856544 7.6626241948324205
    endloop
  endfacet
  facet normal 0.9048270524660211 0 -0.4257792915650691
    outer loop
      vertex 20.826402325401148 -6.996053456856544 7.6626241948324205
      vertex 20.826402325401148 6.996053456856544 7.6626241948324205
      vertex 20.922647975921045 -6.996053456856544 7.867156613383088
    endloop
  endfacet
  facet normal 0.8443279255020135 0 -0.5358267949789991
    outer loop
      vertex 20.922647975921045 -6.996053456856544 7.867156613383088
      vertex 20.922647975921045 6.996053456856544 7.867156613383088
      vertex 21.043769410125094 -6.996053456856544 8.058013454126451
    endloop
  endfacet
  facet normal 0.7705132427757856 0 -0.6374239897486942
    outer loop
      vertex 21.043769410125094 -6.996053456856544 8.058013454126451
      vertex 21.043769410125094 6.996053456856544 8.058013454126451
      vertex 21.18785647064146 -6.996053456856544 8.232184790671639
    endloop
  endfacet
  facet normal 0.6845471059286872 0 -0.7289686274214128
    outer loop
      vertex 21.18785647064146 -6.996053456856544 8.232184790671639
      vertex 21.18785647064146 6.996053456856544 8.232184790671639
      vertex 21.35263681845236 -6.996053456856544 8.38692383699642
    endloop
  endfacet
  facet normal 0.5877852522924749 0 -0.8090169943749462
    outer loop
      vertex 21.535511769037807 -6.996053456856544 8.519790265903627
      vertex 21.35263681845236 -6.996053456856544 8.38692383699642
      vertex 21.35263681845236 6.996053456856544 8.38692383699642
    endloop
  endfacet
  facet normal 0.4817536741017198 0 -0.876306680043861
    outer loop
      vertex 21.73359727518287 -6.996053456856544 8.628688694438836
      vertex 21.535511769037807 -6.996053456856544 8.519790265903627
      vertex 21.535511769037807 6.996053456856544 8.519790265903627
    endloop
  endfacet
  facet normal 0.3681245526846778 0 -0.9297764858882515
    outer loop
      vertex 21.943769410125096 -6.996053456856544 8.711901729331277
      vertex 21.73359727518287 -6.996053456856544 8.628688694438836
      vertex 21.73359727518287 6.996053456856544 8.628688694438836
    endloop
  endfacet
  facet normal 0.24868988716485224 0 -0.9685831611286317
    outer loop
      vertex 22.162713633745696 -6.996053456856544 8.76811705131164
      vertex 21.943769410125096 -6.996053456856544 8.711901729331277
      vertex 21.943769410125096 6.996053456856544 8.711901729331277
    endloop
  endfacet
  facet normal -0.24868988716485224 0 -0.9685831611286317
    outer loop
      vertex 23.056230589874904 -6.996053456856544 8.711901729331277
      vertex 22.837286366254304 -6.996053456856544 8.76811705131164
      vertex 22.837286366254304 6.996053456856544 8.76811705131164
    endloop
  endfacet
  facet normal -0.9822872507286878 0 -0.1873813145857287
    outer loop
      vertex 24.243449690031536 -6.996053456856544 7.447641796896739
      vertex 24.243449690031536 6.996053456856544 7.447641796896739
      vertex 24.28580646236606 -6.996053456856544 7.225599820415748
    endloop
  endfacet
  facet normal -0.9980267284282716 0 -0.06279051952931251
    outer loop
      vertex 24.28580646236606 -6.996053456856544 7.225599820415748
      vertex 24.28580646236606 6.996053456856544 7.225599820415748
      vertex 24.3 -6.996053456856544 7
    endloop
  endfacet
  facet normal -0.9510565162951534 0 -0.30901699437494784
    outer loop
      vertex 24.173597674598852 -6.996053456856544 7.6626241948324205
      vertex 24.173597674598852 6.996053456856544 7.6626241948324205
      vertex 24.243449690031536 -6.996053456856544 7.447641796896739
    endloop
  endfacet
  facet normal -0.9048270524660211 0 -0.4257792915650691
    outer loop
      vertex 24.077352024078955 -6.996053456856544 7.867156613383088
      vertex 24.077352024078955 6.996053456856544 7.867156613383088
      vertex 24.173597674598852 -6.996053456856544 7.6626241948324205
    endloop
  endfacet
  facet normal -0.8443279255020135 0 -0.5358267949789991
    outer loop
      vertex 23.956230589874906 -6.996053456856544 8.058013454126451
      vertex 23.956230589874906 6.996053456856544 8.058013454126451
      vertex 24.077352024078955 -6.996053456856544 7.867156613383088
    endloop
  endfacet
  facet normal -0.7705132427757888 0 -0.6374239897486904
    outer loop
      vertex 23.956230589874906 -6.996053456856544 8.058013454126451
      vertex 23.81214352935854 -6.996053456856544 8.23218479067164
      vertex 23.81214352935854 6.996053456856544 8.23218479067164
    endloop
  endfacet
  facet normal -0.684547105928691 0 -0.7289686274214093
    outer loop
      vertex 23.81214352935854 -6.996053456856544 8.23218479067164
      vertex 23.647363181547643 -6.996053456856544 8.38692383699642
      vertex 23.647363181547643 6.996053456856544 8.38692383699642
    endloop
  endfacet
  facet normal -0.5877852522924674 0 -0.8090169943749516
    outer loop
      vertex 23.647363181547643 -6.996053456856544 8.38692383699642
      vertex 23.464488230962193 -6.996053456856544 8.519790265903627
      vertex 23.464488230962193 6.996053456856544 8.519790265903627
    endloop
  endfacet
  facet normal -0.4817536741017198 0 -0.876306680043861
    outer loop
      vertex 23.464488230962193 -6.996053456856544 8.519790265903627
      vertex 23.26640272481713 -6.996053456856544 8.628688694438836
      vertex 23.26640272481713 6.996053456856544 8.628688694438836
    endloop
  endfacet
  facet normal -0.3681245526846778 0 -0.9297764858882515
    outer loop
      vertex 23.26640272481713 -6.996053456856544 8.628688694438836
      vertex 23.056230589874904 -6.996053456856544 8.711901729331277
      vertex 23.056230589874904 6.996053456856544 8.711901729331277
    endloop
  endfacet
  facet normal 0.12533323356430603 0 -0.9921147013144777
    outer loop
      vertex 22.386977064847237 -6.996053456856544 8.79644811117089
      vertex 22.162713633745696 -6.996053456856544 8.76811705131164
      vertex 22.162713633745696 6.996053456856544 8.76811705131164
    endloop
  endfacet
  facet normal 0 0 -1
    outer loop
      vertex 22.613022935152763 -6.996053456856544 8.79644811117089
      vertex 22.386977064847237 -6.996053456856544 8.79644811117089
      vertex 22.386977064847237 6.996053456856544 8.79644811117089
    endloop
  endfacet
  facet normal -0.12533323356430603 0 -0.9921147013144777
    outer loop
      vertex 22.837286366254304 -6.996053456856544 8.76811705131164
      vertex 22.613022935152763 -6.996053456856544 8.79644811117089
      vertex 22.613022935152763 6.996053456856544 8.79644811117089
    endloop
  endfacet
  facet normal 0.12533323356430603 0 0.9921147013144777
    outer loop
      vertex 22.162713633745696 -6.996053456856544 5.2318829486883605
      vertex 22.386977064847237 6.996053456856544 5.203551888829111
      vertex 22.162713633745696 6.996053456856544 5.2318829486883605
    endloop
  endfacet
  facet normal 0 0 1
    outer loop
      vertex 22.386977064847237 -6.996053456856544 5.203551888829111
      vertex 22.613022935152763 6.996053456856544 5.203551888829111
      vertex 22.386977064847237 6.996053456856544 5.203551888829111
    endloop
  endfacet
  facet normal -0.12533323356430603 0 0.9921147013144777
    outer loop
      vertex 22.613022935152763 -6.996053456856544 5.203551888829111
      vertex 22.837286366254304 6.996053456856544 5.2318829486883605
      vertex 22.613022935152763 6.996053456856544 5.203551888829111
    endloop
  endfacet
  facet normal 0.36812455268467437 0 0.9297764858882528
    outer loop
      vertex 21.73359727518287 -6.996053456856544 5.371311305561164
      vertex 21.943769410125096 6.996053456856544 5.288098270668724
      vertex 21.73359727518287 6.996053456856544 5.371311305561164
    endloop
  endfacet
  facet normal 0.4817536741017198 0 0.876306680043861
    outer loop
      vertex 21.535511769037807 -6.996053456856544 5.480209734096373
      vertex 21.73359727518287 6.996053456856544 5.371311305561164
      vertex 21.535511769037807 6.996053456856544 5.480209734096373
    endloop
  endfacet
  facet normal 0.5877852522924724 0 0.809016994374948
    outer loop
      vertex 21.35263681845236 -6.996053456856544 5.613076163003579
      vertex 21.535511769037807 6.996053456856544 5.480209734096373
      vertex 21.35263681845236 6.996053456856544 5.613076163003579
    endloop
  endfacet
  facet normal 0.24868988716485593 0 0.9685831611286309
    outer loop
      vertex 21.943769410125096 -6.996053456856544 5.288098270668724
      vertex 22.162713633745696 6.996053456856544 5.2318829486883605
      vertex 21.943769410125096 6.996053456856544 5.288098270668724
    endloop
  endfacet
  facet normal -0.24868988716485593 0 0.9685831611286309
    outer loop
      vertex 22.837286366254304 -6.996053456856544 5.2318829486883605
      vertex 23.056230589874904 6.996053456856544 5.288098270668724
      vertex 22.837286366254304 6.996053456856544 5.2318829486883605
    endloop
  endfacet
  facet normal 0.6845471059286872 0 0.7289686274214128
    outer loop
      vertex 21.18785647064146 -6.996053456856544 5.767815209328361
      vertex 21.35263681845236 6.996053456856544 5.613076163003579
      vertex 21.18785647064146 6.996053456856544 5.767815209328361
    endloop
  endfacet
  facet normal 0.7705132427757856 0 0.6374239897486942
    outer loop
      vertex 21.043769410125094 -6.996053456856544 5.941986545873548
      vertex 21.18785647064146 6.996053456856544 5.767815209328361
      vertex 21.043769410125094 6.996053456856544 5.941986545873548
    endloop
  endfacet
  facet normal 0.8443279255020146 0 0.5358267949789973
    outer loop
      vertex 20.922647975921045 -6.996053456856544 6.132843386616912
      vertex 21.043769410125094 6.996053456856544 5.941986545873548
      vertex 20.922647975921045 6.996053456856544 6.132843386616912
    endloop
  endfacet
  facet normal 0.9510565162951534 0 0.30901699437494784
    outer loop
      vertex 20.756550309968464 -6.996053456856544 6.552358203103261
      vertex 20.826402325401148 6.996053456856544 6.3373758051675795
      vertex 20.756550309968464 6.996053456856544 6.552358203103261
    endloop
  endfacet
  facet normal 0.9822872507286878 0 0.1873813145857287
    outer loop
      vertex 20.71419353763394 -6.996053456856544 6.774400179584252
      vertex 20.756550309968464 6.996053456856544 6.552358203103261
      vertex 20.71419353763394 6.996053456856544 6.774400179584252
    endloop
  endfacet
  facet normal 0.9980267284282716 0 0.06279051952931251
    outer loop
      vertex 20.7 -6.996053456856544 7
      vertex 20.71419353763394 6.996053456856544 6.774400179584252
      vertex 20.7 6.996053456856544 7
    endloop
  endfacet
  facet normal 0.9048270524660211 0 0.4257792915650691
    outer loop
      vertex 20.826402325401148 -6.996053456856544 6.3373758051675795
      vertex 20.922647975921045 6.996053456856544 6.132843386616912
      vertex 20.826402325401148 6.996053456856544 6.3373758051675795
    endloop
  endfacet
  facet normal -0.36812455268467437 0 0.9297764858882528
    outer loop
      vertex 23.056230589874904 -6.996053456856544 5.288098270668724
      vertex 23.26640272481713 6.996053456856544 5.371311305561164
      vertex 23.056230589874904 6.996053456856544 5.288098270668724
    endloop
  endfacet
  facet normal -0.4817536741017168 0 0.8763066800438628
    outer loop
      vertex 23.26640272481713 -6.996053456856544 5.371311305561164
      vertex 23.464488230962193 6.996053456856544 5.4802097340963725
      vertex 23.26640272481713 6.996053456856544 5.371311305561164
    endloop
  endfacet
  facet normal -0.5877852522924699 0 0.8090169943749497
    outer loop
      vertex 23.464488230962193 -6.996053456856544 5.4802097340963725
      vertex 23.647363181547643 6.996053456856544 5.61307616300358
      vertex 23.464488230962193 6.996053456856544 5.4802097340963725
    endloop
  endfacet
  facet normal -0.684547105928693 0 0.7289686274214074
    outer loop
      vertex 23.647363181547643 -6.996053456856544 5.61307616300358
      vertex 23.81214352935854 6.996053456856544 5.767815209328361
      vertex 23.647363181547643 6.996053456856544 5.61307616300358
    endloop
  endfacet
  facet normal -0.7705132427757856 0 0.6374239897486942
    outer loop
      vertex 23.81214352935854 -6.996053456856544 5.767815209328361
      vertex 23.956230589874906 6.996053456856544 5.941986545873548
      vertex 23.81214352935854 6.996053456856544 5.767815209328361
    endloop
  endfacet
  facet normal -0.8443279255020146 0 0.5358267949789973
    outer loop
      vertex 23.956230589874906 -6.996053456856544 5.941986545873548
      vertex 24.077352024078955 6.996053456856544 6.132843386616912
      vertex 23.956230589874906 6.996053456856544 5.941986545873548
    endloop
  endfacet
  facet normal -0.9048270524660205 0 0.42577929156507066
    outer loop
      vertex 24.077352024078955 -6.996053456856544 6.132843386616912
      vertex 24.173597674598852 6.996053456856544 6.337375805167579
      vertex 24.077352024078955 6.996053456856544 6.132843386616912
    endloop
  endfacet
  facet normal -0.9510565162951542 0 0.3090169943749455
    outer loop
      vertex 24.173597674598852 -6.996053456856544 6.337375805167579
      vertex 24.243449690031536 6.996053456856544 6.552358203103262
      vertex 24.173597674598852 6.996053456856544 6.337375805167579
    endloop
  endfacet
  facet normal -0.9822872507286878 0 0.18738131458572946
    outer loop
      vertex 24.243449690031536 -6.996053456856544 6.552358203103262
      vertex 24.28580646236606 6.996053456856544 6.774400179584252
      vertex 24.243449690031536 6.996053456856544 6.552358203103262
    endloop
  endfacet
  facet normal -0.9980267284282716 0 0.06279051952931251
    outer loop
      vertex 24.28580646236606 -6.996053456856544 6.774400179584252
      vertex 24.3 6.996053456856544 7
      vertex 24.28580646236606 6.996053456856544 6.774400179584252
    endloop
  endfacet
  facet normal 0.9980267284282716 0 -0.06279051952931251
    outer loop
      vertex 20.71419353763394 -6.996053456856544 7.225599820415748
      vertex 20.7 6.996053456856544 7
      vertex 20.71419353763394 6.996053456856544 7.225599820415748
    endloop
  endfacet
  facet normal 0.9822872507286878 0 -0.1873813145857287
    outer loop
      vertex 20.756550309968464 -6.996053456856544 7.447641796896739
      vertex 20.71419353763394 6.996053456856544 7.225599820415748
      vertex 20.756550309968464 6.996053456856544 7.447641796896739
    endloop
  endfacet
  facet normal 0.9510565162951534 0 -0.30901699437494784
    outer loop
      vertex 20.826402325401148 -6.996053456856544 7.6626241948324205
      vertex 20.756550309968464 6.996053456856544 7.447641796896739
      vertex 20.826402325401148 6.996053456856544 7.6626241948324205
    endloop
  endfacet
  facet normal 0.9048270524660211 0 -0.4257792915650691
    outer loop
      vertex 20.922647975921045 -6.996053456856544 7.867156613383088
      vertex 20.826402325401148 6.996053456856544 7.6626241948324205
      vertex 20.922647975921045 6.996053456856544 7.867156613383088
    endloop
  endfacet
  facet normal 0.8443279255020135 0 -0.5358267949789991
    outer loop
      vertex 21.043769410125094 -6.996053456856544 8.058013454126451
      vertex 20.922647975921045 6.996053456856544 7.867156613383088
      vertex 21.043769410125094 6.996053456856544 8.058013454126451
    endloop
  endfacet
  facet normal 0.7705132427757856 0 -0.6374239897486942
    outer loop
      vertex 21.18785647064146 -6.996053456856544 8.232184790671639
      vertex 21.043769410125094 6.996053456856544 8.058013454126451
      vertex 21.18785647064146 6.996053456856544 8.232184790671639
    endloop
  endfacet
  facet normal 0.6845471059286872 0 -0.7289686274214128
    outer loop
      vertex 21.35263681845236 -6.996053456856544 8.38692383699642
      vertex 21.18785647064146 6.996053456856544 8.232184790671639
      vertex 21.35263681845236 6.996053456856544 8.38692383699642
    endloop
  endfacet
  facet normal 0.5877852522924749 0 -0.8090169943749462
    outer loop
      vertex 21.535511769037807 -6.996053456856544 8.519790265903627
      vertex 21.35263681845236 6.996053456856544 8.38692383699642
      vertex 21.535511769037807 6.996053456856544 8.519790265903627
    endloop
  endfacet
  facet normal 0.4817536741017198 0 -0.876306680043861
    outer loop
      vertex 21.73359727518287 -6.996053456856544 8.628688694438836
      vertex 21.535511769037807 6.996053456856544 8.519790265903627
      vertex 21.73359727518287 6.996053456856544 8.628688694438836
    endloop
  endfacet
  facet normal 0.3681245526846778 0 -0.9297764858882515
    outer loop
      vertex 21.943769410125096 -6.996053456856544 8.711901729331277
      vertex 21.73359727518287 6.996053456856544 8.628688694438836
      vertex 21.943769410125096 6.996053456856544 8.711901729331277
    endloop
  endfacet
  facet normal 0.24868988716485224 0 -0.9685831611286317
    outer loop
      vertex 22.162713633745696 -6.996053456856544 8.76811705131164
      vertex 21.943769410125096 6.996053456856544 8.711901729331277
      vertex 22.162713633745696 6.996053456856544 8.76811705131164
    endloop
  endfacet
  facet normal -0.24868988716485224 0 -0.9685831611286317
    outer loop
      vertex 23.056230589874904 -6.996053456856544 8.711901729331277
      vertex 22.837286366254304 6.996053456856544 8.76811705131164
      vertex 23.056230589874904 6.996053456856544 8.711901729331277
    endloop
  endfacet
  facet normal -0.9822872507286878 0 -0.1873813145857287
    outer loop
      vertex 24.28580646236606 -6.996053456856544 7.225599820415748
      vertex 24.243449690031536 6.996053456856544 7.447641796896739
      vertex 24.28580646236606 6.996053456856544 7.225599820415748
    endloop
  endfacet
  facet normal -0.9980267284282716 0 -0.06279051952931251
    outer loop
      vertex 24.3 -6.996053456856544 7
      vertex 24.28580646236606 6.996053456856544 7.225599820415748
      vertex 24.3 6.996053456856544 7
    endloop
  endfacet
  facet normal -0.9510565162951534 0 -0.30901699437494784
    outer loop
      vertex 24.243449690031536 -6.996053456856544 7.447641796896739
      vertex 24.173597674598852 6.996053456856544 7.6626241948324205
      vertex 24.243449690031536 6.996053456856544 7.447641796896739
    endloop
  endfacet
  facet normal -0.9048270524660211 0 -0.4257792915650691
    outer loop
      vertex 24.173597674598852 -6.996053456856544 7.6626241948324205
      vertex 24.077352024078955 6.996053456856544 7.867156613383088
      vertex 24.173597674598852 6.996053456856544 7.6626241948324205
    endloop
  endfacet
  facet normal -0.8443279255020135 0 -0.5358267949789991
    outer loop
      vertex 24.077352024078955 -6.996053456856544 7.867156613383088
      vertex 23.956230589874906 6.996053456856544 8.058013454126451
      vertex 24.077352024078955 6.996053456856544 7.867156613383088
    endloop
  endfacet
  facet normal -0.7705132427757888 0 -0.6374239897486904
    outer loop
      vertex 23.956230589874906 -6.996053456856544 8.058013454126451
      vertex 23.81214352935854 6.996053456856544 8.23218479067164
      vertex 23.956230589874906 6.996053456856544 8.058013454126451
    endloop
  endfacet
  facet normal -0.684547105928691 0 -0.7289686274214093
    outer loop
      vertex 23.81214352935854 -6.996053456856544 8.23218479067164
      vertex 23.647363181547643 6.996053456856544 8.38692383699642
      vertex 23.81214352935854 6.996053456856544 8.23218479067164
    endloop
  endfacet
  facet normal -0.5877852522924674 0 -0.8090169943749516
    outer loop
      vertex 23.647363181547643 -6.996053456856544 8.38692383699642
      vertex 23.464488230962193 6.996053456856544 8.519790265903627
      vertex 23.647363181547643 6.996053456856544 8.38692383699642
    endloop
  endfacet
  facet normal -0.4817536741017198 0 -0.876306680043861
    outer loop
      vertex 23.464488230962193 -6.996053456856544 8.519790265903627
      vertex 23.26640272481713 6.996053456856544 8.628688694438836
      vertex 23.464488230962193 6.996053456856544 8.519790265903627
    endloop
  endfacet
  facet normal -0.3681245526846778 0 -0.9297764858882515
    outer loop
      vertex 23.26640272481713 -6.996053456856544 8.628688694438836
      vertex 23.056230589874904 6.996053456856544 8.711901729331277
      vertex 23.26640272481713 6.996053456856544 8.628688694438836
    endloop
  endfacet
  facet normal 0.12533323356430603 0 -0.9921147013144777
    outer loop
      vertex 22.386977064847237 -6.996053456856544 8.79644811117089
      vertex 22.162713633745696 6.996053456856544 8.76811705131164
      vertex 22.386977064847237 6.996053456856544 8.79644811117089
    endloop
  endfacet
  facet normal 0 0 -1
    outer loop
      vertex 22.613022935152763 -6.996053456856544 8.79644811117089
      vertex 22.386977064847237 6.996053456856544 8.79644811117089
      vertex 22.613022935152763 6.996053456856544 8.79644811117089
    endloop
  endfacet
  facet normal -0.12533323356430603 0 -0.9921147013144777
    outer loop
      vertex 22.837286366254304 -6.996053456856544 8.76811705131164
      vertex 22.613022935152763 6.996053456856544 8.79644811117089
      vertex 22.837286366254304 6.996053456856544 8.76811705131164
    endloop
  endfacet
  facet normal 0.6845471059286905 0.7289686274214099 0
    outer loop
      vertex 27.92837203331676 -2.5041680390213155 0
      vertex 27.630851960880413 -2.224778094268238 0
      vertex 27.630851960880413 -2.224778094268238 14
    endloop
  endfacet
  facet normal 0.770513242775788 0.6374239897486911 0
    outer loop
      vertex 27.630851960880413 -2.224778094268238 0
      vertex 27.37069476828142 -1.9103020699505378 0
      vertex 27.37069476828142 -1.9103020699505378 14
    endloop
  endfacet
  facet normal 0.844327925502015 0.5358267949789968 0
    outer loop
      vertex 27.37069476828142 -1.9103020699505378 0
      vertex 27.152003289857443 -1.5656994408305749 0
      vertex 27.152003289857443 -1.5656994408305749 14
    endloop
  endfacet
  facet normal 0.9048270524660204 0.42577929156507105 0
    outer loop
      vertex 27.152003289857443 -1.5656994408305749 0
      vertex 26.978226420863184 -1.1964047962252031 0
      vertex 26.978226420863184 -1.1964047962252031 14
    endloop
  endfacet
  facet normal 0.9510565162951524 0.30901699437495106 0
    outer loop
      vertex 26.978226420863184 -1.1964047962252031 0
      vertex 26.852104726331948 -0.8082421332857783 0
      vertex 26.852104726331948 -0.8082421332857783 14
    endloop
  endfacet
  facet normal 0.9822872507286895 0.18738131458572027 0
    outer loop
      vertex 26.852104726331948 -0.8082421332857783 0
      vertex 26.775627220727948 -0.40733300908398823 0
      vertex 26.775627220727948 -0.40733300908398823 14
    endloop
  endfacet
  facet normal 0.9980267284282713 0.06279051952931575 0
    outer loop
      vertex 26.775627220727948 -0.40733300908398823 0
      vertex 26.75 0 0
      vertex 26.75 0 14
    endloop
  endfacet
  facet normal 0.24868988716485427 0.9685831611286312 0
    outer loop
      vertex 28.99569476828142 -3.090933677959249 0
      vertex 28.99569476828142 -3.090933677959249 14
      vertex 29.391010727596395 -3.192433564868238 0
    endloop
  endfacet
  facet normal 0.12533323356430562 0.9921147013144777 0
    outer loop
      vertex 29.391010727596395 -3.192433564868238 0
      vertex 29.391010727596395 -3.192433564868238 14
      vertex 29.79593081152973 -3.2435868673918824 0
    endloop
  endfacet
  facet normal 0 1 0
    outer loop
      vertex 29.79593081152973 -3.2435868673918824 0
      vertex 29.79593081152973 -3.2435868673918824 14
      vertex 30.20406918847027 -3.2435868673918824 0
    endloop
  endfacet
  facet normal 0.36812455268467653 0.9297764858882519 0
    outer loop
      vertex 28.616217302413514 -2.9406879205145637 0
      vertex 28.616217302413514 -2.9406879205145637 14
      vertex 28.99569476828142 -3.090933677959249 0
    endloop
  endfacet
  facet normal 0.48175367410171754 0.8763066800438623 0
    outer loop
      vertex 28.25856291631826 -2.7440657578815486 0
      vertex 28.25856291631826 -2.7440657578815486 14
      vertex 28.616217302413514 -2.9406879205145637 0
    endloop
  endfacet
  facet normal -0.12533323356430562 0.9921147013144777 0
    outer loop
      vertex 30.20406918847027 -3.2435868673918824 0
      vertex 30.20406918847027 -3.2435868673918824 14
      vertex 30.608989272403605 -3.192433564868238 0
    endloop
  endfacet
  facet normal -0.24868988716485427 0.9685831611286312 0
    outer loop
      vertex 30.608989272403605 -3.192433564868238 0
      vertex 30.608989272403605 -3.192433564868238 14
      vertex 31.00430523171858 -3.090933677959249 0
    endloop
  endfacet
  facet normal -0.36812455268467653 0.9297764858882519 0
    outer loop
      vertex 31.00430523171858 -3.090933677959249 0
      vertex 31.00430523171858 -3.090933677959249 14
      vertex 31.383782697586486 -2.9406879205145637 0
    endloop
  endfacet
  facet normal -0.4817536741017159 0.8763066800438633 0
    outer loop
      vertex 31.383782697586486 -2.9406879205145637 0
      vertex 31.383782697586486 -2.9406879205145637 14
      vertex 31.74143708368174 -2.7440657578815495 0
    endloop
  endfacet
  facet normal -0.5877852522924706 0.8090169943749492 0
    outer loop
      vertex 31.74143708368174 -2.7440657578815495 0
      vertex 31.74143708368174 -2.7440657578815495 14
      vertex 32.071627966683245 -2.504168039021314 0
    endloop
  endfacet
  facet normal 0.5877852522924712 0.8090169943749489 0
    outer loop
      vertex 27.92837203331676 -2.5041680390213155 0
      vertex 27.92837203331676 -2.5041680390213155 14
      vertex 28.25856291631826 -2.7440657578815486 0
    endloop
  endfacet
  facet normal -0.6845471059286931 0.7289686274214074 0
    outer loop
      vertex 32.071627966683245 -2.504168039021314 0
      vertex 32.071627966683245 -2.504168039021314 14
      vertex 32.36914803911959 -2.224778094268238 0
    endloop
  endfacet
  facet normal -0.7705132427757924 0.637423989748686 0
    outer loop
      vertex 32.36914803911959 -2.224778094268238 0
      vertex 32.36914803911959 -2.224778094268238 14
      vertex 32.629305231718575 -1.9103020699505378 0
    endloop
  endfacet
  facet normal -0.844327925502015 0.5358267949789968 0
    outer loop
      vertex 32.84799671014255 -1.5656994408305749 0
      vertex 32.629305231718575 -1.9103020699505378 0
      vertex 32.629305231718575 -1.9103020699505378 14
    endloop
  endfacet
  facet normal -0.9048270524660128 0.42577929156508665 0
    outer loop
      vertex 33.02177357913682 -1.1964047962252047 0
      vertex 32.84799671014255 -1.5656994408305749 0
      vertex 32.84799671014255 -1.5656994408305749 14
    endloop
  endfacet
  facet normal -0.9510565162951582 0.30901699437493313 0
    outer loop
      vertex 33.14789527366805 -0.8082421332857769 0
      vertex 33.02177357913682 -1.1964047962252047 0
      vertex 33.02177357913682 -1.1964047962252047 14
    endloop
  endfacet
  facet normal -0.9822872507286877 0.18738131458572935 0
    outer loop
      vertex 33.22437277927205 -0.40733300908398823 0
      vertex 33.14789527366805 -0.8082421332857769 0
      vertex 33.14789527366805 -0.8082421332857769 14
    endloop
  endfacet
  facet normal -0.9980267284282713 0.06279051952931575 0
    outer loop
      vertex 33.22437277927205 -0.40733300908398823 0
      vertex 33.22437277927205 -0.40733300908398823 14
      vertex 33.25 0 0
    endloop
  endfacet
  facet normal 0.770513242775788 0.6374239897486911 0
    outer loop
      vertex 27.630851960880413 -2.224778094268238 0
      vertex 27.37069476828142 -1.9103020699505378 14
      vertex 27.630851960880413 -2.224778094268238 14
    endloop
  endfacet
  facet normal 0.844327925502015 0.5358267949789968 0
    outer loop
      vertex 27.37069476828142 -1.9103020699505378 0
      vertex 27.152003289857443 -1.5656994408305749 14
      vertex 27.37069476828142 -1.9103020699505378 14
    endloop
  endfacet
  facet normal 0.9048270524660204 0.42577929156507105 0
    outer loop
      vertex 27.152003289857443 -1.5656994408305749 0
      vertex 26.978226420863184 -1.1964047962252031 14
      vertex 27.152003289857443 -1.5656994408305749 14
    endloop
  endfacet
  facet normal 0.9510565162951524 0.30901699437495106 0
    outer loop
      vertex 26.978226420863184 -1.1964047962252031 0
      vertex 26.852104726331948 -0.8082421332857783 14
      vertex 26.978226420863184 -1.1964047962252031 14
    endloop
  endfacet
  facet normal 0.9822872507286895 0.18738131458572027 0
    outer loop
      vertex 26.852104726331948 -0.8082421332857783 0
      vertex 26.775627220727948 -0.40733300908398823 14
      vertex 26.852104726331948 -0.8082421332857783 14
    endloop
  endfacet
  facet normal 0.9980267284282713 0.06279051952931575 0
    outer loop
      vertex 26.775627220727948 -0.40733300908398823 0
      vertex 26.75 0 14
      vertex 26.775627220727948 -0.40733300908398823 14
    endloop
  endfacet
  facet normal 0.24868988716485427 0.9685831611286312 0
    outer loop
      vertex 29.391010727596395 -3.192433564868238 0
      vertex 28.99569476828142 -3.090933677959249 14
      vertex 29.391010727596395 -3.192433564868238 14
    endloop
  endfacet
  facet normal 0.12533323356430562 0.9921147013144777 0
    outer loop
      vertex 29.79593081152973 -3.2435868673918824 0
      vertex 29.391010727596395 -3.192433564868238 14
      vertex 29.79593081152973 -3.2435868673918824 14
    endloop
  endfacet
  facet normal 0.36812455268467653 0.9297764858882519 0
    outer loop
      vertex 28.99569476828142 -3.090933677959249 0
      vertex 28.616217302413514 -2.9406879205145637 14
      vertex 28.99569476828142 -3.090933677959249 14
    endloop
  endfacet
  facet normal 0.48175367410171754 0.8763066800438623 0
    outer loop
      vertex 28.616217302413514 -2.9406879205145637 0
      vertex 28.25856291631826 -2.7440657578815486 14
      vertex 28.616217302413514 -2.9406879205145637 14
    endloop
  endfacet
  facet normal 0.5877852522924712 0.8090169943749489 0
    outer loop
      vertex 28.25856291631826 -2.7440657578815486 0
      vertex 27.92837203331676 -2.5041680390213155 14
      vertex 28.25856291631826 -2.7440657578815486 14
    endloop
  endfacet
  facet normal 0 1 0
    outer loop
      vertex 30.20406918847027 -3.2435868673918824 0
      vertex 29.79593081152973 -3.2435868673918824 14
      vertex 30.20406918847027 -3.2435868673918824 14
    endloop
  endfacet
  facet normal -0.12533323356430562 0.9921147013144777 0
    outer loop
      vertex 30.608989272403605 -3.192433564868238 0
      vertex 30.20406918847027 -3.2435868673918824 14
      vertex 30.608989272403605 -3.192433564868238 14
    endloop
  endfacet
  facet normal -0.24868988716485427 0.9685831611286312 0
    outer loop
      vertex 31.00430523171858 -3.090933677959249 0
      vertex 30.608989272403605 -3.192433564868238 14
      vertex 31.00430523171858 -3.090933677959249 14
    endloop
  endfacet
  facet normal -0.36812455268467653 0.9297764858882519 0
    outer loop
      vertex 31.383782697586486 -2.9406879205145637 0
      vertex 31.00430523171858 -3.090933677959249 14
      vertex 31.383782697586486 -2.9406879205145637 14
    endloop
  endfacet
  facet normal -0.4817536741017159 0.8763066800438633 0
    outer loop
      vertex 31.74143708368174 -2.7440657578815495 0
      vertex 31.383782697586486 -2.9406879205145637 14
      vertex 31.74143708368174 -2.7440657578815495 14
    endloop
  endfacet
  facet normal 0.6845471059286905 0.7289686274214099 0
    outer loop
      vertex 27.92837203331676 -2.5041680390213155 0
      vertex 27.630851960880413 -2.224778094268238 14
      vertex 27.92837203331676 -2.5041680390213155 14
    endloop
  endfacet
  facet normal -0.5877852522924706 0.8090169943749492 0
    outer loop
      vertex 32.071627966683245 -2.504168039021314 0
      vertex 31.74143708368174 -2.7440657578815495 14
      vertex 32.071627966683245 -2.504168039021314 14
    endloop
  endfacet
  facet normal -0.6845471059286931 0.7289686274214074 0
    outer loop
      vertex 32.36914803911959 -2.224778094268238 0
      vertex 32.071627966683245 -2.504168039021314 14
      vertex 32.36914803911959 -2.224778094268238 14
    endloop
  endfacet
  facet normal -0.7705132427757924 0.637423989748686 0
    outer loop
      vertex 32.629305231718575 -1.9103020699505378 0
      vertex 32.36914803911959 -2.224778094268238 14
      vertex 32.629305231718575 -1.9103020699505378 14
    endloop
  endfacet
  facet normal -0.844327925502015 0.5358267949789968 0
    outer loop
      vertex 32.84799671014255 -1.5656994408305749 0
      vertex 32.629305231718575 -1.9103020699505378 14
      vertex 32.84799671014255 -1.5656994408305749 14
    endloop
  endfacet
  facet normal -0.9048270524660128 0.42577929156508665 0
    outer loop
      vertex 33.02177357913682 -1.1964047962252047 0
      vertex 32.84799671014255 -1.5656994408305749 14
      vertex 33.02177357913682 -1.1964047962252047 14
    endloop
  endfacet
  facet normal -0.9510565162951582 0.30901699437493313 0
    outer loop
      vertex 33.14789527366805 -0.8082421332857769 0
      vertex 33.02177357913682 -1.1964047962252047 14
      vertex 33.14789527366805 -0.8082421332857769 14
    endloop
  endfacet
  facet normal -0.9822872507286877 0.18738131458572935 0
    outer loop
      vertex 33.22437277927205 -0.40733300908398823 0
      vertex 33.14789527366805 -0.8082421332857769 14
      vertex 33.22437277927205 -0.40733300908398823 14
    endloop
  endfacet
  facet normal -0.9980267284282713 0.06279051952931575 0
    outer loop
      vertex 33.25 0 0
      vertex 33.22437277927205 -0.40733300908398823 14
      vertex 33.25 0 14
    endloop
  endfacet
  facet normal 0.9980267284282713 -0.06279051952931575 0
    outer loop
      vertex 26.75 0 0
      vertex 26.775627220727948 0.40733300908398823 0
      vertex 26.775627220727948 0.40733300908398823 14
    endloop
  endfacet
  facet normal 0.9822872507286895 -0.18738131458572027 0
    outer loop
      vertex 26.775627220727948 0.40733300908398823 0
      vertex 26.852104726331948 0.8082421332857783 0
      vertex 26.852104726331948 0.8082421332857783 14
    endloop
  endfacet
  facet normal 0.9510565162951524 -0.30901699437495106 0
    outer loop
      vertex 26.852104726331948 0.8082421332857783 0
      vertex 26.978226420863184 1.1964047962252031 0
      vertex 26.978226420863184 1.1964047962252031 14
    endloop
  endfacet
  facet normal 0.9048270524660204 -0.42577929156507105 0
    outer loop
      vertex 26.978226420863184 1.1964047962252031 0
      vertex 27.152003289857443 1.5656994408305749 0
      vertex 27.152003289857443 1.5656994408305749 14
    endloop
  endfacet
  facet normal 0.844327925502015 -0.5358267949789968 0
    outer loop
      vertex 27.152003289857443 1.5656994408305749 0
      vertex 27.37069476828142 1.9103020699505378 0
      vertex 27.37069476828142 1.9103020699505378 14
    endloop
  endfacet
  facet normal 0.770513242775788 -0.6374239897486911 0
    outer loop
      vertex 27.37069476828142 1.9103020699505378 0
      vertex 27.630851960880413 2.224778094268238 0
      vertex 27.630851960880413 2.224778094268238 14
    endloop
  endfacet
  facet normal -0.9980267284282713 -0.06279051952931565 0
    outer loop
      vertex 33.25 0 0
      vertex 33.25 0 14
      vertex 33.22437277927205 0.40733300908398884 0
    endloop
  endfacet
  facet normal -0.9822872507286878 -0.18738131458572904 0
    outer loop
      vertex 33.14789527366805 0.8082421332857781 0
      vertex 33.22437277927205 0.40733300908398884 0
      vertex 33.22437277927205 0.40733300908398884 14
    endloop
  endfacet
  facet normal -0.9510565162951575 -0.309016994374935 0
    outer loop
      vertex 33.02177357913682 1.1964047962252033 0
      vertex 33.14789527366805 0.8082421332857781 0
      vertex 33.14789527366805 0.8082421332857781 14
    endloop
  endfacet
  facet normal -0.9048270524660135 -0.42577929156508554 0
    outer loop
      vertex 32.84799671014255 1.5656994408305749 0
      vertex 33.02177357913682 1.1964047962252033 0
      vertex 33.02177357913682 1.1964047962252033 14
    endloop
  endfacet
  facet normal -0.844327925502015 -0.5358267949789968 0
    outer loop
      vertex 32.629305231718575 1.9103020699505378 0
      vertex 32.84799671014255 1.5656994408305749 0
      vertex 32.84799671014255 1.5656994408305749 14
    endloop
  endfacet
  facet normal 0.6845471059286905 -0.7289686274214099 0
    outer loop
      vertex 27.92837203331676 2.5041680390213155 0
      vertex 27.92837203331676 2.5041680390213155 14
      vertex 27.630851960880413 2.224778094268238 0
    endloop
  endfacet
  facet normal -0.6845471059286931 -0.7289686274214074 0
    outer loop
      vertex 32.36914803911959 2.2247780942682382 0
      vertex 32.36914803911959 2.2247780942682382 14
      vertex 32.071627966683245 2.5041680390213146 0
    endloop
  endfacet
  facet normal -0.5877852522924691 -0.8090169943749502 0
    outer loop
      vertex 32.071627966683245 2.5041680390213146 0
      vertex 32.071627966683245 2.5041680390213146 14
      vertex 31.74143708368174 2.744065757881549 0
    endloop
  endfacet
  facet normal 0.5877852522924712 -0.8090169943749489 0
    outer loop
      vertex 28.25856291631826 2.7440657578815486 0
      vertex 28.25856291631826 2.7440657578815486 14
      vertex 27.92837203331676 2.5041680390213155 0
    endloop
  endfacet
  facet normal 0.48175367410171677 -0.8763066800438628 0
    outer loop
      vertex 28.616217302413514 2.9406879205145633 0
      vertex 28.616217302413514 2.9406879205145633 14
      vertex 28.25856291631826 2.7440657578815486 0
    endloop
  endfacet
  facet normal 0.3681245526846775 -0.9297764858882516 0
    outer loop
      vertex 28.99569476828142 3.090933677959249 0
      vertex 28.99569476828142 3.090933677959249 14
      vertex 28.616217302413514 2.9406879205145633 0
    endloop
  endfacet
  facet normal 0.24868988716485532 -0.9685831611286311 0
    outer loop
      vertex 29.391010727596395 3.1924335648682383 0
      vertex 29.391010727596395 3.1924335648682383 14
      vertex 28.99569476828142 3.090933677959249 0
    endloop
  endfacet
  facet normal 0.12533323356430348 -0.992114701314478 0
    outer loop
      vertex 29.795930811529733 3.2435868673918824 0
      vertex 29.795930811529733 3.2435868673918824 14
      vertex 29.391010727596395 3.1924335648682383 0
    endloop
  endfacet
  facet normal -0.4817536741017159 -0.8763066800438633 0
    outer loop
      vertex 31.74143708368174 2.744065757881549 0
      vertex 31.74143708368174 2.744065757881549 14
      vertex 31.383782697586486 2.9406879205145633 0
    endloop
  endfacet
  facet normal -0.3681245526846775 -0.9297764858882516 0
    outer loop
      vertex 31.383782697586486 2.9406879205145633 0
      vertex 31.383782697586486 2.9406879205145633 14
      vertex 31.00430523171858 3.090933677959249 0
    endloop
  endfacet
  facet normal 0 -1 0
    outer loop
      vertex 30.204069188470267 3.2435868673918824 0
      vertex 30.204069188470267 3.2435868673918824 14
      vertex 29.795930811529733 3.2435868673918824 0
    endloop
  endfacet
  facet normal -0.12533323356430348 -0.992114701314478 0
    outer loop
      vertex 30.608989272403605 3.1924335648682383 0
      vertex 30.608989272403605 3.1924335648682383 14
      vertex 30.204069188470267 3.2435868673918824 0
    endloop
  endfacet
  facet normal -0.24868988716485532 -0.9685831611286311 0
    outer loop
      vertex 31.00430523171858 3.090933677959249 0
      vertex 31.00430523171858 3.090933677959249 14
      vertex 30.608989272403605 3.1924335648682383 0
    endloop
  endfacet
  facet normal -0.7705132427757927 -0.6374239897486855 0
    outer loop
      vertex 32.36914803911959 2.2247780942682382 0
      vertex 32.629305231718575 1.9103020699505378 0
      vertex 32.629305231718575 1.9103020699505378 14
    endloop
  endfacet
  facet normal 0.9980267284282713 -0.06279051952931575 0
    outer loop
      vertex 26.75 0 0
      vertex 26.775627220727948 0.40733300908398823 14
      vertex 26.75 0 14
    endloop
  endfacet
  facet normal 0.9822872507286895 -0.18738131458572027 0
    outer loop
      vertex 26.775627220727948 0.40733300908398823 0
      vertex 26.852104726331948 0.8082421332857783 14
      vertex 26.775627220727948 0.40733300908398823 14
    endloop
  endfacet
  facet normal 0.9510565162951524 -0.30901699437495106 0
    outer loop
      vertex 26.852104726331948 0.8082421332857783 0
      vertex 26.978226420863184 1.1964047962252031 14
      vertex 26.852104726331948 0.8082421332857783 14
    endloop
  endfacet
  facet normal 0.9048270524660204 -0.42577929156507105 0
    outer loop
      vertex 26.978226420863184 1.1964047962252031 0
      vertex 27.152003289857443 1.5656994408305749 14
      vertex 26.978226420863184 1.1964047962252031 14
    endloop
  endfacet
  facet normal 0.844327925502015 -0.5358267949789968 0
    outer loop
      vertex 27.152003289857443 1.5656994408305749 0
      vertex 27.37069476828142 1.9103020699505378 14
      vertex 27.152003289857443 1.5656994408305749 14
    endloop
  endfacet
  facet normal 0.770513242775788 -0.6374239897486911 0
    outer loop
      vertex 27.37069476828142 1.9103020699505378 0
      vertex 27.630851960880413 2.224778094268238 14
      vertex 27.37069476828142 1.9103020699505378 14
    endloop
  endfacet
  facet normal 0.6845471059286905 -0.7289686274214099 0
    outer loop
      vertex 27.630851960880413 2.224778094268238 0
      vertex 27.92837203331676 2.5041680390213155 14
      vertex 27.630851960880413 2.224778094268238 14
    endloop
  endfacet
  facet normal -0.9980267284282713 -0.06279051952931565 0
    outer loop
      vertex 33.22437277927205 0.40733300908398884 0
      vertex 33.25 0 14
      vertex 33.22437277927205 0.40733300908398884 14
    endloop
  endfacet
  facet normal -0.9822872507286878 -0.18738131458572904 0
    outer loop
      vertex 33.14789527366805 0.8082421332857781 0
      vertex 33.22437277927205 0.40733300908398884 14
      vertex 33.14789527366805 0.8082421332857781 14
    endloop
  endfacet
  facet normal -0.9510565162951575 -0.309016994374935 0
    outer loop
      vertex 33.02177357913682 1.1964047962252033 0
      vertex 33.14789527366805 0.8082421332857781 14
      vertex 33.02177357913682 1.1964047962252033 14
    endloop
  endfacet
  facet normal -0.9048270524660135 -0.42577929156508554 0
    outer loop
      vertex 32.84799671014255 1.5656994408305749 0
      vertex 33.02177357913682 1.1964047962252033 14
      vertex 32.84799671014255 1.5656994408305749 14
    endloop
  endfacet
  facet normal 0.5877852522924712 -0.8090169943749489 0
    outer loop
      vertex 27.92837203331676 2.5041680390213155 0
      vertex 28.25856291631826 2.7440657578815486 14
      vertex 27.92837203331676 2.5041680390213155 14
    endloop
  endfacet
  facet normal -0.6845471059286931 -0.7289686274214074 0
    outer loop
      vertex 32.071627966683245 2.5041680390213146 0
      vertex 32.36914803911959 2.2247780942682382 14
      vertex 32.071627966683245 2.5041680390213146 14
    endloop
  endfacet
  facet normal 0.48175367410171677 -0.8763066800438628 0
    outer loop
      vertex 28.25856291631826 2.7440657578815486 0
      vertex 28.616217302413514 2.9406879205145633 14
      vertex 28.25856291631826 2.7440657578815486 14
    endloop
  endfacet
  facet normal 0.3681245526846775 -0.9297764858882516 0
    outer loop
      vertex 28.616217302413514 2.9406879205145633 0
      vertex 28.99569476828142 3.090933677959249 14
      vertex 28.616217302413514 2.9406879205145633 14
    endloop
  endfacet
  facet normal 0.24868988716485532 -0.9685831611286311 0
    outer loop
      vertex 28.99569476828142 3.090933677959249 0
      vertex 29.391010727596395 3.1924335648682383 14
      vertex 28.99569476828142 3.090933677959249 14
    endloop
  endfacet
  facet normal 0.12533323356430348 -0.992114701314478 0
    outer loop
      vertex 29.391010727596395 3.1924335648682383 0
      vertex 29.795930811529733 3.2435868673918824 14
      vertex 29.391010727596395 3.1924335648682383 14
    endloop
  endfacet
  facet normal 0 -1 0
    outer loop
      vertex 29.795930811529733 3.2435868673918824 0
      vertex 30.204069188470267 3.2435868673918824 14
      vertex 29.795930811529733 3.2435868673918824 14
    endloop
  endfacet
  facet normal -0.3681245526846775 -0.9297764858882516 0
    outer loop
      vertex 31.00430523171858 3.090933677959249 0
      vertex 31.383782697586486 2.9406879205145633 14
      vertex 31.00430523171858 3.090933677959249 14
    endloop
  endfacet
  facet normal -0.5877852522924691 -0.8090169943749502 0
    outer loop
      vertex 31.74143708368174 2.744065757881549 0
      vertex 32.071627966683245 2.5041680390213146 14
      vertex 31.74143708368174 2.744065757881549 14
    endloop
  endfacet
  facet normal -0.4817536741017159 -0.8763066800438633 0
    outer loop
      vertex 31.383782697586486 2.9406879205145633 0
      vertex 31.74143708368174 2.744065757881549 14
      vertex 31.383782697586486 2.9406879205145633 14
    endloop
  endfacet
  facet normal -0.12533323356430348 -0.992114701314478 0
    outer loop
      vertex 30.204069188470267 3.2435868673918824 0
      vertex 30.608989272403605 3.1924335648682383 14
      vertex 30.204069188470267 3.2435868673918824 14
    endloop
  endfacet
  facet normal -0.24868988716485532 -0.9685831611286311 0
    outer loop
      vertex 30.608989272403605 3.1924335648682383 0
      vertex 31.00430523171858 3.090933677959249 14
      vertex 30.608989272403605 3.1924335648682383 14
    endloop
  endfacet
  facet normal -0.844327925502015 -0.5358267949789968 0
    outer loop
      vertex 32.629305231718575 1.9103020699505378 0
      vertex 32.84799671014255 1.5656994408305749 14
      vertex 32.629305231718575 1.9103020699505378 14
    endloop
  endfacet
  facet normal -0.7705132427757927 -0.6374239897486855 0
    outer loop
      vertex 32.36914803911959 2.2247780942682382 0
      vertex 32.629305231718575 1.9103020699505378 14
      vertex 32.36914803911959 2.2247780942682382 14
    endloop
  endfacet
endsolid OpenSCAD_Model
